[2026-08-08 06:32:56] local.ERROR: could not find driver (Connection: sqlite, Database: /home/zein/surat-ibrahimy/database/database.sqlite, SQL: select exists (select 1 from "main".sqlite_master where name = 'migrations' and type = 'table') as "exists") {"exception":"[object] (Illuminate\\Database\\QueryException(code: 0): could not find driver (Connection: sqlite, Database: /home/zein/surat-ibrahimy/database/database.sqlite, SQL: select exists (select 1 from \"main\".sqlite_master where name = 'migrations' and type = 'table') as \"exists\") at /home/zein/surat-ibrahimy/vendor/laravel/framework/src/Illuminate/Database/Connection.php:841)
[stacktrace]
#0 /home/zein/surat-ibrahimy/vendor/laravel/framework/src/Illuminate/Database/Connection.php(797): Illuminate\\Database\\Connection->runQueryCallback()
#1 /home/zein/surat-ibrahimy/vendor/laravel/framework/src/Illuminate/Database/Connection.php(412): Illuminate\\Database\\Connection->run()
#2 /home/zein/surat-ibrahimy/vendor/laravel/framework/src/Illuminate/Database/Connection.php(357): Illuminate\\Database\\Connection->select()
#3 /home/zein/surat-ibrahimy/vendor/laravel/framework/src/Illuminate/Database/Connection.php(374): Illuminate\\Database\\Connection->selectOne()
#4 /home/zein/surat-ibrahimy/vendor/laravel/framework/src/Illuminate/Database/Schema/Builder.php(176): Illuminate\\Database\\Connection->scalar()
#5 /home/zein/surat-ibrahimy/vendor/laravel/framework/src/Illuminate/Database/Migrations/DatabaseMigrationRepository.php(185): Illuminate\\Database\\Schema\\Builder->hasTable()
#6 /home/zein/surat-ibrahimy/vendor/laravel/framework/src/Illuminate/Database/Migrations/Migrator.php(758): Illuminate\\Database\\Migrations\\DatabaseMigrationRepository->repositoryExists()
#7 /home/zein/surat-ibrahimy/vendor/laravel/framework/src/Illuminate/Database/Console/Migrations/MigrateCommand.php(166): Illuminate\\Database\\Migrations\\Migrator->repositoryExists()
#8 /home/zein/surat-ibrahimy/vendor/laravel/framework/src/Illuminate/Support/helpers.php(328): Illuminate\\Database\\Console\\Migrations\\MigrateCommand->{closure:Illuminate\\Database\\Console\\Migrations\\MigrateCommand::repositoryExists():166}()
#9 /home/zein/surat-ibrahimy/vendor/laravel/framework/src/Illuminate/Database/Console/Migrations/MigrateCommand.php(166): retry()
#10 /home/zein/surat-ibrahimy/vendor/laravel/framework/src/Illuminate/Database/Console/Migrations/MigrateCommand.php(142): Illuminate\\Database\\Console\\Migrations\\MigrateCommand->repositoryExists()
#11 /home/zein/surat-ibrahimy/vendor/laravel/framework/src/Illuminate/Database/Console/Migrations/MigrateCommand.php(112): Illuminate\\Database\\Console\\Migrations\\MigrateCommand->prepareDatabase()
#12 /home/zein/surat-ibrahimy/vendor/laravel/framework/src/Illuminate/Database/Migrations/Migrator.php(671): Illuminate\\Database\\Console\\Migrations\\MigrateCommand->{closure:Illuminate\\Database\\Console\\Migrations\\MigrateCommand::runMigrations():111}()
#13 /home/zein/surat-ibrahimy/vendor/laravel/framework/src/Illuminate/Database/Console/Migrations/MigrateCommand.php(111): Illuminate\\Database\\Migrations\\Migrator->usingConnection()
#14 /home/zein/surat-ibrahimy/vendor/laravel/framework/src/Illuminate/Database/Console/Migrations/MigrateCommand.php(90): Illuminate\\Database\\Console\\Migrations\\MigrateCommand->runMigrations()
#15 /home/zein/surat-ibrahimy/vendor/laravel/framework/src/Illuminate/Container/BoundMethod.php(36): Illuminate\\Database\\Console\\Migrations\\MigrateCommand->handle()
#16 /home/zein/surat-ibrahimy/vendor/laravel/framework/src/Illuminate/Container/Util.php(43): Illuminate\\Container\\BoundMethod::{closure:Illuminate\\Container\\BoundMethod::call():35}()
#17 /home/zein/surat-ibrahimy/vendor/laravel/framework/src/Illuminate/Container/BoundMethod.php(96): Illuminate\\Container\\Util::unwrapIfClosure()
#18 /home/zein/surat-ibrahimy/vendor/laravel/framework/src/Illuminate/Container/BoundMethod.php(35): Illuminate\\Container\\BoundMethod::callBoundMethod()
#19 /home/zein/surat-ibrahimy/vendor/laravel/framework/src/Illuminate/Container/Container.php(799): Illuminate\\Container\\BoundMethod::call()
#20 /home/zein/surat-ibrahimy/vendor/laravel/framework/src/Illuminate/Console/Command.php(280): Illuminate\\Container\\Container->call()
#21 /home/zein/surat-ibrahimy/vendor/symfony/console/Command/Command.php(341): Illuminate\\Console\\Command->execute()
#22 /home/zein/surat-ibrahimy/vendor/laravel/framework/src/Illuminate/Console/Command.php(249): Symfony\\Component\\Console\\Command\\Command->run()
#23 /home/zein/surat-ibrahimy/vendor/laravel/framework/src/Illuminate/Console/Concerns/CallsCommands.php(68): Illuminate\\Console\\Command->run()
#24 /home/zein/surat-ibrahimy/vendor/laravel/framework/src/Illuminate/Console/Concerns/CallsCommands.php(29): Illuminate\\Console\\Command->runCommand()
#25 /home/zein/surat-ibrahimy/vendor/laravel/framework/src/Illuminate/Database/Console/Migrations/FreshCommand.php(88): Illuminate\\Console\\Command->call()
#26 /home/zein/surat-ibrahimy/vendor/laravel/framework/src/Illuminate/Container/BoundMethod.php(36): Illuminate\\Database\\Console\\Migrations\\FreshCommand->handle()
#27 /home/zein/surat-ibrahimy/vendor/laravel/framework/src/Illuminate/Container/Util.php(43): Illuminate\\Container\\BoundMethod::{closure:Illuminate\\Container\\BoundMethod::call():35}()
#28 /home/zein/surat-ibrahimy/vendor/laravel/framework/src/Illuminate/Container/BoundMethod.php(96): Illuminate\\Container\\Util::unwrapIfClosure()
#29 /home/zein/surat-ibrahimy/vendor/laravel/framework/src/Illuminate/Container/BoundMethod.php(35): Illuminate\\Container\\BoundMethod::callBoundMethod()
#30 /home/zein/surat-ibrahimy/vendor/laravel/framework/src/Illuminate/Container/Container.php(799): Illuminate\\Container\\BoundMethod::call()
#31 /home/zein/surat-ibrahimy/vendor/laravel/framework/src/Illuminate/Console/Command.php(280): Illuminate\\Container\\Container->call()
#32 /home/zein/surat-ibrahimy/vendor/symfony/console/Command/Command.php(341): Illuminate\\Console\\Command->execute()
#33 /home/zein/surat-ibrahimy/vendor/laravel/framework/src/Illuminate/Console/Command.php(249): Symfony\\Component\\Console\\Command\\Command->run()
#34 /home/zein/surat-ibrahimy/vendor/symfony/console/Application.php(1117): Illuminate\\Console\\Command->run()
#35 /home/zein/surat-ibrahimy/vendor/symfony/console/Application.php(356): Symfony\\Component\\Console\\Application->doRunCommand()
#36 /home/zein/surat-ibrahimy/vendor/symfony/console/Application.php(195): Symfony\\Component\\Console\\Application->doRun()
#37 /home/zein/surat-ibrahimy/vendor/laravel/framework/src/Illuminate/Foundation/Console/Kernel.php(198): Symfony\\Component\\Console\\Application->run()
#38 /home/zein/surat-ibrahimy/vendor/laravel/framework/src/Illuminate/Foundation/Application.php(1235): Illuminate\\Foundation\\Console\\Kernel->handle()
#39 /home/zein/surat-ibrahimy/artisan(16): Illuminate\\Foundation\\Application->handleCommand()
#40 {main}

[previous exception] [object] (PDOException(code: 0): could not find driver at /home/zein/surat-ibrahimy/vendor/laravel/framework/src/Illuminate/Database/Connectors/Connector.php:67)
[stacktrace]
#0 /home/zein/surat-ibrahimy/vendor/laravel/framework/src/Illuminate/Database/Connectors/Connector.php(67): PDO::connect()
#1 /home/zein/surat-ibrahimy/vendor/laravel/framework/src/Illuminate/Database/Connectors/Connector.php(44): Illuminate\\Database\\Connectors\\Connector->createPdoConnection()
#2 /home/zein/surat-ibrahimy/vendor/laravel/framework/src/Illuminate/Database/Connectors/SQLiteConnector.php(21): Illuminate\\Database\\Connectors\\Connector->createConnection()
#3 /home/zein/surat-ibrahimy/vendor/laravel/framework/src/Illuminate/Database/Connectors/ConnectionFactory.php(225): Illuminate\\Database\\Connectors\\SQLiteConnector->connect()
#4 [internal function]: Illuminate\\Database\\Connectors\\ConnectionFactory->{closure:Illuminate\\Database\\Connectors\\ConnectionFactory::createPdoResolverWithoutHosts():225}()
#5 /home/zein/surat-ibrahimy/vendor/laravel/framework/src/Illuminate/Database/Connection.php(1279): call_user_func()
#6 /home/zein/surat-ibrahimy/vendor/laravel/framework/src/Illuminate/Database/Connection.php(1317): Illuminate\\Database\\Connection->getPdo()
#7 /home/zein/surat-ibrahimy/vendor/laravel/framework/src/Illuminate/Database/Connection.php(528): Illuminate\\Database\\Connection->getReadPdo()
#8 /home/zein/surat-ibrahimy/vendor/laravel/framework/src/Illuminate/Database/Connection.php(421): Illuminate\\Database\\Connection->getPdoForSelect()
#9 /home/zein/surat-ibrahimy/vendor/laravel/framework/src/Illuminate/Database/Connection.php(830): Illuminate\\Database\\Connection->{closure:Illuminate\\Database\\Connection::select():412}()
#10 /home/zein/surat-ibrahimy/vendor/laravel/framework/src/Illuminate/Database/Connection.php(797): Illuminate\\Database\\Connection->runQueryCallback()
#11 /home/zein/surat-ibrahimy/vendor/laravel/framework/src/Illuminate/Database/Connection.php(412): Illuminate\\Database\\Connection->run()
#12 /home/zein/surat-ibrahimy/vendor/laravel/framework/src/Illuminate/Database/Connection.php(357): Illuminate\\Database\\Connection->select()
#13 /home/zein/surat-ibrahimy/vendor/laravel/framework/src/Illuminate/Database/Connection.php(374): Illuminate\\Database\\Connection->selectOne()
#14 /home/zein/surat-ibrahimy/vendor/laravel/framework/src/Illuminate/Database/Schema/Builder.php(176): Illuminate\\Database\\Connection->scalar()
#15 /home/zein/surat-ibrahimy/vendor/laravel/framework/src/Illuminate/Database/Migrations/DatabaseMigrationRepository.php(185): Illuminate\\Database\\Schema\\Builder->hasTable()
#16 /home/zein/surat-ibrahimy/vendor/laravel/framework/src/Illuminate/Database/Migrations/Migrator.php(758): Illuminate\\Database\\Migrations\\DatabaseMigrationRepository->repositoryExists()
#17 /home/zein/surat-ibrahimy/vendor/laravel/framework/src/Illuminate/Database/Console/Migrations/MigrateCommand.php(166): Illuminate\\Database\\Migrations\\Migrator->repositoryExists()
#18 /home/zein/surat-ibrahimy/vendor/laravel/framework/src/Illuminate/Support/helpers.php(328): Illuminate\\Database\\Console\\Migrations\\MigrateCommand->{closure:Illuminate\\Database\\Console\\Migrations\\MigrateCommand::repositoryExists():166}()
#19 /home/zein/surat-ibrahimy/vendor/laravel/framework/src/Illuminate/Database/Console/Migrations/MigrateCommand.php(166): retry()
#20 /home/zein/surat-ibrahimy/vendor/laravel/framework/src/Illuminate/Database/Console/Migrations/MigrateCommand.php(142): Illuminate\\Database\\Console\\Migrations\\MigrateCommand->repositoryExists()
#21 /home/zein/surat-ibrahimy/vendor/laravel/framework/src/Illuminate/Database/Console/Migrations/MigrateCommand.php(112): Illuminate\\Database\\Console\\Migrations\\MigrateCommand->prepareDatabase()
#22 /home/zein/surat-ibrahimy/vendor/laravel/framework/src/Illuminate/Database/Migrations/Migrator.php(671): Illuminate\\Database\\Console\\Migrations\\MigrateCommand->{closure:Illuminate\\Database\\Console\\Migrations\\MigrateCommand::runMigrations():111}()
#23 /home/zein/surat-ibrahimy/vendor/laravel/framework/src/Illuminate/Database/Console/Migrations/MigrateCommand.php(111): Illuminate\\Database\\Migrations\\Migrator->usingConnection()
#24 /home/zein/surat-ibrahimy/vendor/laravel/framework/src/Illuminate/Database/Console/Migrations/MigrateCommand.php(90): Illuminate\\Database\\Console\\Migrations\\MigrateCommand->runMigrations()
#25 /home/zein/surat-ibrahimy/vendor/laravel/framework/src/Illuminate/Container/BoundMethod.php(36): Illuminate\\Database\\Console\\Migrations\\MigrateCommand->handle()
#26 /home/zein/surat-ibrahimy/vendor/laravel/framework/src/Illuminate/Container/Util.php(43): Illuminate\\Container\\BoundMethod::{closure:Illuminate\\Container\\BoundMethod::call():35}()
#27 /home/zein/surat-ibrahimy/vendor/laravel/framework/src/Illuminate/Container/BoundMethod.php(96): Illuminate\\Container\\Util::unwrapIfClosure()
#28 /home/zein/surat-ibrahimy/vendor/laravel/framework/src/Illuminate/Container/BoundMethod.php(35): Illuminate\\Container\\BoundMethod::callBoundMethod()
#29 /home/zein/surat-ibrahimy/vendor/laravel/framework/src/Illuminate/Container/Container.php(799): Illuminate\\Container\\BoundMethod::call()
#30 /home/zein/surat-ibrahimy/vendor/laravel/framework/src/Illuminate/Console/Command.php(280): Illuminate\\Container\\Container->call()
#31 /home/zein/surat-ibrahimy/vendor/symfony/console/Command/Command.php(341): Illuminate\\Console\\Command->execute()
#32 /home/zein/surat-ibrahimy/vendor/laravel/framework/src/Illuminate/Console/Command.php(249): Symfony\\Component\\Console\\Command\\Command->run()
#33 /home/zein/surat-ibrahimy/vendor/laravel/framework/src/Illuminate/Console/Concerns/CallsCommands.php(68): Illuminate\\Console\\Command->run()
#34 /home/zein/surat-ibrahimy/vendor/laravel/framework/src/Illuminate/Console/Concerns/CallsCommands.php(29): Illuminate\\Console\\Command->runCommand()
#35 /home/zein/surat-ibrahimy/vendor/laravel/framework/src/Illuminate/Database/Console/Migrations/FreshCommand.php(88): Illuminate\\Console\\Command->call()
#36 /home/zein/surat-ibrahimy/vendor/laravel/framework/src/Illuminate/Container/BoundMethod.php(36): Illuminate\\Database\\Console\\Migrations\\FreshCommand->handle()
#37 /home/zein/surat-ibrahimy/vendor/laravel/framework/src/Illuminate/Container/Util.php(43): Illuminate\\Container\\BoundMethod::{closure:Illuminate\\Container\\BoundMethod::call():35}()
#38 /home/zein/surat-ibrahimy/vendor/laravel/framework/src/Illuminate/Container/BoundMethod.php(96): Illuminate\\Container\\Util::unwrapIfClosure()
#39 /home/zein/surat-ibrahimy/vendor/laravel/framework/src/Illuminate/Container/BoundMethod.php(35): Illuminate\\Container\\BoundMethod::callBoundMethod()
#40 /home/zein/surat-ibrahimy/vendor/laravel/framework/src/Illuminate/Container/Container.php(799): Illuminate\\Container\\BoundMethod::call()
#41 /home/zein/surat-ibrahimy/vendor/laravel/framework/src/Illuminate/Console/Command.php(280): Illuminate\\Container\\Container->call()
#42 /home/zein/surat-ibrahimy/vendor/symfony/console/Command/Command.php(341): Illuminate\\Console\\Command->execute()
#43 /home/zein/surat-ibrahimy/vendor/laravel/framework/src/Illuminate/Console/Command.php(249): Symfony\\Component\\Console\\Command\\Command->run()
#44 /home/zein/surat-ibrahimy/vendor/symfony/console/Application.php(1117): Illuminate\\Console\\Command->run()
#45 /home/zein/surat-ibrahimy/vendor/symfony/console/Application.php(356): Symfony\\Component\\Console\\Application->doRunCommand()
#46 /home/zein/surat-ibrahimy/vendor/symfony/console/Application.php(195): Symfony\\Component\\Console\\Application->doRun()
#47 /home/zein/surat-ibrahimy/vendor/laravel/framework/src/Illuminate/Foundation/Console/Kernel.php(198): Symfony\\Component\\Console\\Application->run()
#48 /home/zein/surat-ibrahimy/vendor/laravel/framework/src/Illuminate/Foundation/Application.php(1235): Illuminate\\Foundation\\Console\\Kernel->handle()
#49 /home/zein/surat-ibrahimy/artisan(16): Illuminate\\Foundation\\Application->handleCommand()
#50 {main}
"} 
[2026-08-08 06:50:44] testing.ERROR: No application encryption key has been specified. {"userId":"admin-test","exception":"[object] (Illuminate\\Encryption\\MissingAppKeyException(code: 0): No application encryption key has been specified. at /home/zein/surat-ibrahimy/vendor/laravel/framework/src/Illuminate/Encryption/EncryptionServiceProvider.php:83)
[stacktrace]
#0 /home/zein/surat-ibrahimy/vendor/laravel/framework/src/Illuminate/Support/helpers.php(393): Illuminate\\Encryption\\EncryptionServiceProvider->{closure:Illuminate\\Encryption\\EncryptionServiceProvider::key():81}()
#1 /home/zein/surat-ibrahimy/vendor/laravel/framework/src/Illuminate/Encryption/EncryptionServiceProvider.php(81): tap()
#2 /home/zein/surat-ibrahimy/vendor/laravel/framework/src/Illuminate/Encryption/EncryptionServiceProvider.php(64): Illuminate\\Encryption\\EncryptionServiceProvider->key()
#3 /home/zein/surat-ibrahimy/vendor/laravel/framework/src/Illuminate/Encryption/EncryptionServiceProvider.php(32): Illuminate\\Encryption\\EncryptionServiceProvider->parseKey()
#4 /home/zein/surat-ibrahimy/vendor/laravel/framework/src/Illuminate/Container/Container.php(1118): Illuminate\\Encryption\\EncryptionServiceProvider->{closure:Illuminate\\Encryption\\EncryptionServiceProvider::registerEncrypter():29}()
#5 /home/zein/surat-ibrahimy/vendor/laravel/framework/src/Illuminate/Container/Container.php(936): Illuminate\\Container\\Container->build()
#6 /home/zein/surat-ibrahimy/vendor/laravel/framework/src/Illuminate/Foundation/Application.php(1078): Illuminate\\Container\\Container->resolve()
#7 /home/zein/surat-ibrahimy/vendor/laravel/framework/src/Illuminate/Container/Container.php(864): Illuminate\\Foundation\\Application->resolve()
#8 /home/zein/surat-ibrahimy/vendor/laravel/framework/src/Illuminate/Foundation/Application.php(1058): Illuminate\\Container\\Container->make()
#9 /home/zein/surat-ibrahimy/vendor/laravel/framework/src/Illuminate/Container/Container.php(1339): Illuminate\\Foundation\\Application->make()
#10 /home/zein/surat-ibrahimy/vendor/laravel/framework/src/Illuminate/Container/Container.php(1240): Illuminate\\Container\\Container->resolveClass()
#11 /home/zein/surat-ibrahimy/vendor/laravel/framework/src/Illuminate/Container/Container.php(1165): Illuminate\\Container\\Container->resolveDependencies()
#12 /home/zein/surat-ibrahimy/vendor/laravel/framework/src/Illuminate/Container/Container.php(936): Illuminate\\Container\\Container->build()
#13 /home/zein/surat-ibrahimy/vendor/laravel/framework/src/Illuminate/Foundation/Application.php(1078): Illuminate\\Container\\Container->resolve()
#14 /home/zein/surat-ibrahimy/vendor/laravel/framework/src/Illuminate/Container/Container.php(864): Illuminate\\Foundation\\Application->resolve()
#15 /home/zein/surat-ibrahimy/vendor/laravel/framework/src/Illuminate/Foundation/Application.php(1058): Illuminate\\Container\\Container->make()
#16 /home/zein/surat-ibrahimy/vendor/laravel/framework/src/Illuminate/Pipeline/Pipeline.php(208): Illuminate\\Foundation\\Application->make()
#17 /home/zein/surat-ibrahimy/vendor/laravel/framework/src/Illuminate/Pipeline/Pipeline.php(137): Illuminate\\Pipeline\\Pipeline->{closure:{closure:Illuminate\\Pipeline\\Pipeline::carry():194}:195}()
#18 /home/zein/surat-ibrahimy/vendor/laravel/framework/src/Illuminate/Routing/Router.php(821): Illuminate\\Pipeline\\Pipeline->then()
#19 /home/zein/surat-ibrahimy/vendor/laravel/framework/src/Illuminate/Routing/Router.php(800): Illuminate\\Routing\\Router->runRouteWithinStack()
#20 /home/zein/surat-ibrahimy/vendor/laravel/framework/src/Illuminate/Routing/Router.php(764): Illuminate\\Routing\\Router->runRoute()
#21 /home/zein/surat-ibrahimy/vendor/laravel/framework/src/Illuminate/Routing/Router.php(753): Illuminate\\Routing\\Router->dispatchToRoute()
#22 /home/zein/surat-ibrahimy/vendor/laravel/framework/src/Illuminate/Foundation/Http/Kernel.php(200): Illuminate\\Routing\\Router->dispatch()
#23 /home/zein/surat-ibrahimy/vendor/laravel/framework/src/Illuminate/Pipeline/Pipeline.php(180): Illuminate\\Foundation\\Http\\Kernel->{closure:Illuminate\\Foundation\\Http\\Kernel::dispatchToRouter():197}()
#24 /home/zein/surat-ibrahimy/vendor/laravel/framework/src/Illuminate/Foundation/Http/Middleware/TransformsRequest.php(21): Illuminate\\Pipeline\\Pipeline->{closure:Illuminate\\Pipeline\\Pipeline::prepareDestination():178}()
#25 /home/zein/surat-ibrahimy/vendor/laravel/framework/src/Illuminate/Foundation/Http/Middleware/ConvertEmptyStringsToNull.php(31): Illuminate\\Foundation\\Http\\Middleware\\TransformsRequest->handle()
#26 /home/zein/surat-ibrahimy/vendor/laravel/framework/src/Illuminate/Pipeline/Pipeline.php(219): Illuminate\\Foundation\\Http\\Middleware\\ConvertEmptyStringsToNull->handle()
#27 /home/zein/surat-ibrahimy/vendor/laravel/framework/src/Illuminate/Foundation/Http/Middleware/TransformsRequest.php(21): Illuminate\\Pipeline\\Pipeline->{closure:{closure:Illuminate\\Pipeline\\Pipeline::carry():194}:195}()
#28 /home/zein/surat-ibrahimy/vendor/laravel/framework/src/Illuminate/Foundation/Http/Middleware/TrimStrings.php(51): Illuminate\\Foundation\\Http\\Middleware\\TransformsRequest->handle()
#29 /home/zein/surat-ibrahimy/vendor/laravel/framework/src/Illuminate/Pipeline/Pipeline.php(219): Illuminate\\Foundation\\Http\\Middleware\\TrimStrings->handle()
#30 /home/zein/surat-ibrahimy/vendor/laravel/framework/src/Illuminate/Http/Middleware/ValidatePostSize.php(27): Illuminate\\Pipeline\\Pipeline->{closure:{closure:Illuminate\\Pipeline\\Pipeline::carry():194}:195}()
#31 /home/zein/surat-ibrahimy/vendor/laravel/framework/src/Illuminate/Pipeline/Pipeline.php(219): Illuminate\\Http\\Middleware\\ValidatePostSize->handle()
#32 /home/zein/surat-ibrahimy/vendor/laravel/framework/src/Illuminate/Foundation/Http/Middleware/PreventRequestsDuringMaintenance.php(109): Illuminate\\Pipeline\\Pipeline->{closure:{closure:Illuminate\\Pipeline\\Pipeline::carry():194}:195}()
#33 /home/zein/surat-ibrahimy/vendor/laravel/framework/src/Illuminate/Pipeline/Pipeline.php(219): Illuminate\\Foundation\\Http\\Middleware\\PreventRequestsDuringMaintenance->handle()
#34 /home/zein/surat-ibrahimy/vendor/laravel/framework/src/Illuminate/Http/Middleware/HandleCors.php(61): Illuminate\\Pipeline\\Pipeline->{closure:{closure:Illuminate\\Pipeline\\Pipeline::carry():194}:195}()
#35 /home/zein/surat-ibrahimy/vendor/laravel/framework/src/Illuminate/Pipeline/Pipeline.php(219): Illuminate\\Http\\Middleware\\HandleCors->handle()
#36 /home/zein/surat-ibrahimy/vendor/laravel/framework/src/Illuminate/Http/Middleware/TrustProxies.php(58): Illuminate\\Pipeline\\Pipeline->{closure:{closure:Illuminate\\Pipeline\\Pipeline::carry():194}:195}()
#37 /home/zein/surat-ibrahimy/vendor/laravel/framework/src/Illuminate/Pipeline/Pipeline.php(219): Illuminate\\Http\\Middleware\\TrustProxies->handle()
#38 /home/zein/surat-ibrahimy/vendor/laravel/framework/src/Illuminate/Foundation/Http/Middleware/InvokeDeferredCallbacks.php(22): Illuminate\\Pipeline\\Pipeline->{closure:{closure:Illuminate\\Pipeline\\Pipeline::carry():194}:195}()
#39 /home/zein/surat-ibrahimy/vendor/laravel/framework/src/Illuminate/Pipeline/Pipeline.php(219): Illuminate\\Foundation\\Http\\Middleware\\InvokeDeferredCallbacks->handle()
#40 /home/zein/surat-ibrahimy/vendor/laravel/framework/src/Illuminate/Http/Middleware/ValidatePathEncoding.php(28): Illuminate\\Pipeline\\Pipeline->{closure:{closure:Illuminate\\Pipeline\\Pipeline::carry():194}:195}()
#41 /home/zein/surat-ibrahimy/vendor/laravel/framework/src/Illuminate/Pipeline/Pipeline.php(219): Illuminate\\Http\\Middleware\\ValidatePathEncoding->handle()
#42 /home/zein/surat-ibrahimy/vendor/laravel/framework/src/Illuminate/Pipeline/Pipeline.php(137): Illuminate\\Pipeline\\Pipeline->{closure:{closure:Illuminate\\Pipeline\\Pipeline::carry():194}:195}()
#43 /home/zein/surat-ibrahimy/vendor/laravel/framework/src/Illuminate/Foundation/Http/Kernel.php(175): Illuminate\\Pipeline\\Pipeline->then()
#44 /home/zein/surat-ibrahimy/vendor/laravel/framework/src/Illuminate/Foundation/Http/Kernel.php(144): Illuminate\\Foundation\\Http\\Kernel->sendRequestThroughRouter()
#45 /home/zein/surat-ibrahimy/vendor/laravel/framework/src/Illuminate/Foundation/Testing/Concerns/MakesHttpRequests.php(607): Illuminate\\Foundation\\Http\\Kernel->handle()
#46 /home/zein/surat-ibrahimy/vendor/laravel/framework/src/Illuminate/Foundation/Testing/Concerns/MakesHttpRequests.php(397): Illuminate\\Foundation\\Testing\\TestCase->call()
#47 /home/zein/surat-ibrahimy/tests/Feature/SuratKeluarNomorTest.php(48): Illuminate\\Foundation\\Testing\\TestCase->post()
#48 /home/zein/surat-ibrahimy/vendor/phpunit/phpunit/src/Framework/TestCase.php(1332): Tests\\Feature\\SuratKeluarNomorTest->test_nomor_surat_dibuat_otomatis_dari_template()
#49 /home/zein/surat-ibrahimy/vendor/phpunit/phpunit/src/Framework/TestCase.php(519): PHPUnit\\Framework\\TestCase->runTest()
#50 /home/zein/surat-ibrahimy/vendor/phpunit/phpunit/src/Framework/TestRunner/TestRunner.php(99): PHPUnit\\Framework\\TestCase->runBare()
#51 /home/zein/surat-ibrahimy/vendor/phpunit/phpunit/src/Framework/TestCase.php(359): PHPUnit\\Framework\\TestRunner->run()
#52 /home/zein/surat-ibrahimy/vendor/phpunit/phpunit/src/Framework/TestSuite.php(374): PHPUnit\\Framework\\TestCase->run()
#53 /home/zein/surat-ibrahimy/vendor/phpunit/phpunit/src/Framework/TestSuite.php(374): PHPUnit\\Framework\\TestSuite->run()
#54 /home/zein/surat-ibrahimy/vendor/phpunit/phpunit/src/Framework/TestSuite.php(374): PHPUnit\\Framework\\TestSuite->run()
#55 /home/zein/surat-ibrahimy/vendor/phpunit/phpunit/src/TextUI/TestRunner.php(64): PHPUnit\\Framework\\TestSuite->run()
#56 /home/zein/surat-ibrahimy/vendor/phpunit/phpunit/src/TextUI/Application.php(229): PHPUnit\\TextUI\\TestRunner->run()
#57 /home/zein/surat-ibrahimy/vendor/phpunit/phpunit/phpunit(104): PHPUnit\\TextUI\\Application->run()
#58 {main}
"} 
[2026-08-08 06:50:45] testing.ERROR: No application encryption key has been specified. {"userId":"admin-test","exception":"[object] (Illuminate\\Encryption\\MissingAppKeyException(code: 0): No application encryption key has been specified. at /home/zein/surat-ibrahimy/vendor/laravel/framework/src/Illuminate/Encryption/EncryptionServiceProvider.php:83)
[stacktrace]
#0 /home/zein/surat-ibrahimy/vendor/laravel/framework/src/Illuminate/Support/helpers.php(393): Illuminate\\Encryption\\EncryptionServiceProvider->{closure:Illuminate\\Encryption\\EncryptionServiceProvider::key():81}()
#1 /home/zein/surat-ibrahimy/vendor/laravel/framework/src/Illuminate/Encryption/EncryptionServiceProvider.php(81): tap()
#2 /home/zein/surat-ibrahimy/vendor/laravel/framework/src/Illuminate/Encryption/EncryptionServiceProvider.php(64): Illuminate\\Encryption\\EncryptionServiceProvider->key()
#3 /home/zein/surat-ibrahimy/vendor/laravel/framework/src/Illuminate/Encryption/EncryptionServiceProvider.php(32): Illuminate\\Encryption\\EncryptionServiceProvider->parseKey()
#4 /home/zein/surat-ibrahimy/vendor/laravel/framework/src/Illuminate/Container/Container.php(1118): Illuminate\\Encryption\\EncryptionServiceProvider->{closure:Illuminate\\Encryption\\EncryptionServiceProvider::registerEncrypter():29}()
#5 /home/zein/surat-ibrahimy/vendor/laravel/framework/src/Illuminate/Container/Container.php(936): Illuminate\\Container\\Container->build()
#6 /home/zein/surat-ibrahimy/vendor/laravel/framework/src/Illuminate/Foundation/Application.php(1078): Illuminate\\Container\\Container->resolve()
#7 /home/zein/surat-ibrahimy/vendor/laravel/framework/src/Illuminate/Container/Container.php(864): Illuminate\\Foundation\\Application->resolve()
#8 /home/zein/surat-ibrahimy/vendor/laravel/framework/src/Illuminate/Foundation/Application.php(1058): Illuminate\\Container\\Container->make()
#9 /home/zein/surat-ibrahimy/vendor/laravel/framework/src/Illuminate/Container/Container.php(1339): Illuminate\\Foundation\\Application->make()
#10 /home/zein/surat-ibrahimy/vendor/laravel/framework/src/Illuminate/Container/Container.php(1240): Illuminate\\Container\\Container->resolveClass()
#11 /home/zein/surat-ibrahimy/vendor/laravel/framework/src/Illuminate/Container/Container.php(1165): Illuminate\\Container\\Container->resolveDependencies()
#12 /home/zein/surat-ibrahimy/vendor/laravel/framework/src/Illuminate/Container/Container.php(936): Illuminate\\Container\\Container->build()
#13 /home/zein/surat-ibrahimy/vendor/laravel/framework/src/Illuminate/Foundation/Application.php(1078): Illuminate\\Container\\Container->resolve()
#14 /home/zein/surat-ibrahimy/vendor/laravel/framework/src/Illuminate/Container/Container.php(864): Illuminate\\Foundation\\Application->resolve()
#15 /home/zein/surat-ibrahimy/vendor/laravel/framework/src/Illuminate/Foundation/Application.php(1058): Illuminate\\Container\\Container->make()
#16 /home/zein/surat-ibrahimy/vendor/laravel/framework/src/Illuminate/Pipeline/Pipeline.php(208): Illuminate\\Foundation\\Application->make()
#17 /home/zein/surat-ibrahimy/vendor/laravel/framework/src/Illuminate/Pipeline/Pipeline.php(137): Illuminate\\Pipeline\\Pipeline->{closure:{closure:Illuminate\\Pipeline\\Pipeline::carry():194}:195}()
#18 /home/zein/surat-ibrahimy/vendor/laravel/framework/src/Illuminate/Routing/Router.php(821): Illuminate\\Pipeline\\Pipeline->then()
#19 /home/zein/surat-ibrahimy/vendor/laravel/framework/src/Illuminate/Routing/Router.php(800): Illuminate\\Routing\\Router->runRouteWithinStack()
#20 /home/zein/surat-ibrahimy/vendor/laravel/framework/src/Illuminate/Routing/Router.php(764): Illuminate\\Routing\\Router->runRoute()
#21 /home/zein/surat-ibrahimy/vendor/laravel/framework/src/Illuminate/Routing/Router.php(753): Illuminate\\Routing\\Router->dispatchToRoute()
#22 /home/zein/surat-ibrahimy/vendor/laravel/framework/src/Illuminate/Foundation/Http/Kernel.php(200): Illuminate\\Routing\\Router->dispatch()
#23 /home/zein/surat-ibrahimy/vendor/laravel/framework/src/Illuminate/Pipeline/Pipeline.php(180): Illuminate\\Foundation\\Http\\Kernel->{closure:Illuminate\\Foundation\\Http\\Kernel::dispatchToRouter():197}()
#24 /home/zein/surat-ibrahimy/vendor/laravel/framework/src/Illuminate/Foundation/Http/Middleware/TransformsRequest.php(21): Illuminate\\Pipeline\\Pipeline->{closure:Illuminate\\Pipeline\\Pipeline::prepareDestination():178}()
#25 /home/zein/surat-ibrahimy/vendor/laravel/framework/src/Illuminate/Foundation/Http/Middleware/ConvertEmptyStringsToNull.php(31): Illuminate\\Foundation\\Http\\Middleware\\TransformsRequest->handle()
#26 /home/zein/surat-ibrahimy/vendor/laravel/framework/src/Illuminate/Pipeline/Pipeline.php(219): Illuminate\\Foundation\\Http\\Middleware\\ConvertEmptyStringsToNull->handle()
#27 /home/zein/surat-ibrahimy/vendor/laravel/framework/src/Illuminate/Foundation/Http/Middleware/TransformsRequest.php(21): Illuminate\\Pipeline\\Pipeline->{closure:{closure:Illuminate\\Pipeline\\Pipeline::carry():194}:195}()
#28 /home/zein/surat-ibrahimy/vendor/laravel/framework/src/Illuminate/Foundation/Http/Middleware/TrimStrings.php(51): Illuminate\\Foundation\\Http\\Middleware\\TransformsRequest->handle()
#29 /home/zein/surat-ibrahimy/vendor/laravel/framework/src/Illuminate/Pipeline/Pipeline.php(219): Illuminate\\Foundation\\Http\\Middleware\\TrimStrings->handle()
#30 /home/zein/surat-ibrahimy/vendor/laravel/framework/src/Illuminate/Http/Middleware/ValidatePostSize.php(27): Illuminate\\Pipeline\\Pipeline->{closure:{closure:Illuminate\\Pipeline\\Pipeline::carry():194}:195}()
#31 /home/zein/surat-ibrahimy/vendor/laravel/framework/src/Illuminate/Pipeline/Pipeline.php(219): Illuminate\\Http\\Middleware\\ValidatePostSize->handle()
#32 /home/zein/surat-ibrahimy/vendor/laravel/framework/src/Illuminate/Foundation/Http/Middleware/PreventRequestsDuringMaintenance.php(109): Illuminate\\Pipeline\\Pipeline->{closure:{closure:Illuminate\\Pipeline\\Pipeline::carry():194}:195}()
#33 /home/zein/surat-ibrahimy/vendor/laravel/framework/src/Illuminate/Pipeline/Pipeline.php(219): Illuminate\\Foundation\\Http\\Middleware\\PreventRequestsDuringMaintenance->handle()
#34 /home/zein/surat-ibrahimy/vendor/laravel/framework/src/Illuminate/Http/Middleware/HandleCors.php(61): Illuminate\\Pipeline\\Pipeline->{closure:{closure:Illuminate\\Pipeline\\Pipeline::carry():194}:195}()
#35 /home/zein/surat-ibrahimy/vendor/laravel/framework/src/Illuminate/Pipeline/Pipeline.php(219): Illuminate\\Http\\Middleware\\HandleCors->handle()
#36 /home/zein/surat-ibrahimy/vendor/laravel/framework/src/Illuminate/Http/Middleware/TrustProxies.php(58): Illuminate\\Pipeline\\Pipeline->{closure:{closure:Illuminate\\Pipeline\\Pipeline::carry():194}:195}()
#37 /home/zein/surat-ibrahimy/vendor/laravel/framework/src/Illuminate/Pipeline/Pipeline.php(219): Illuminate\\Http\\Middleware\\TrustProxies->handle()
#38 /home/zein/surat-ibrahimy/vendor/laravel/framework/src/Illuminate/Foundation/Http/Middleware/InvokeDeferredCallbacks.php(22): Illuminate\\Pipeline\\Pipeline->{closure:{closure:Illuminate\\Pipeline\\Pipeline::carry():194}:195}()
#39 /home/zein/surat-ibrahimy/vendor/laravel/framework/src/Illuminate/Pipeline/Pipeline.php(219): Illuminate\\Foundation\\Http\\Middleware\\InvokeDeferredCallbacks->handle()
#40 /home/zein/surat-ibrahimy/vendor/laravel/framework/src/Illuminate/Http/Middleware/ValidatePathEncoding.php(28): Illuminate\\Pipeline\\Pipeline->{closure:{closure:Illuminate\\Pipeline\\Pipeline::carry():194}:195}()
#41 /home/zein/surat-ibrahimy/vendor/laravel/framework/src/Illuminate/Pipeline/Pipeline.php(219): Illuminate\\Http\\Middleware\\ValidatePathEncoding->handle()
#42 /home/zein/surat-ibrahimy/vendor/laravel/framework/src/Illuminate/Pipeline/Pipeline.php(137): Illuminate\\Pipeline\\Pipeline->{closure:{closure:Illuminate\\Pipeline\\Pipeline::carry():194}:195}()
#43 /home/zein/surat-ibrahimy/vendor/laravel/framework/src/Illuminate/Foundation/Http/Kernel.php(175): Illuminate\\Pipeline\\Pipeline->then()
#44 /home/zein/surat-ibrahimy/vendor/laravel/framework/src/Illuminate/Foundation/Http/Kernel.php(144): Illuminate\\Foundation\\Http\\Kernel->sendRequestThroughRouter()
#45 /home/zein/surat-ibrahimy/vendor/laravel/framework/src/Illuminate/Foundation/Testing/Concerns/MakesHttpRequests.php(607): Illuminate\\Foundation\\Http\\Kernel->handle()
#46 /home/zein/surat-ibrahimy/vendor/laravel/framework/src/Illuminate/Foundation/Testing/Concerns/MakesHttpRequests.php(397): Illuminate\\Foundation\\Testing\\TestCase->call()
#47 /home/zein/surat-ibrahimy/tests/Feature/SuratKeluarNomorTest.php(78): Illuminate\\Foundation\\Testing\\TestCase->post()
#48 /home/zein/surat-ibrahimy/vendor/phpunit/phpunit/src/Framework/TestCase.php(1332): Tests\\Feature\\SuratKeluarNomorTest->test_nomor_urut_berjalan_dan_reset_per_tahun()
#49 /home/zein/surat-ibrahimy/vendor/phpunit/phpunit/src/Framework/TestCase.php(519): PHPUnit\\Framework\\TestCase->runTest()
#50 /home/zein/surat-ibrahimy/vendor/phpunit/phpunit/src/Framework/TestRunner/TestRunner.php(99): PHPUnit\\Framework\\TestCase->runBare()
#51 /home/zein/surat-ibrahimy/vendor/phpunit/phpunit/src/Framework/TestCase.php(359): PHPUnit\\Framework\\TestRunner->run()
#52 /home/zein/surat-ibrahimy/vendor/phpunit/phpunit/src/Framework/TestSuite.php(374): PHPUnit\\Framework\\TestCase->run()
#53 /home/zein/surat-ibrahimy/vendor/phpunit/phpunit/src/Framework/TestSuite.php(374): PHPUnit\\Framework\\TestSuite->run()
#54 /home/zein/surat-ibrahimy/vendor/phpunit/phpunit/src/Framework/TestSuite.php(374): PHPUnit\\Framework\\TestSuite->run()
#55 /home/zein/surat-ibrahimy/vendor/phpunit/phpunit/src/TextUI/TestRunner.php(64): PHPUnit\\Framework\\TestSuite->run()
#56 /home/zein/surat-ibrahimy/vendor/phpunit/phpunit/src/TextUI/Application.php(229): PHPUnit\\TextUI\\TestRunner->run()
#57 /home/zein/surat-ibrahimy/vendor/phpunit/phpunit/phpunit(104): PHPUnit\\TextUI\\Application->run()
#58 {main}
"} 
[2026-08-08 06:50:45] testing.ERROR: No application encryption key has been specified. {"userId":"admin-test","exception":"[object] (Illuminate\\Encryption\\MissingAppKeyException(code: 0): No application encryption key has been specified. at /home/zein/surat-ibrahimy/vendor/laravel/framework/src/Illuminate/Encryption/EncryptionServiceProvider.php:83)
[stacktrace]
#0 /home/zein/surat-ibrahimy/vendor/laravel/framework/src/Illuminate/Support/helpers.php(393): Illuminate\\Encryption\\EncryptionServiceProvider->{closure:Illuminate\\Encryption\\EncryptionServiceProvider::key():81}()
#1 /home/zein/surat-ibrahimy/vendor/laravel/framework/src/Illuminate/Encryption/EncryptionServiceProvider.php(81): tap()
#2 /home/zein/surat-ibrahimy/vendor/laravel/framework/src/Illuminate/Encryption/EncryptionServiceProvider.php(64): Illuminate\\Encryption\\EncryptionServiceProvider->key()
#3 /home/zein/surat-ibrahimy/vendor/laravel/framework/src/Illuminate/Encryption/EncryptionServiceProvider.php(32): Illuminate\\Encryption\\EncryptionServiceProvider->parseKey()
#4 /home/zein/surat-ibrahimy/vendor/laravel/framework/src/Illuminate/Container/Container.php(1118): Illuminate\\Encryption\\EncryptionServiceProvider->{closure:Illuminate\\Encryption\\EncryptionServiceProvider::registerEncrypter():29}()
#5 /home/zein/surat-ibrahimy/vendor/laravel/framework/src/Illuminate/Container/Container.php(936): Illuminate\\Container\\Container->build()
#6 /home/zein/surat-ibrahimy/vendor/laravel/framework/src/Illuminate/Foundation/Application.php(1078): Illuminate\\Container\\Container->resolve()
#7 /home/zein/surat-ibrahimy/vendor/laravel/framework/src/Illuminate/Container/Container.php(864): Illuminate\\Foundation\\Application->resolve()
#8 /home/zein/surat-ibrahimy/vendor/laravel/framework/src/Illuminate/Foundation/Application.php(1058): Illuminate\\Container\\Container->make()
#9 /home/zein/surat-ibrahimy/vendor/laravel/framework/src/Illuminate/Container/Container.php(1339): Illuminate\\Foundation\\Application->make()
#10 /home/zein/surat-ibrahimy/vendor/laravel/framework/src/Illuminate/Container/Container.php(1240): Illuminate\\Container\\Container->resolveClass()
#11 /home/zein/surat-ibrahimy/vendor/laravel/framework/src/Illuminate/Container/Container.php(1165): Illuminate\\Container\\Container->resolveDependencies()
#12 /home/zein/surat-ibrahimy/vendor/laravel/framework/src/Illuminate/Container/Container.php(936): Illuminate\\Container\\Container->build()
#13 /home/zein/surat-ibrahimy/vendor/laravel/framework/src/Illuminate/Foundation/Application.php(1078): Illuminate\\Container\\Container->resolve()
#14 /home/zein/surat-ibrahimy/vendor/laravel/framework/src/Illuminate/Container/Container.php(864): Illuminate\\Foundation\\Application->resolve()
#15 /home/zein/surat-ibrahimy/vendor/laravel/framework/src/Illuminate/Foundation/Application.php(1058): Illuminate\\Container\\Container->make()
#16 /home/zein/surat-ibrahimy/vendor/laravel/framework/src/Illuminate/Pipeline/Pipeline.php(208): Illuminate\\Foundation\\Application->make()
#17 /home/zein/surat-ibrahimy/vendor/laravel/framework/src/Illuminate/Pipeline/Pipeline.php(137): Illuminate\\Pipeline\\Pipeline->{closure:{closure:Illuminate\\Pipeline\\Pipeline::carry():194}:195}()
#18 /home/zein/surat-ibrahimy/vendor/laravel/framework/src/Illuminate/Routing/Router.php(821): Illuminate\\Pipeline\\Pipeline->then()
#19 /home/zein/surat-ibrahimy/vendor/laravel/framework/src/Illuminate/Routing/Router.php(800): Illuminate\\Routing\\Router->runRouteWithinStack()
#20 /home/zein/surat-ibrahimy/vendor/laravel/framework/src/Illuminate/Routing/Router.php(764): Illuminate\\Routing\\Router->runRoute()
#21 /home/zein/surat-ibrahimy/vendor/laravel/framework/src/Illuminate/Routing/Router.php(753): Illuminate\\Routing\\Router->dispatchToRoute()
#22 /home/zein/surat-ibrahimy/vendor/laravel/framework/src/Illuminate/Foundation/Http/Kernel.php(200): Illuminate\\Routing\\Router->dispatch()
#23 /home/zein/surat-ibrahimy/vendor/laravel/framework/src/Illuminate/Pipeline/Pipeline.php(180): Illuminate\\Foundation\\Http\\Kernel->{closure:Illuminate\\Foundation\\Http\\Kernel::dispatchToRouter():197}()
#24 /home/zein/surat-ibrahimy/vendor/laravel/framework/src/Illuminate/Foundation/Http/Middleware/TransformsRequest.php(21): Illuminate\\Pipeline\\Pipeline->{closure:Illuminate\\Pipeline\\Pipeline::prepareDestination():178}()
#25 /home/zein/surat-ibrahimy/vendor/laravel/framework/src/Illuminate/Foundation/Http/Middleware/ConvertEmptyStringsToNull.php(31): Illuminate\\Foundation\\Http\\Middleware\\TransformsRequest->handle()
#26 /home/zein/surat-ibrahimy/vendor/laravel/framework/src/Illuminate/Pipeline/Pipeline.php(219): Illuminate\\Foundation\\Http\\Middleware\\ConvertEmptyStringsToNull->handle()
#27 /home/zein/surat-ibrahimy/vendor/laravel/framework/src/Illuminate/Foundation/Http/Middleware/TransformsRequest.php(21): Illuminate\\Pipeline\\Pipeline->{closure:{closure:Illuminate\\Pipeline\\Pipeline::carry():194}:195}()
#28 /home/zein/surat-ibrahimy/vendor/laravel/framework/src/Illuminate/Foundation/Http/Middleware/TrimStrings.php(51): Illuminate\\Foundation\\Http\\Middleware\\TransformsRequest->handle()
#29 /home/zein/surat-ibrahimy/vendor/laravel/framework/src/Illuminate/Pipeline/Pipeline.php(219): Illuminate\\Foundation\\Http\\Middleware\\TrimStrings->handle()
#30 /home/zein/surat-ibrahimy/vendor/laravel/framework/src/Illuminate/Http/Middleware/ValidatePostSize.php(27): Illuminate\\Pipeline\\Pipeline->{closure:{closure:Illuminate\\Pipeline\\Pipeline::carry():194}:195}()
#31 /home/zein/surat-ibrahimy/vendor/laravel/framework/src/Illuminate/Pipeline/Pipeline.php(219): Illuminate\\Http\\Middleware\\ValidatePostSize->handle()
#32 /home/zein/surat-ibrahimy/vendor/laravel/framework/src/Illuminate/Foundation/Http/Middleware/PreventRequestsDuringMaintenance.php(109): Illuminate\\Pipeline\\Pipeline->{closure:{closure:Illuminate\\Pipeline\\Pipeline::carry():194}:195}()
#33 /home/zein/surat-ibrahimy/vendor/laravel/framework/src/Illuminate/Pipeline/Pipeline.php(219): Illuminate\\Foundation\\Http\\Middleware\\PreventRequestsDuringMaintenance->handle()
#34 /home/zein/surat-ibrahimy/vendor/laravel/framework/src/Illuminate/Http/Middleware/HandleCors.php(61): Illuminate\\Pipeline\\Pipeline->{closure:{closure:Illuminate\\Pipeline\\Pipeline::carry():194}:195}()
#35 /home/zein/surat-ibrahimy/vendor/laravel/framework/src/Illuminate/Pipeline/Pipeline.php(219): Illuminate\\Http\\Middleware\\HandleCors->handle()
#36 /home/zein/surat-ibrahimy/vendor/laravel/framework/src/Illuminate/Http/Middleware/TrustProxies.php(58): Illuminate\\Pipeline\\Pipeline->{closure:{closure:Illuminate\\Pipeline\\Pipeline::carry():194}:195}()
#37 /home/zein/surat-ibrahimy/vendor/laravel/framework/src/Illuminate/Pipeline/Pipeline.php(219): Illuminate\\Http\\Middleware\\TrustProxies->handle()
#38 /home/zein/surat-ibrahimy/vendor/laravel/framework/src/Illuminate/Foundation/Http/Middleware/InvokeDeferredCallbacks.php(22): Illuminate\\Pipeline\\Pipeline->{closure:{closure:Illuminate\\Pipeline\\Pipeline::carry():194}:195}()
#39 /home/zein/surat-ibrahimy/vendor/laravel/framework/src/Illuminate/Pipeline/Pipeline.php(219): Illuminate\\Foundation\\Http\\Middleware\\InvokeDeferredCallbacks->handle()
#40 /home/zein/surat-ibrahimy/vendor/laravel/framework/src/Illuminate/Http/Middleware/ValidatePathEncoding.php(28): Illuminate\\Pipeline\\Pipeline->{closure:{closure:Illuminate\\Pipeline\\Pipeline::carry():194}:195}()
#41 /home/zein/surat-ibrahimy/vendor/laravel/framework/src/Illuminate/Pipeline/Pipeline.php(219): Illuminate\\Http\\Middleware\\ValidatePathEncoding->handle()
#42 /home/zein/surat-ibrahimy/vendor/laravel/framework/src/Illuminate/Pipeline/Pipeline.php(137): Illuminate\\Pipeline\\Pipeline->{closure:{closure:Illuminate\\Pipeline\\Pipeline::carry():194}:195}()
#43 /home/zein/surat-ibrahimy/vendor/laravel/framework/src/Illuminate/Foundation/Http/Kernel.php(175): Illuminate\\Pipeline\\Pipeline->then()
#44 /home/zein/surat-ibrahimy/vendor/laravel/framework/src/Illuminate/Foundation/Http/Kernel.php(144): Illuminate\\Foundation\\Http\\Kernel->sendRequestThroughRouter()
#45 /home/zein/surat-ibrahimy/vendor/laravel/framework/src/Illuminate/Foundation/Testing/Concerns/MakesHttpRequests.php(607): Illuminate\\Foundation\\Http\\Kernel->handle()
#46 /home/zein/surat-ibrahimy/vendor/laravel/framework/src/Illuminate/Foundation/Testing/Concerns/MakesHttpRequests.php(397): Illuminate\\Foundation\\Testing\\TestCase->call()
#47 /home/zein/surat-ibrahimy/tests/Feature/SuratKeluarNomorTest.php(114): Illuminate\\Foundation\\Testing\\TestCase->post()
#48 /home/zein/surat-ibrahimy/vendor/phpunit/phpunit/src/Framework/TestCase.php(1332): Tests\\Feature\\SuratKeluarNomorTest->test_nomor_manual_tanpa_template()
#49 /home/zein/surat-ibrahimy/vendor/phpunit/phpunit/src/Framework/TestCase.php(519): PHPUnit\\Framework\\TestCase->runTest()
#50 /home/zein/surat-ibrahimy/vendor/phpunit/phpunit/src/Framework/TestRunner/TestRunner.php(99): PHPUnit\\Framework\\TestCase->runBare()
#51 /home/zein/surat-ibrahimy/vendor/phpunit/phpunit/src/Framework/TestCase.php(359): PHPUnit\\Framework\\TestRunner->run()
#52 /home/zein/surat-ibrahimy/vendor/phpunit/phpunit/src/Framework/TestSuite.php(374): PHPUnit\\Framework\\TestCase->run()
#53 /home/zein/surat-ibrahimy/vendor/phpunit/phpunit/src/Framework/TestSuite.php(374): PHPUnit\\Framework\\TestSuite->run()
#54 /home/zein/surat-ibrahimy/vendor/phpunit/phpunit/src/Framework/TestSuite.php(374): PHPUnit\\Framework\\TestSuite->run()
#55 /home/zein/surat-ibrahimy/vendor/phpunit/phpunit/src/TextUI/TestRunner.php(64): PHPUnit\\Framework\\TestSuite->run()
#56 /home/zein/surat-ibrahimy/vendor/phpunit/phpunit/src/TextUI/Application.php(229): PHPUnit\\TextUI\\TestRunner->run()
#57 /home/zein/surat-ibrahimy/vendor/phpunit/phpunit/phpunit(104): PHPUnit\\TextUI\\Application->run()
#58 {main}
"} 
[2026-08-08 06:50:45] testing.ERROR: No application encryption key has been specified. {"userId":"admin-test","exception":"[object] (Illuminate\\Encryption\\MissingAppKeyException(code: 0): No application encryption key has been specified. at /home/zein/surat-ibrahimy/vendor/laravel/framework/src/Illuminate/Encryption/EncryptionServiceProvider.php:83)
[stacktrace]
#0 /home/zein/surat-ibrahimy/vendor/laravel/framework/src/Illuminate/Support/helpers.php(393): Illuminate\\Encryption\\EncryptionServiceProvider->{closure:Illuminate\\Encryption\\EncryptionServiceProvider::key():81}()
#1 /home/zein/surat-ibrahimy/vendor/laravel/framework/src/Illuminate/Encryption/EncryptionServiceProvider.php(81): tap()
#2 /home/zein/surat-ibrahimy/vendor/laravel/framework/src/Illuminate/Encryption/EncryptionServiceProvider.php(64): Illuminate\\Encryption\\EncryptionServiceProvider->key()
#3 /home/zein/surat-ibrahimy/vendor/laravel/framework/src/Illuminate/Encryption/EncryptionServiceProvider.php(32): Illuminate\\Encryption\\EncryptionServiceProvider->parseKey()
#4 /home/zein/surat-ibrahimy/vendor/laravel/framework/src/Illuminate/Container/Container.php(1118): Illuminate\\Encryption\\EncryptionServiceProvider->{closure:Illuminate\\Encryption\\EncryptionServiceProvider::registerEncrypter():29}()
#5 /home/zein/surat-ibrahimy/vendor/laravel/framework/src/Illuminate/Container/Container.php(936): Illuminate\\Container\\Container->build()
#6 /home/zein/surat-ibrahimy/vendor/laravel/framework/src/Illuminate/Foundation/Application.php(1078): Illuminate\\Container\\Container->resolve()
#7 /home/zein/surat-ibrahimy/vendor/laravel/framework/src/Illuminate/Container/Container.php(864): Illuminate\\Foundation\\Application->resolve()
#8 /home/zein/surat-ibrahimy/vendor/laravel/framework/src/Illuminate/Foundation/Application.php(1058): Illuminate\\Container\\Container->make()
#9 /home/zein/surat-ibrahimy/vendor/laravel/framework/src/Illuminate/Container/Container.php(1339): Illuminate\\Foundation\\Application->make()
#10 /home/zein/surat-ibrahimy/vendor/laravel/framework/src/Illuminate/Container/Container.php(1240): Illuminate\\Container\\Container->resolveClass()
#11 /home/zein/surat-ibrahimy/vendor/laravel/framework/src/Illuminate/Container/Container.php(1165): Illuminate\\Container\\Container->resolveDependencies()
#12 /home/zein/surat-ibrahimy/vendor/laravel/framework/src/Illuminate/Container/Container.php(936): Illuminate\\Container\\Container->build()
#13 /home/zein/surat-ibrahimy/vendor/laravel/framework/src/Illuminate/Foundation/Application.php(1078): Illuminate\\Container\\Container->resolve()
#14 /home/zein/surat-ibrahimy/vendor/laravel/framework/src/Illuminate/Container/Container.php(864): Illuminate\\Foundation\\Application->resolve()
#15 /home/zein/surat-ibrahimy/vendor/laravel/framework/src/Illuminate/Foundation/Application.php(1058): Illuminate\\Container\\Container->make()
#16 /home/zein/surat-ibrahimy/vendor/laravel/framework/src/Illuminate/Pipeline/Pipeline.php(208): Illuminate\\Foundation\\Application->make()
#17 /home/zein/surat-ibrahimy/vendor/laravel/framework/src/Illuminate/Pipeline/Pipeline.php(137): Illuminate\\Pipeline\\Pipeline->{closure:{closure:Illuminate\\Pipeline\\Pipeline::carry():194}:195}()
#18 /home/zein/surat-ibrahimy/vendor/laravel/framework/src/Illuminate/Routing/Router.php(821): Illuminate\\Pipeline\\Pipeline->then()
#19 /home/zein/surat-ibrahimy/vendor/laravel/framework/src/Illuminate/Routing/Router.php(800): Illuminate\\Routing\\Router->runRouteWithinStack()
#20 /home/zein/surat-ibrahimy/vendor/laravel/framework/src/Illuminate/Routing/Router.php(764): Illuminate\\Routing\\Router->runRoute()
#21 /home/zein/surat-ibrahimy/vendor/laravel/framework/src/Illuminate/Routing/Router.php(753): Illuminate\\Routing\\Router->dispatchToRoute()
#22 /home/zein/surat-ibrahimy/vendor/laravel/framework/src/Illuminate/Foundation/Http/Kernel.php(200): Illuminate\\Routing\\Router->dispatch()
#23 /home/zein/surat-ibrahimy/vendor/laravel/framework/src/Illuminate/Pipeline/Pipeline.php(180): Illuminate\\Foundation\\Http\\Kernel->{closure:Illuminate\\Foundation\\Http\\Kernel::dispatchToRouter():197}()
#24 /home/zein/surat-ibrahimy/vendor/laravel/framework/src/Illuminate/Foundation/Http/Middleware/TransformsRequest.php(21): Illuminate\\Pipeline\\Pipeline->{closure:Illuminate\\Pipeline\\Pipeline::prepareDestination():178}()
#25 /home/zein/surat-ibrahimy/vendor/laravel/framework/src/Illuminate/Foundation/Http/Middleware/ConvertEmptyStringsToNull.php(31): Illuminate\\Foundation\\Http\\Middleware\\TransformsRequest->handle()
#26 /home/zein/surat-ibrahimy/vendor/laravel/framework/src/Illuminate/Pipeline/Pipeline.php(219): Illuminate\\Foundation\\Http\\Middleware\\ConvertEmptyStringsToNull->handle()
#27 /home/zein/surat-ibrahimy/vendor/laravel/framework/src/Illuminate/Foundation/Http/Middleware/TransformsRequest.php(21): Illuminate\\Pipeline\\Pipeline->{closure:{closure:Illuminate\\Pipeline\\Pipeline::carry():194}:195}()
#28 /home/zein/surat-ibrahimy/vendor/laravel/framework/src/Illuminate/Foundation/Http/Middleware/TrimStrings.php(51): Illuminate\\Foundation\\Http\\Middleware\\TransformsRequest->handle()
#29 /home/zein/surat-ibrahimy/vendor/laravel/framework/src/Illuminate/Pipeline/Pipeline.php(219): Illuminate\\Foundation\\Http\\Middleware\\TrimStrings->handle()
#30 /home/zein/surat-ibrahimy/vendor/laravel/framework/src/Illuminate/Http/Middleware/ValidatePostSize.php(27): Illuminate\\Pipeline\\Pipeline->{closure:{closure:Illuminate\\Pipeline\\Pipeline::carry():194}:195}()
#31 /home/zein/surat-ibrahimy/vendor/laravel/framework/src/Illuminate/Pipeline/Pipeline.php(219): Illuminate\\Http\\Middleware\\ValidatePostSize->handle()
#32 /home/zein/surat-ibrahimy/vendor/laravel/framework/src/Illuminate/Foundation/Http/Middleware/PreventRequestsDuringMaintenance.php(109): Illuminate\\Pipeline\\Pipeline->{closure:{closure:Illuminate\\Pipeline\\Pipeline::carry():194}:195}()
#33 /home/zein/surat-ibrahimy/vendor/laravel/framework/src/Illuminate/Pipeline/Pipeline.php(219): Illuminate\\Foundation\\Http\\Middleware\\PreventRequestsDuringMaintenance->handle()
#34 /home/zein/surat-ibrahimy/vendor/laravel/framework/src/Illuminate/Http/Middleware/HandleCors.php(61): Illuminate\\Pipeline\\Pipeline->{closure:{closure:Illuminate\\Pipeline\\Pipeline::carry():194}:195}()
#35 /home/zein/surat-ibrahimy/vendor/laravel/framework/src/Illuminate/Pipeline/Pipeline.php(219): Illuminate\\Http\\Middleware\\HandleCors->handle()
#36 /home/zein/surat-ibrahimy/vendor/laravel/framework/src/Illuminate/Http/Middleware/TrustProxies.php(58): Illuminate\\Pipeline\\Pipeline->{closure:{closure:Illuminate\\Pipeline\\Pipeline::carry():194}:195}()
#37 /home/zein/surat-ibrahimy/vendor/laravel/framework/src/Illuminate/Pipeline/Pipeline.php(219): Illuminate\\Http\\Middleware\\TrustProxies->handle()
#38 /home/zein/surat-ibrahimy/vendor/laravel/framework/src/Illuminate/Foundation/Http/Middleware/InvokeDeferredCallbacks.php(22): Illuminate\\Pipeline\\Pipeline->{closure:{closure:Illuminate\\Pipeline\\Pipeline::carry():194}:195}()
#39 /home/zein/surat-ibrahimy/vendor/laravel/framework/src/Illuminate/Pipeline/Pipeline.php(219): Illuminate\\Foundation\\Http\\Middleware\\InvokeDeferredCallbacks->handle()
#40 /home/zein/surat-ibrahimy/vendor/laravel/framework/src/Illuminate/Http/Middleware/ValidatePathEncoding.php(28): Illuminate\\Pipeline\\Pipeline->{closure:{closure:Illuminate\\Pipeline\\Pipeline::carry():194}:195}()
#41 /home/zein/surat-ibrahimy/vendor/laravel/framework/src/Illuminate/Pipeline/Pipeline.php(219): Illuminate\\Http\\Middleware\\ValidatePathEncoding->handle()
#42 /home/zein/surat-ibrahimy/vendor/laravel/framework/src/Illuminate/Pipeline/Pipeline.php(137): Illuminate\\Pipeline\\Pipeline->{closure:{closure:Illuminate\\Pipeline\\Pipeline::carry():194}:195}()
#43 /home/zein/surat-ibrahimy/vendor/laravel/framework/src/Illuminate/Foundation/Http/Kernel.php(175): Illuminate\\Pipeline\\Pipeline->then()
#44 /home/zein/surat-ibrahimy/vendor/laravel/framework/src/Illuminate/Foundation/Http/Kernel.php(144): Illuminate\\Foundation\\Http\\Kernel->sendRequestThroughRouter()
#45 /home/zein/surat-ibrahimy/vendor/laravel/framework/src/Illuminate/Foundation/Testing/Concerns/MakesHttpRequests.php(607): Illuminate\\Foundation\\Http\\Kernel->handle()
#46 /home/zein/surat-ibrahimy/vendor/laravel/framework/src/Illuminate/Foundation/Testing/Concerns/MakesHttpRequests.php(397): Illuminate\\Foundation\\Testing\\TestCase->call()
#47 /home/zein/surat-ibrahimy/tests/Feature/SuratKeluarNomorTest.php(131): Illuminate\\Foundation\\Testing\\TestCase->post()
#48 /home/zein/surat-ibrahimy/vendor/phpunit/phpunit/src/Framework/TestCase.php(1332): Tests\\Feature\\SuratKeluarNomorTest->test_surat_keluar_tanpa_template_dan_nomor_manual_ditolah()
#49 /home/zein/surat-ibrahimy/vendor/phpunit/phpunit/src/Framework/TestCase.php(519): PHPUnit\\Framework\\TestCase->runTest()
#50 /home/zein/surat-ibrahimy/vendor/phpunit/phpunit/src/Framework/TestRunner/TestRunner.php(99): PHPUnit\\Framework\\TestCase->runBare()
#51 /home/zein/surat-ibrahimy/vendor/phpunit/phpunit/src/Framework/TestCase.php(359): PHPUnit\\Framework\\TestRunner->run()
#52 /home/zein/surat-ibrahimy/vendor/phpunit/phpunit/src/Framework/TestSuite.php(374): PHPUnit\\Framework\\TestCase->run()
#53 /home/zein/surat-ibrahimy/vendor/phpunit/phpunit/src/Framework/TestSuite.php(374): PHPUnit\\Framework\\TestSuite->run()
#54 /home/zein/surat-ibrahimy/vendor/phpunit/phpunit/src/Framework/TestSuite.php(374): PHPUnit\\Framework\\TestSuite->run()
#55 /home/zein/surat-ibrahimy/vendor/phpunit/phpunit/src/TextUI/TestRunner.php(64): PHPUnit\\Framework\\TestSuite->run()
#56 /home/zein/surat-ibrahimy/vendor/phpunit/phpunit/src/TextUI/Application.php(229): PHPUnit\\TextUI\\TestRunner->run()
#57 /home/zein/surat-ibrahimy/vendor/phpunit/phpunit/phpunit(104): PHPUnit\\TextUI\\Application->run()
#58 {main}
"} 
[2026-08-08 06:50:46] testing.ERROR: No application encryption key has been specified. {"userId":"admin-test","exception":"[object] (Illuminate\\Encryption\\MissingAppKeyException(code: 0): No application encryption key has been specified. at /home/zein/surat-ibrahimy/vendor/laravel/framework/src/Illuminate/Encryption/EncryptionServiceProvider.php:83)
[stacktrace]
#0 /home/zein/surat-ibrahimy/vendor/laravel/framework/src/Illuminate/Support/helpers.php(393): Illuminate\\Encryption\\EncryptionServiceProvider->{closure:Illuminate\\Encryption\\EncryptionServiceProvider::key():81}()
#1 /home/zein/surat-ibrahimy/vendor/laravel/framework/src/Illuminate/Encryption/EncryptionServiceProvider.php(81): tap()
#2 /home/zein/surat-ibrahimy/vendor/laravel/framework/src/Illuminate/Encryption/EncryptionServiceProvider.php(64): Illuminate\\Encryption\\EncryptionServiceProvider->key()
#3 /home/zein/surat-ibrahimy/vendor/laravel/framework/src/Illuminate/Encryption/EncryptionServiceProvider.php(32): Illuminate\\Encryption\\EncryptionServiceProvider->parseKey()
#4 /home/zein/surat-ibrahimy/vendor/laravel/framework/src/Illuminate/Container/Container.php(1118): Illuminate\\Encryption\\EncryptionServiceProvider->{closure:Illuminate\\Encryption\\EncryptionServiceProvider::registerEncrypter():29}()
#5 /home/zein/surat-ibrahimy/vendor/laravel/framework/src/Illuminate/Container/Container.php(936): Illuminate\\Container\\Container->build()
#6 /home/zein/surat-ibrahimy/vendor/laravel/framework/src/Illuminate/Foundation/Application.php(1078): Illuminate\\Container\\Container->resolve()
#7 /home/zein/surat-ibrahimy/vendor/laravel/framework/src/Illuminate/Container/Container.php(864): Illuminate\\Foundation\\Application->resolve()
#8 /home/zein/surat-ibrahimy/vendor/laravel/framework/src/Illuminate/Foundation/Application.php(1058): Illuminate\\Container\\Container->make()
#9 /home/zein/surat-ibrahimy/vendor/laravel/framework/src/Illuminate/Container/Container.php(1339): Illuminate\\Foundation\\Application->make()
#10 /home/zein/surat-ibrahimy/vendor/laravel/framework/src/Illuminate/Container/Container.php(1240): Illuminate\\Container\\Container->resolveClass()
#11 /home/zein/surat-ibrahimy/vendor/laravel/framework/src/Illuminate/Container/Container.php(1165): Illuminate\\Container\\Container->resolveDependencies()
#12 /home/zein/surat-ibrahimy/vendor/laravel/framework/src/Illuminate/Container/Container.php(936): Illuminate\\Container\\Container->build()
#13 /home/zein/surat-ibrahimy/vendor/laravel/framework/src/Illuminate/Foundation/Application.php(1078): Illuminate\\Container\\Container->resolve()
#14 /home/zein/surat-ibrahimy/vendor/laravel/framework/src/Illuminate/Container/Container.php(864): Illuminate\\Foundation\\Application->resolve()
#15 /home/zein/surat-ibrahimy/vendor/laravel/framework/src/Illuminate/Foundation/Application.php(1058): Illuminate\\Container\\Container->make()
#16 /home/zein/surat-ibrahimy/vendor/laravel/framework/src/Illuminate/Pipeline/Pipeline.php(208): Illuminate\\Foundation\\Application->make()
#17 /home/zein/surat-ibrahimy/vendor/laravel/framework/src/Illuminate/Pipeline/Pipeline.php(137): Illuminate\\Pipeline\\Pipeline->{closure:{closure:Illuminate\\Pipeline\\Pipeline::carry():194}:195}()
#18 /home/zein/surat-ibrahimy/vendor/laravel/framework/src/Illuminate/Routing/Router.php(821): Illuminate\\Pipeline\\Pipeline->then()
#19 /home/zein/surat-ibrahimy/vendor/laravel/framework/src/Illuminate/Routing/Router.php(800): Illuminate\\Routing\\Router->runRouteWithinStack()
#20 /home/zein/surat-ibrahimy/vendor/laravel/framework/src/Illuminate/Routing/Router.php(764): Illuminate\\Routing\\Router->runRoute()
#21 /home/zein/surat-ibrahimy/vendor/laravel/framework/src/Illuminate/Routing/Router.php(753): Illuminate\\Routing\\Router->dispatchToRoute()
#22 /home/zein/surat-ibrahimy/vendor/laravel/framework/src/Illuminate/Foundation/Http/Kernel.php(200): Illuminate\\Routing\\Router->dispatch()
#23 /home/zein/surat-ibrahimy/vendor/laravel/framework/src/Illuminate/Pipeline/Pipeline.php(180): Illuminate\\Foundation\\Http\\Kernel->{closure:Illuminate\\Foundation\\Http\\Kernel::dispatchToRouter():197}()
#24 /home/zein/surat-ibrahimy/vendor/laravel/framework/src/Illuminate/Foundation/Http/Middleware/TransformsRequest.php(21): Illuminate\\Pipeline\\Pipeline->{closure:Illuminate\\Pipeline\\Pipeline::prepareDestination():178}()
#25 /home/zein/surat-ibrahimy/vendor/laravel/framework/src/Illuminate/Foundation/Http/Middleware/ConvertEmptyStringsToNull.php(31): Illuminate\\Foundation\\Http\\Middleware\\TransformsRequest->handle()
#26 /home/zein/surat-ibrahimy/vendor/laravel/framework/src/Illuminate/Pipeline/Pipeline.php(219): Illuminate\\Foundation\\Http\\Middleware\\ConvertEmptyStringsToNull->handle()
#27 /home/zein/surat-ibrahimy/vendor/laravel/framework/src/Illuminate/Foundation/Http/Middleware/TransformsRequest.php(21): Illuminate\\Pipeline\\Pipeline->{closure:{closure:Illuminate\\Pipeline\\Pipeline::carry():194}:195}()
#28 /home/zein/surat-ibrahimy/vendor/laravel/framework/src/Illuminate/Foundation/Http/Middleware/TrimStrings.php(51): Illuminate\\Foundation\\Http\\Middleware\\TransformsRequest->handle()
#29 /home/zein/surat-ibrahimy/vendor/laravel/framework/src/Illuminate/Pipeline/Pipeline.php(219): Illuminate\\Foundation\\Http\\Middleware\\TrimStrings->handle()
#30 /home/zein/surat-ibrahimy/vendor/laravel/framework/src/Illuminate/Http/Middleware/ValidatePostSize.php(27): Illuminate\\Pipeline\\Pipeline->{closure:{closure:Illuminate\\Pipeline\\Pipeline::carry():194}:195}()
#31 /home/zein/surat-ibrahimy/vendor/laravel/framework/src/Illuminate/Pipeline/Pipeline.php(219): Illuminate\\Http\\Middleware\\ValidatePostSize->handle()
#32 /home/zein/surat-ibrahimy/vendor/laravel/framework/src/Illuminate/Foundation/Http/Middleware/PreventRequestsDuringMaintenance.php(109): Illuminate\\Pipeline\\Pipeline->{closure:{closure:Illuminate\\Pipeline\\Pipeline::carry():194}:195}()
#33 /home/zein/surat-ibrahimy/vendor/laravel/framework/src/Illuminate/Pipeline/Pipeline.php(219): Illuminate\\Foundation\\Http\\Middleware\\PreventRequestsDuringMaintenance->handle()
#34 /home/zein/surat-ibrahimy/vendor/laravel/framework/src/Illuminate/Http/Middleware/HandleCors.php(61): Illuminate\\Pipeline\\Pipeline->{closure:{closure:Illuminate\\Pipeline\\Pipeline::carry():194}:195}()
#35 /home/zein/surat-ibrahimy/vendor/laravel/framework/src/Illuminate/Pipeline/Pipeline.php(219): Illuminate\\Http\\Middleware\\HandleCors->handle()
#36 /home/zein/surat-ibrahimy/vendor/laravel/framework/src/Illuminate/Http/Middleware/TrustProxies.php(58): Illuminate\\Pipeline\\Pipeline->{closure:{closure:Illuminate\\Pipeline\\Pipeline::carry():194}:195}()
#37 /home/zein/surat-ibrahimy/vendor/laravel/framework/src/Illuminate/Pipeline/Pipeline.php(219): Illuminate\\Http\\Middleware\\TrustProxies->handle()
#38 /home/zein/surat-ibrahimy/vendor/laravel/framework/src/Illuminate/Foundation/Http/Middleware/InvokeDeferredCallbacks.php(22): Illuminate\\Pipeline\\Pipeline->{closure:{closure:Illuminate\\Pipeline\\Pipeline::carry():194}:195}()
#39 /home/zein/surat-ibrahimy/vendor/laravel/framework/src/Illuminate/Pipeline/Pipeline.php(219): Illuminate\\Foundation\\Http\\Middleware\\InvokeDeferredCallbacks->handle()
#40 /home/zein/surat-ibrahimy/vendor/laravel/framework/src/Illuminate/Http/Middleware/ValidatePathEncoding.php(28): Illuminate\\Pipeline\\Pipeline->{closure:{closure:Illuminate\\Pipeline\\Pipeline::carry():194}:195}()
#41 /home/zein/surat-ibrahimy/vendor/laravel/framework/src/Illuminate/Pipeline/Pipeline.php(219): Illuminate\\Http\\Middleware\\ValidatePathEncoding->handle()
#42 /home/zein/surat-ibrahimy/vendor/laravel/framework/src/Illuminate/Pipeline/Pipeline.php(137): Illuminate\\Pipeline\\Pipeline->{closure:{closure:Illuminate\\Pipeline\\Pipeline::carry():194}:195}()
#43 /home/zein/surat-ibrahimy/vendor/laravel/framework/src/Illuminate/Foundation/Http/Kernel.php(175): Illuminate\\Pipeline\\Pipeline->then()
#44 /home/zein/surat-ibrahimy/vendor/laravel/framework/src/Illuminate/Foundation/Http/Kernel.php(144): Illuminate\\Foundation\\Http\\Kernel->sendRequestThroughRouter()
#45 /home/zein/surat-ibrahimy/vendor/laravel/framework/src/Illuminate/Foundation/Testing/Concerns/MakesHttpRequests.php(607): Illuminate\\Foundation\\Http\\Kernel->handle()
#46 /home/zein/surat-ibrahimy/vendor/laravel/framework/src/Illuminate/Foundation/Testing/Concerns/MakesHttpRequests.php(397): Illuminate\\Foundation\\Testing\\TestCase->call()
#47 /home/zein/surat-ibrahimy/tests/Feature/SuratMasukTest.php(35): Illuminate\\Foundation\\Testing\\TestCase->post()
#48 /home/zein/surat-ibrahimy/vendor/phpunit/phpunit/src/Framework/TestCase.php(1332): Tests\\Feature\\SuratMasukTest->test_admin_dapat_mencatat_surat_masuk()
#49 /home/zein/surat-ibrahimy/vendor/phpunit/phpunit/src/Framework/TestCase.php(519): PHPUnit\\Framework\\TestCase->runTest()
#50 /home/zein/surat-ibrahimy/vendor/phpunit/phpunit/src/Framework/TestRunner/TestRunner.php(99): PHPUnit\\Framework\\TestCase->runBare()
#51 /home/zein/surat-ibrahimy/vendor/phpunit/phpunit/src/Framework/TestCase.php(359): PHPUnit\\Framework\\TestRunner->run()
#52 /home/zein/surat-ibrahimy/vendor/phpunit/phpunit/src/Framework/TestSuite.php(374): PHPUnit\\Framework\\TestCase->run()
#53 /home/zein/surat-ibrahimy/vendor/phpunit/phpunit/src/Framework/TestSuite.php(374): PHPUnit\\Framework\\TestSuite->run()
#54 /home/zein/surat-ibrahimy/vendor/phpunit/phpunit/src/Framework/TestSuite.php(374): PHPUnit\\Framework\\TestSuite->run()
#55 /home/zein/surat-ibrahimy/vendor/phpunit/phpunit/src/TextUI/TestRunner.php(64): PHPUnit\\Framework\\TestSuite->run()
#56 /home/zein/surat-ibrahimy/vendor/phpunit/phpunit/src/TextUI/Application.php(229): PHPUnit\\TextUI\\TestRunner->run()
#57 /home/zein/surat-ibrahimy/vendor/phpunit/phpunit/phpunit(104): PHPUnit\\TextUI\\Application->run()
#58 {main}
"} 
[2026-08-08 06:50:46] testing.ERROR: No application encryption key has been specified. {"userId":"admin-test","exception":"[object] (Illuminate\\Encryption\\MissingAppKeyException(code: 0): No application encryption key has been specified. at /home/zein/surat-ibrahimy/vendor/laravel/framework/src/Illuminate/Encryption/EncryptionServiceProvider.php:83)
[stacktrace]
#0 /home/zein/surat-ibrahimy/vendor/laravel/framework/src/Illuminate/Support/helpers.php(393): Illuminate\\Encryption\\EncryptionServiceProvider->{closure:Illuminate\\Encryption\\EncryptionServiceProvider::key():81}()
#1 /home/zein/surat-ibrahimy/vendor/laravel/framework/src/Illuminate/Encryption/EncryptionServiceProvider.php(81): tap()
#2 /home/zein/surat-ibrahimy/vendor/laravel/framework/src/Illuminate/Encryption/EncryptionServiceProvider.php(64): Illuminate\\Encryption\\EncryptionServiceProvider->key()
#3 /home/zein/surat-ibrahimy/vendor/laravel/framework/src/Illuminate/Encryption/EncryptionServiceProvider.php(32): Illuminate\\Encryption\\EncryptionServiceProvider->parseKey()
#4 /home/zein/surat-ibrahimy/vendor/laravel/framework/src/Illuminate/Container/Container.php(1118): Illuminate\\Encryption\\EncryptionServiceProvider->{closure:Illuminate\\Encryption\\EncryptionServiceProvider::registerEncrypter():29}()
#5 /home/zein/surat-ibrahimy/vendor/laravel/framework/src/Illuminate/Container/Container.php(936): Illuminate\\Container\\Container->build()
#6 /home/zein/surat-ibrahimy/vendor/laravel/framework/src/Illuminate/Foundation/Application.php(1078): Illuminate\\Container\\Container->resolve()
#7 /home/zein/surat-ibrahimy/vendor/laravel/framework/src/Illuminate/Container/Container.php(864): Illuminate\\Foundation\\Application->resolve()
#8 /home/zein/surat-ibrahimy/vendor/laravel/framework/src/Illuminate/Foundation/Application.php(1058): Illuminate\\Container\\Container->make()
#9 /home/zein/surat-ibrahimy/vendor/laravel/framework/src/Illuminate/Container/Container.php(1339): Illuminate\\Foundation\\Application->make()
#10 /home/zein/surat-ibrahimy/vendor/laravel/framework/src/Illuminate/Container/Container.php(1240): Illuminate\\Container\\Container->resolveClass()
#11 /home/zein/surat-ibrahimy/vendor/laravel/framework/src/Illuminate/Container/Container.php(1165): Illuminate\\Container\\Container->resolveDependencies()
#12 /home/zein/surat-ibrahimy/vendor/laravel/framework/src/Illuminate/Container/Container.php(936): Illuminate\\Container\\Container->build()
#13 /home/zein/surat-ibrahimy/vendor/laravel/framework/src/Illuminate/Foundation/Application.php(1078): Illuminate\\Container\\Container->resolve()
#14 /home/zein/surat-ibrahimy/vendor/laravel/framework/src/Illuminate/Container/Container.php(864): Illuminate\\Foundation\\Application->resolve()
#15 /home/zein/surat-ibrahimy/vendor/laravel/framework/src/Illuminate/Foundation/Application.php(1058): Illuminate\\Container\\Container->make()
#16 /home/zein/surat-ibrahimy/vendor/laravel/framework/src/Illuminate/Pipeline/Pipeline.php(208): Illuminate\\Foundation\\Application->make()
#17 /home/zein/surat-ibrahimy/vendor/laravel/framework/src/Illuminate/Pipeline/Pipeline.php(137): Illuminate\\Pipeline\\Pipeline->{closure:{closure:Illuminate\\Pipeline\\Pipeline::carry():194}:195}()
#18 /home/zein/surat-ibrahimy/vendor/laravel/framework/src/Illuminate/Routing/Router.php(821): Illuminate\\Pipeline\\Pipeline->then()
#19 /home/zein/surat-ibrahimy/vendor/laravel/framework/src/Illuminate/Routing/Router.php(800): Illuminate\\Routing\\Router->runRouteWithinStack()
#20 /home/zein/surat-ibrahimy/vendor/laravel/framework/src/Illuminate/Routing/Router.php(764): Illuminate\\Routing\\Router->runRoute()
#21 /home/zein/surat-ibrahimy/vendor/laravel/framework/src/Illuminate/Routing/Router.php(753): Illuminate\\Routing\\Router->dispatchToRoute()
#22 /home/zein/surat-ibrahimy/vendor/laravel/framework/src/Illuminate/Foundation/Http/Kernel.php(200): Illuminate\\Routing\\Router->dispatch()
#23 /home/zein/surat-ibrahimy/vendor/laravel/framework/src/Illuminate/Pipeline/Pipeline.php(180): Illuminate\\Foundation\\Http\\Kernel->{closure:Illuminate\\Foundation\\Http\\Kernel::dispatchToRouter():197}()
#24 /home/zein/surat-ibrahimy/vendor/laravel/framework/src/Illuminate/Foundation/Http/Middleware/TransformsRequest.php(21): Illuminate\\Pipeline\\Pipeline->{closure:Illuminate\\Pipeline\\Pipeline::prepareDestination():178}()
#25 /home/zein/surat-ibrahimy/vendor/laravel/framework/src/Illuminate/Foundation/Http/Middleware/ConvertEmptyStringsToNull.php(31): Illuminate\\Foundation\\Http\\Middleware\\TransformsRequest->handle()
#26 /home/zein/surat-ibrahimy/vendor/laravel/framework/src/Illuminate/Pipeline/Pipeline.php(219): Illuminate\\Foundation\\Http\\Middleware\\ConvertEmptyStringsToNull->handle()
#27 /home/zein/surat-ibrahimy/vendor/laravel/framework/src/Illuminate/Foundation/Http/Middleware/TransformsRequest.php(21): Illuminate\\Pipeline\\Pipeline->{closure:{closure:Illuminate\\Pipeline\\Pipeline::carry():194}:195}()
#28 /home/zein/surat-ibrahimy/vendor/laravel/framework/src/Illuminate/Foundation/Http/Middleware/TrimStrings.php(51): Illuminate\\Foundation\\Http\\Middleware\\TransformsRequest->handle()
#29 /home/zein/surat-ibrahimy/vendor/laravel/framework/src/Illuminate/Pipeline/Pipeline.php(219): Illuminate\\Foundation\\Http\\Middleware\\TrimStrings->handle()
#30 /home/zein/surat-ibrahimy/vendor/laravel/framework/src/Illuminate/Http/Middleware/ValidatePostSize.php(27): Illuminate\\Pipeline\\Pipeline->{closure:{closure:Illuminate\\Pipeline\\Pipeline::carry():194}:195}()
#31 /home/zein/surat-ibrahimy/vendor/laravel/framework/src/Illuminate/Pipeline/Pipeline.php(219): Illuminate\\Http\\Middleware\\ValidatePostSize->handle()
#32 /home/zein/surat-ibrahimy/vendor/laravel/framework/src/Illuminate/Foundation/Http/Middleware/PreventRequestsDuringMaintenance.php(109): Illuminate\\Pipeline\\Pipeline->{closure:{closure:Illuminate\\Pipeline\\Pipeline::carry():194}:195}()
#33 /home/zein/surat-ibrahimy/vendor/laravel/framework/src/Illuminate/Pipeline/Pipeline.php(219): Illuminate\\Foundation\\Http\\Middleware\\PreventRequestsDuringMaintenance->handle()
#34 /home/zein/surat-ibrahimy/vendor/laravel/framework/src/Illuminate/Http/Middleware/HandleCors.php(61): Illuminate\\Pipeline\\Pipeline->{closure:{closure:Illuminate\\Pipeline\\Pipeline::carry():194}:195}()
#35 /home/zein/surat-ibrahimy/vendor/laravel/framework/src/Illuminate/Pipeline/Pipeline.php(219): Illuminate\\Http\\Middleware\\HandleCors->handle()
#36 /home/zein/surat-ibrahimy/vendor/laravel/framework/src/Illuminate/Http/Middleware/TrustProxies.php(58): Illuminate\\Pipeline\\Pipeline->{closure:{closure:Illuminate\\Pipeline\\Pipeline::carry():194}:195}()
#37 /home/zein/surat-ibrahimy/vendor/laravel/framework/src/Illuminate/Pipeline/Pipeline.php(219): Illuminate\\Http\\Middleware\\TrustProxies->handle()
#38 /home/zein/surat-ibrahimy/vendor/laravel/framework/src/Illuminate/Foundation/Http/Middleware/InvokeDeferredCallbacks.php(22): Illuminate\\Pipeline\\Pipeline->{closure:{closure:Illuminate\\Pipeline\\Pipeline::carry():194}:195}()
#39 /home/zein/surat-ibrahimy/vendor/laravel/framework/src/Illuminate/Pipeline/Pipeline.php(219): Illuminate\\Foundation\\Http\\Middleware\\InvokeDeferredCallbacks->handle()
#40 /home/zein/surat-ibrahimy/vendor/laravel/framework/src/Illuminate/Http/Middleware/ValidatePathEncoding.php(28): Illuminate\\Pipeline\\Pipeline->{closure:{closure:Illuminate\\Pipeline\\Pipeline::carry():194}:195}()
#41 /home/zein/surat-ibrahimy/vendor/laravel/framework/src/Illuminate/Pipeline/Pipeline.php(219): Illuminate\\Http\\Middleware\\ValidatePathEncoding->handle()
#42 /home/zein/surat-ibrahimy/vendor/laravel/framework/src/Illuminate/Pipeline/Pipeline.php(137): Illuminate\\Pipeline\\Pipeline->{closure:{closure:Illuminate\\Pipeline\\Pipeline::carry():194}:195}()
#43 /home/zein/surat-ibrahimy/vendor/laravel/framework/src/Illuminate/Foundation/Http/Kernel.php(175): Illuminate\\Pipeline\\Pipeline->then()
#44 /home/zein/surat-ibrahimy/vendor/laravel/framework/src/Illuminate/Foundation/Http/Kernel.php(144): Illuminate\\Foundation\\Http\\Kernel->sendRequestThroughRouter()
#45 /home/zein/surat-ibrahimy/vendor/laravel/framework/src/Illuminate/Foundation/Testing/Concerns/MakesHttpRequests.php(607): Illuminate\\Foundation\\Http\\Kernel->handle()
#46 /home/zein/surat-ibrahimy/vendor/laravel/framework/src/Illuminate/Foundation/Testing/Concerns/MakesHttpRequests.php(397): Illuminate\\Foundation\\Testing\\TestCase->call()
#47 /home/zein/surat-ibrahimy/tests/Feature/SuratMasukTest.php(64): Illuminate\\Foundation\\Testing\\TestCase->post()
#48 /home/zein/surat-ibrahimy/vendor/phpunit/phpunit/src/Framework/TestCase.php(1332): Tests\\Feature\\SuratMasukTest->test_validasi_wajib_perihal_dan_tanggal()
#49 /home/zein/surat-ibrahimy/vendor/phpunit/phpunit/src/Framework/TestCase.php(519): PHPUnit\\Framework\\TestCase->runTest()
#50 /home/zein/surat-ibrahimy/vendor/phpunit/phpunit/src/Framework/TestRunner/TestRunner.php(99): PHPUnit\\Framework\\TestCase->runBare()
#51 /home/zein/surat-ibrahimy/vendor/phpunit/phpunit/src/Framework/TestCase.php(359): PHPUnit\\Framework\\TestRunner->run()
#52 /home/zein/surat-ibrahimy/vendor/phpunit/phpunit/src/Framework/TestSuite.php(374): PHPUnit\\Framework\\TestCase->run()
#53 /home/zein/surat-ibrahimy/vendor/phpunit/phpunit/src/Framework/TestSuite.php(374): PHPUnit\\Framework\\TestSuite->run()
#54 /home/zein/surat-ibrahimy/vendor/phpunit/phpunit/src/Framework/TestSuite.php(374): PHPUnit\\Framework\\TestSuite->run()
#55 /home/zein/surat-ibrahimy/vendor/phpunit/phpunit/src/TextUI/TestRunner.php(64): PHPUnit\\Framework\\TestSuite->run()
#56 /home/zein/surat-ibrahimy/vendor/phpunit/phpunit/src/TextUI/Application.php(229): PHPUnit\\TextUI\\TestRunner->run()
#57 /home/zein/surat-ibrahimy/vendor/phpunit/phpunit/phpunit(104): PHPUnit\\TextUI\\Application->run()
#58 {main}
"} 
[2026-08-08 06:50:46] testing.ERROR: No application encryption key has been specified. {"userId":"biasa","exception":"[object] (Illuminate\\Encryption\\MissingAppKeyException(code: 0): No application encryption key has been specified. at /home/zein/surat-ibrahimy/vendor/laravel/framework/src/Illuminate/Encryption/EncryptionServiceProvider.php:83)
[stacktrace]
#0 /home/zein/surat-ibrahimy/vendor/laravel/framework/src/Illuminate/Support/helpers.php(393): Illuminate\\Encryption\\EncryptionServiceProvider->{closure:Illuminate\\Encryption\\EncryptionServiceProvider::key():81}()
#1 /home/zein/surat-ibrahimy/vendor/laravel/framework/src/Illuminate/Encryption/EncryptionServiceProvider.php(81): tap()
#2 /home/zein/surat-ibrahimy/vendor/laravel/framework/src/Illuminate/Encryption/EncryptionServiceProvider.php(64): Illuminate\\Encryption\\EncryptionServiceProvider->key()
#3 /home/zein/surat-ibrahimy/vendor/laravel/framework/src/Illuminate/Encryption/EncryptionServiceProvider.php(32): Illuminate\\Encryption\\EncryptionServiceProvider->parseKey()
#4 /home/zein/surat-ibrahimy/vendor/laravel/framework/src/Illuminate/Container/Container.php(1118): Illuminate\\Encryption\\EncryptionServiceProvider->{closure:Illuminate\\Encryption\\EncryptionServiceProvider::registerEncrypter():29}()
#5 /home/zein/surat-ibrahimy/vendor/laravel/framework/src/Illuminate/Container/Container.php(936): Illuminate\\Container\\Container->build()
#6 /home/zein/surat-ibrahimy/vendor/laravel/framework/src/Illuminate/Foundation/Application.php(1078): Illuminate\\Container\\Container->resolve()
#7 /home/zein/surat-ibrahimy/vendor/laravel/framework/src/Illuminate/Container/Container.php(864): Illuminate\\Foundation\\Application->resolve()
#8 /home/zein/surat-ibrahimy/vendor/laravel/framework/src/Illuminate/Foundation/Application.php(1058): Illuminate\\Container\\Container->make()
#9 /home/zein/surat-ibrahimy/vendor/laravel/framework/src/Illuminate/Container/Container.php(1339): Illuminate\\Foundation\\Application->make()
#10 /home/zein/surat-ibrahimy/vendor/laravel/framework/src/Illuminate/Container/Container.php(1240): Illuminate\\Container\\Container->resolveClass()
#11 /home/zein/surat-ibrahimy/vendor/laravel/framework/src/Illuminate/Container/Container.php(1165): Illuminate\\Container\\Container->resolveDependencies()
#12 /home/zein/surat-ibrahimy/vendor/laravel/framework/src/Illuminate/Container/Container.php(936): Illuminate\\Container\\Container->build()
#13 /home/zein/surat-ibrahimy/vendor/laravel/framework/src/Illuminate/Foundation/Application.php(1078): Illuminate\\Container\\Container->resolve()
#14 /home/zein/surat-ibrahimy/vendor/laravel/framework/src/Illuminate/Container/Container.php(864): Illuminate\\Foundation\\Application->resolve()
#15 /home/zein/surat-ibrahimy/vendor/laravel/framework/src/Illuminate/Foundation/Application.php(1058): Illuminate\\Container\\Container->make()
#16 /home/zein/surat-ibrahimy/vendor/laravel/framework/src/Illuminate/Pipeline/Pipeline.php(208): Illuminate\\Foundation\\Application->make()
#17 /home/zein/surat-ibrahimy/vendor/laravel/framework/src/Illuminate/Pipeline/Pipeline.php(137): Illuminate\\Pipeline\\Pipeline->{closure:{closure:Illuminate\\Pipeline\\Pipeline::carry():194}:195}()
#18 /home/zein/surat-ibrahimy/vendor/laravel/framework/src/Illuminate/Routing/Router.php(821): Illuminate\\Pipeline\\Pipeline->then()
#19 /home/zein/surat-ibrahimy/vendor/laravel/framework/src/Illuminate/Routing/Router.php(800): Illuminate\\Routing\\Router->runRouteWithinStack()
#20 /home/zein/surat-ibrahimy/vendor/laravel/framework/src/Illuminate/Routing/Router.php(764): Illuminate\\Routing\\Router->runRoute()
#21 /home/zein/surat-ibrahimy/vendor/laravel/framework/src/Illuminate/Routing/Router.php(753): Illuminate\\Routing\\Router->dispatchToRoute()
#22 /home/zein/surat-ibrahimy/vendor/laravel/framework/src/Illuminate/Foundation/Http/Kernel.php(200): Illuminate\\Routing\\Router->dispatch()
#23 /home/zein/surat-ibrahimy/vendor/laravel/framework/src/Illuminate/Pipeline/Pipeline.php(180): Illuminate\\Foundation\\Http\\Kernel->{closure:Illuminate\\Foundation\\Http\\Kernel::dispatchToRouter():197}()
#24 /home/zein/surat-ibrahimy/vendor/laravel/framework/src/Illuminate/Foundation/Http/Middleware/TransformsRequest.php(21): Illuminate\\Pipeline\\Pipeline->{closure:Illuminate\\Pipeline\\Pipeline::prepareDestination():178}()
#25 /home/zein/surat-ibrahimy/vendor/laravel/framework/src/Illuminate/Foundation/Http/Middleware/ConvertEmptyStringsToNull.php(31): Illuminate\\Foundation\\Http\\Middleware\\TransformsRequest->handle()
#26 /home/zein/surat-ibrahimy/vendor/laravel/framework/src/Illuminate/Pipeline/Pipeline.php(219): Illuminate\\Foundation\\Http\\Middleware\\ConvertEmptyStringsToNull->handle()
#27 /home/zein/surat-ibrahimy/vendor/laravel/framework/src/Illuminate/Foundation/Http/Middleware/TransformsRequest.php(21): Illuminate\\Pipeline\\Pipeline->{closure:{closure:Illuminate\\Pipeline\\Pipeline::carry():194}:195}()
#28 /home/zein/surat-ibrahimy/vendor/laravel/framework/src/Illuminate/Foundation/Http/Middleware/TrimStrings.php(51): Illuminate\\Foundation\\Http\\Middleware\\TransformsRequest->handle()
#29 /home/zein/surat-ibrahimy/vendor/laravel/framework/src/Illuminate/Pipeline/Pipeline.php(219): Illuminate\\Foundation\\Http\\Middleware\\TrimStrings->handle()
#30 /home/zein/surat-ibrahimy/vendor/laravel/framework/src/Illuminate/Http/Middleware/ValidatePostSize.php(27): Illuminate\\Pipeline\\Pipeline->{closure:{closure:Illuminate\\Pipeline\\Pipeline::carry():194}:195}()
#31 /home/zein/surat-ibrahimy/vendor/laravel/framework/src/Illuminate/Pipeline/Pipeline.php(219): Illuminate\\Http\\Middleware\\ValidatePostSize->handle()
#32 /home/zein/surat-ibrahimy/vendor/laravel/framework/src/Illuminate/Foundation/Http/Middleware/PreventRequestsDuringMaintenance.php(109): Illuminate\\Pipeline\\Pipeline->{closure:{closure:Illuminate\\Pipeline\\Pipeline::carry():194}:195}()
#33 /home/zein/surat-ibrahimy/vendor/laravel/framework/src/Illuminate/Pipeline/Pipeline.php(219): Illuminate\\Foundation\\Http\\Middleware\\PreventRequestsDuringMaintenance->handle()
#34 /home/zein/surat-ibrahimy/vendor/laravel/framework/src/Illuminate/Http/Middleware/HandleCors.php(61): Illuminate\\Pipeline\\Pipeline->{closure:{closure:Illuminate\\Pipeline\\Pipeline::carry():194}:195}()
#35 /home/zein/surat-ibrahimy/vendor/laravel/framework/src/Illuminate/Pipeline/Pipeline.php(219): Illuminate\\Http\\Middleware\\HandleCors->handle()
#36 /home/zein/surat-ibrahimy/vendor/laravel/framework/src/Illuminate/Http/Middleware/TrustProxies.php(58): Illuminate\\Pipeline\\Pipeline->{closure:{closure:Illuminate\\Pipeline\\Pipeline::carry():194}:195}()
#37 /home/zein/surat-ibrahimy/vendor/laravel/framework/src/Illuminate/Pipeline/Pipeline.php(219): Illuminate\\Http\\Middleware\\TrustProxies->handle()
#38 /home/zein/surat-ibrahimy/vendor/laravel/framework/src/Illuminate/Foundation/Http/Middleware/InvokeDeferredCallbacks.php(22): Illuminate\\Pipeline\\Pipeline->{closure:{closure:Illuminate\\Pipeline\\Pipeline::carry():194}:195}()
#39 /home/zein/surat-ibrahimy/vendor/laravel/framework/src/Illuminate/Pipeline/Pipeline.php(219): Illuminate\\Foundation\\Http\\Middleware\\InvokeDeferredCallbacks->handle()
#40 /home/zein/surat-ibrahimy/vendor/laravel/framework/src/Illuminate/Http/Middleware/ValidatePathEncoding.php(28): Illuminate\\Pipeline\\Pipeline->{closure:{closure:Illuminate\\Pipeline\\Pipeline::carry():194}:195}()
#41 /home/zein/surat-ibrahimy/vendor/laravel/framework/src/Illuminate/Pipeline/Pipeline.php(219): Illuminate\\Http\\Middleware\\ValidatePathEncoding->handle()
#42 /home/zein/surat-ibrahimy/vendor/laravel/framework/src/Illuminate/Pipeline/Pipeline.php(137): Illuminate\\Pipeline\\Pipeline->{closure:{closure:Illuminate\\Pipeline\\Pipeline::carry():194}:195}()
#43 /home/zein/surat-ibrahimy/vendor/laravel/framework/src/Illuminate/Foundation/Http/Kernel.php(175): Illuminate\\Pipeline\\Pipeline->then()
#44 /home/zein/surat-ibrahimy/vendor/laravel/framework/src/Illuminate/Foundation/Http/Kernel.php(144): Illuminate\\Foundation\\Http\\Kernel->sendRequestThroughRouter()
#45 /home/zein/surat-ibrahimy/vendor/laravel/framework/src/Illuminate/Foundation/Testing/Concerns/MakesHttpRequests.php(607): Illuminate\\Foundation\\Http\\Kernel->handle()
#46 /home/zein/surat-ibrahimy/vendor/laravel/framework/src/Illuminate/Foundation/Testing/Concerns/MakesHttpRequests.php(397): Illuminate\\Foundation\\Testing\\TestCase->call()
#47 /home/zein/surat-ibrahimy/tests/Feature/SuratMasukTest.php(79): Illuminate\\Foundation\\Testing\\TestCase->post()
#48 /home/zein/surat-ibrahimy/vendor/phpunit/phpunit/src/Framework/TestCase.php(1332): Tests\\Feature\\SuratMasukTest->test_user_tanpa_permission_tidak_bisa_menambah_surat()
#49 /home/zein/surat-ibrahimy/vendor/phpunit/phpunit/src/Framework/TestCase.php(519): PHPUnit\\Framework\\TestCase->runTest()
#50 /home/zein/surat-ibrahimy/vendor/phpunit/phpunit/src/Framework/TestRunner/TestRunner.php(99): PHPUnit\\Framework\\TestCase->runBare()
#51 /home/zein/surat-ibrahimy/vendor/phpunit/phpunit/src/Framework/TestCase.php(359): PHPUnit\\Framework\\TestRunner->run()
#52 /home/zein/surat-ibrahimy/vendor/phpunit/phpunit/src/Framework/TestSuite.php(374): PHPUnit\\Framework\\TestCase->run()
#53 /home/zein/surat-ibrahimy/vendor/phpunit/phpunit/src/Framework/TestSuite.php(374): PHPUnit\\Framework\\TestSuite->run()
#54 /home/zein/surat-ibrahimy/vendor/phpunit/phpunit/src/Framework/TestSuite.php(374): PHPUnit\\Framework\\TestSuite->run()
#55 /home/zein/surat-ibrahimy/vendor/phpunit/phpunit/src/TextUI/TestRunner.php(64): PHPUnit\\Framework\\TestSuite->run()
#56 /home/zein/surat-ibrahimy/vendor/phpunit/phpunit/src/TextUI/Application.php(229): PHPUnit\\TextUI\\TestRunner->run()
#57 /home/zein/surat-ibrahimy/vendor/phpunit/phpunit/phpunit(104): PHPUnit\\TextUI\\Application->run()
#58 {main}
"} 
[2026-08-08 06:51:04] testing.ERROR: SQLSTATE[HY000]: General error: 1366 Incorrect integer value: 'admin-test' for column 'created_by' at row 1 (Connection: mysql, Host: 127.0.0.1, Port: 3306, Database: testing, SQL: insert into `surats` (`jenis`, `no_agenda`, `no_agenda_urut`, `nomor_urut`, `template_nomor_id`, `klasifikasi_surat_id`, `unit_pengolah_id`, `perihal`, `ringkasan`, `asal_surat`, `pengirim`, `tujuan_surat`, `penerima`, `tanggal_surat`, `tanggal_terima`, `tanggal_kirim`, `sifat`, `created_by`, `updated_at`, `created_at`) values (keluar, 001/2026, 1, 1, 1, 1, 1, Surat Jawaban, ?, ?, ?, UPT Perpustakaan, ?, 2026-08-01 00:00:00, ?, ?, biasa, admin-test, 2026-08-08 06:51:04, 2026-08-08 06:51:04)) {"userId":"admin-test","exception":"[object] (Illuminate\\Database\\QueryException(code: HY000): SQLSTATE[HY000]: General error: 1366 Incorrect integer value: 'admin-test' for column 'created_by' at row 1 (Connection: mysql, Host: 127.0.0.1, Port: 3306, Database: testing, SQL: insert into `surats` (`jenis`, `no_agenda`, `no_agenda_urut`, `nomor_urut`, `template_nomor_id`, `klasifikasi_surat_id`, `unit_pengolah_id`, `perihal`, `ringkasan`, `asal_surat`, `pengirim`, `tujuan_surat`, `penerima`, `tanggal_surat`, `tanggal_terima`, `tanggal_kirim`, `sifat`, `created_by`, `updated_at`, `created_at`) values (keluar, 001/2026, 1, 1, 1, 1, 1, Surat Jawaban, ?, ?, ?, UPT Perpustakaan, ?, 2026-08-01 00:00:00, ?, ?, biasa, admin-test, 2026-08-08 06:51:04, 2026-08-08 06:51:04)) at /home/zein/surat-ibrahimy/vendor/laravel/framework/src/Illuminate/Database/Connection.php:841)
[stacktrace]
#0 /home/zein/surat-ibrahimy/vendor/laravel/framework/src/Illuminate/Database/Connection.php(797): Illuminate\\Database\\Connection->runQueryCallback()
#1 /home/zein/surat-ibrahimy/vendor/laravel/framework/src/Illuminate/Database/MySqlConnection.php(42): Illuminate\\Database\\Connection->run()
#2 /home/zein/surat-ibrahimy/vendor/laravel/framework/src/Illuminate/Database/Query/Processors/MySqlProcessor.php(35): Illuminate\\Database\\MySqlConnection->insert()
#3 /home/zein/surat-ibrahimy/vendor/laravel/framework/src/Illuminate/Database/Query/Builder.php(4246): Illuminate\\Database\\Query\\Processors\\MySqlProcessor->processInsertGetId()
#4 /home/zein/surat-ibrahimy/vendor/laravel/framework/src/Illuminate/Database/Eloquent/Builder.php(2242): Illuminate\\Database\\Query\\Builder->insertGetId()
#5 /home/zein/surat-ibrahimy/vendor/laravel/framework/src/Illuminate/Database/Eloquent/Model.php(1580): Illuminate\\Database\\Eloquent\\Builder->__call()
#6 /home/zein/surat-ibrahimy/vendor/laravel/framework/src/Illuminate/Database/Eloquent/Model.php(1496): Illuminate\\Database\\Eloquent\\Model->insertAndSetId()
#7 /home/zein/surat-ibrahimy/vendor/laravel/framework/src/Illuminate/Database/Eloquent/Model.php(1300): Illuminate\\Database\\Eloquent\\Model->performInsert()
#8 /home/zein/surat-ibrahimy/vendor/laravel/framework/src/Illuminate/Database/Eloquent/Builder.php(1224): Illuminate\\Database\\Eloquent\\Model->save()
#9 /home/zein/surat-ibrahimy/vendor/laravel/framework/src/Illuminate/Support/helpers.php(393): Illuminate\\Database\\Eloquent\\Builder->{closure:Illuminate\\Database\\Eloquent\\Builder::create():1223}()
#10 /home/zein/surat-ibrahimy/vendor/laravel/framework/src/Illuminate/Database/Eloquent/Builder.php(1223): tap()
#11 /home/zein/surat-ibrahimy/vendor/laravel/framework/src/Illuminate/Support/Traits/ForwardsCalls.php(23): Illuminate\\Database\\Eloquent\\Builder->create()
#12 /home/zein/surat-ibrahimy/vendor/laravel/framework/src/Illuminate/Database/Eloquent/Model.php(2723): Illuminate\\Database\\Eloquent\\Model->forwardCallTo()
#13 /home/zein/surat-ibrahimy/vendor/laravel/framework/src/Illuminate/Database/Eloquent/Model.php(2739): Illuminate\\Database\\Eloquent\\Model->__call()
#14 /home/zein/surat-ibrahimy/app/Http/Controllers/SuratController.php(99): Illuminate\\Database\\Eloquent\\Model::__callStatic()
#15 /home/zein/surat-ibrahimy/vendor/laravel/framework/src/Illuminate/Database/Concerns/ManagesTransactions.php(35): App\\Http\\Controllers\\SuratController->{closure:App\\Http\\Controllers\\SuratController::store():88}()
#16 /home/zein/surat-ibrahimy/vendor/laravel/framework/src/Illuminate/Database/DatabaseManager.php(496): Illuminate\\Database\\Connection->transaction()
#17 /home/zein/surat-ibrahimy/vendor/laravel/framework/src/Illuminate/Support/Facades/Facade.php(363): Illuminate\\Database\\DatabaseManager->__call()
#18 /home/zein/surat-ibrahimy/app/Http/Controllers/SuratController.php(88): Illuminate\\Support\\Facades\\Facade::__callStatic()
#19 /home/zein/surat-ibrahimy/vendor/laravel/framework/src/Illuminate/Routing/ControllerDispatcher.php(46): App\\Http\\Controllers\\SuratController->store()
#20 /home/zein/surat-ibrahimy/vendor/laravel/framework/src/Illuminate/Routing/Route.php(269): Illuminate\\Routing\\ControllerDispatcher->dispatch()
#21 /home/zein/surat-ibrahimy/vendor/laravel/framework/src/Illuminate/Routing/Route.php(215): Illuminate\\Routing\\Route->runController()
#22 /home/zein/surat-ibrahimy/vendor/laravel/framework/src/Illuminate/Routing/Router.php(822): Illuminate\\Routing\\Route->run()
#23 /home/zein/surat-ibrahimy/vendor/laravel/framework/src/Illuminate/Pipeline/Pipeline.php(180): Illuminate\\Routing\\Router->{closure:Illuminate\\Routing\\Router::runRouteWithinStack():821}()
#24 /home/zein/surat-ibrahimy/vendor/spatie/laravel-permission/src/Middleware/PermissionMiddleware.php(41): Illuminate\\Pipeline\\Pipeline->{closure:Illuminate\\Pipeline\\Pipeline::prepareDestination():178}()
#25 /home/zein/surat-ibrahimy/vendor/laravel/framework/src/Illuminate/Pipeline/Pipeline.php(219): Spatie\\Permission\\Middleware\\PermissionMiddleware->handle()
#26 /home/zein/surat-ibrahimy/vendor/laravel/framework/src/Illuminate/Auth/Middleware/EnsureEmailIsVerified.php(41): Illuminate\\Pipeline\\Pipeline->{closure:{closure:Illuminate\\Pipeline\\Pipeline::carry():194}:195}()
#27 /home/zein/surat-ibrahimy/vendor/laravel/framework/src/Illuminate/Pipeline/Pipeline.php(219): Illuminate\\Auth\\Middleware\\EnsureEmailIsVerified->handle()
#28 /home/zein/surat-ibrahimy/vendor/laravel/framework/src/Illuminate/Http/Middleware/AddLinkHeadersForPreloadedAssets.php(32): Illuminate\\Pipeline\\Pipeline->{closure:{closure:Illuminate\\Pipeline\\Pipeline::carry():194}:195}()
#29 /home/zein/surat-ibrahimy/vendor/laravel/framework/src/Illuminate/Pipeline/Pipeline.php(219): Illuminate\\Http\\Middleware\\AddLinkHeadersForPreloadedAssets->handle()
#30 /home/zein/surat-ibrahimy/app/Http/Middleware/HandleAppearance.php(21): Illuminate\\Pipeline\\Pipeline->{closure:{closure:Illuminate\\Pipeline\\Pipeline::carry():194}:195}()
#31 /home/zein/surat-ibrahimy/vendor/laravel/framework/src/Illuminate/Pipeline/Pipeline.php(219): App\\Http\\Middleware\\HandleAppearance->handle()
#32 /home/zein/surat-ibrahimy/vendor/laravel/framework/src/Illuminate/Routing/Middleware/SubstituteBindings.php(52): Illuminate\\Pipeline\\Pipeline->{closure:{closure:Illuminate\\Pipeline\\Pipeline::carry():194}:195}()
#33 /home/zein/surat-ibrahimy/vendor/laravel/framework/src/Illuminate/Pipeline/Pipeline.php(219): Illuminate\\Routing\\Middleware\\SubstituteBindings->handle()
#34 /home/zein/surat-ibrahimy/vendor/laravel/framework/src/Illuminate/Auth/Middleware/Authenticate.php(63): Illuminate\\Pipeline\\Pipeline->{closure:{closure:Illuminate\\Pipeline\\Pipeline::carry():194}:195}()
#35 /home/zein/surat-ibrahimy/vendor/laravel/framework/src/Illuminate/Pipeline/Pipeline.php(219): Illuminate\\Auth\\Middleware\\Authenticate->handle()
#36 /home/zein/surat-ibrahimy/vendor/laravel/framework/src/Illuminate/Foundation/Http/Middleware/PreventRequestForgery.php(104): Illuminate\\Pipeline\\Pipeline->{closure:{closure:Illuminate\\Pipeline\\Pipeline::carry():194}:195}()
#37 /home/zein/surat-ibrahimy/vendor/laravel/framework/src/Illuminate/Pipeline/Pipeline.php(219): Illuminate\\Foundation\\Http\\Middleware\\PreventRequestForgery->handle()
#38 /home/zein/surat-ibrahimy/vendor/laravel/framework/src/Illuminate/View/Middleware/ShareErrorsFromSession.php(48): Illuminate\\Pipeline\\Pipeline->{closure:{closure:Illuminate\\Pipeline\\Pipeline::carry():194}:195}()
#39 /home/zein/surat-ibrahimy/vendor/laravel/framework/src/Illuminate/Pipeline/Pipeline.php(219): Illuminate\\View\\Middleware\\ShareErrorsFromSession->handle()
#40 /home/zein/surat-ibrahimy/vendor/inertiajs/inertia-laravel/src/Middleware.php(138): Illuminate\\Pipeline\\Pipeline->{closure:{closure:Illuminate\\Pipeline\\Pipeline::carry():194}:195}()
#41 /home/zein/surat-ibrahimy/vendor/laravel/framework/src/Illuminate/Pipeline/Pipeline.php(219): Inertia\\Middleware->handle()
#42 /home/zein/surat-ibrahimy/vendor/laravel/framework/src/Illuminate/Session/Middleware/StartSession.php(120): Illuminate\\Pipeline\\Pipeline->{closure:{closure:Illuminate\\Pipeline\\Pipeline::carry():194}:195}()
#43 /home/zein/surat-ibrahimy/vendor/laravel/framework/src/Illuminate/Session/Middleware/StartSession.php(63): Illuminate\\Session\\Middleware\\StartSession->handleStatefulRequest()
#44 /home/zein/surat-ibrahimy/vendor/laravel/framework/src/Illuminate/Pipeline/Pipeline.php(219): Illuminate\\Session\\Middleware\\StartSession->handle()
#45 /home/zein/surat-ibrahimy/vendor/laravel/framework/src/Illuminate/Cookie/Middleware/AddQueuedCookiesToResponse.php(36): Illuminate\\Pipeline\\Pipeline->{closure:{closure:Illuminate\\Pipeline\\Pipeline::carry():194}:195}()
#46 /home/zein/surat-ibrahimy/vendor/laravel/framework/src/Illuminate/Pipeline/Pipeline.php(219): Illuminate\\Cookie\\Middleware\\AddQueuedCookiesToResponse->handle()
#47 /home/zein/surat-ibrahimy/vendor/laravel/framework/src/Illuminate/Cookie/Middleware/EncryptCookies.php(74): Illuminate\\Pipeline\\Pipeline->{closure:{closure:Illuminate\\Pipeline\\Pipeline::carry():194}:195}()
#48 /home/zein/surat-ibrahimy/vendor/laravel/framework/src/Illuminate/Pipeline/Pipeline.php(219): Illuminate\\Cookie\\Middleware\\EncryptCookies->handle()
#49 /home/zein/surat-ibrahimy/vendor/laravel/framework/src/Illuminate/Pipeline/Pipeline.php(137): Illuminate\\Pipeline\\Pipeline->{closure:{closure:Illuminate\\Pipeline\\Pipeline::carry():194}:195}()
#50 /home/zein/surat-ibrahimy/vendor/laravel/framework/src/Illuminate/Routing/Router.php(821): Illuminate\\Pipeline\\Pipeline->then()
#51 /home/zein/surat-ibrahimy/vendor/laravel/framework/src/Illuminate/Routing/Router.php(800): Illuminate\\Routing\\Router->runRouteWithinStack()
#52 /home/zein/surat-ibrahimy/vendor/laravel/framework/src/Illuminate/Routing/Router.php(764): Illuminate\\Routing\\Router->runRoute()
#53 /home/zein/surat-ibrahimy/vendor/laravel/framework/src/Illuminate/Routing/Router.php(753): Illuminate\\Routing\\Router->dispatchToRoute()
#54 /home/zein/surat-ibrahimy/vendor/laravel/framework/src/Illuminate/Foundation/Http/Kernel.php(200): Illuminate\\Routing\\Router->dispatch()
#55 /home/zein/surat-ibrahimy/vendor/laravel/framework/src/Illuminate/Pipeline/Pipeline.php(180): Illuminate\\Foundation\\Http\\Kernel->{closure:Illuminate\\Foundation\\Http\\Kernel::dispatchToRouter():197}()
#56 /home/zein/surat-ibrahimy/vendor/laravel/framework/src/Illuminate/Foundation/Http/Middleware/TransformsRequest.php(21): Illuminate\\Pipeline\\Pipeline->{closure:Illuminate\\Pipeline\\Pipeline::prepareDestination():178}()
#57 /home/zein/surat-ibrahimy/vendor/laravel/framework/src/Illuminate/Foundation/Http/Middleware/ConvertEmptyStringsToNull.php(31): Illuminate\\Foundation\\Http\\Middleware\\TransformsRequest->handle()
#58 /home/zein/surat-ibrahimy/vendor/laravel/framework/src/Illuminate/Pipeline/Pipeline.php(219): Illuminate\\Foundation\\Http\\Middleware\\ConvertEmptyStringsToNull->handle()
#59 /home/zein/surat-ibrahimy/vendor/laravel/framework/src/Illuminate/Foundation/Http/Middleware/TransformsRequest.php(21): Illuminate\\Pipeline\\Pipeline->{closure:{closure:Illuminate\\Pipeline\\Pipeline::carry():194}:195}()
#60 /home/zein/surat-ibrahimy/vendor/laravel/framework/src/Illuminate/Foundation/Http/Middleware/TrimStrings.php(51): Illuminate\\Foundation\\Http\\Middleware\\TransformsRequest->handle()
#61 /home/zein/surat-ibrahimy/vendor/laravel/framework/src/Illuminate/Pipeline/Pipeline.php(219): Illuminate\\Foundation\\Http\\Middleware\\TrimStrings->handle()
#62 /home/zein/surat-ibrahimy/vendor/laravel/framework/src/Illuminate/Http/Middleware/ValidatePostSize.php(27): Illuminate\\Pipeline\\Pipeline->{closure:{closure:Illuminate\\Pipeline\\Pipeline::carry():194}:195}()
#63 /home/zein/surat-ibrahimy/vendor/laravel/framework/src/Illuminate/Pipeline/Pipeline.php(219): Illuminate\\Http\\Middleware\\ValidatePostSize->handle()
#64 /home/zein/surat-ibrahimy/vendor/laravel/framework/src/Illuminate/Foundation/Http/Middleware/PreventRequestsDuringMaintenance.php(109): Illuminate\\Pipeline\\Pipeline->{closure:{closure:Illuminate\\Pipeline\\Pipeline::carry():194}:195}()
#65 /home/zein/surat-ibrahimy/vendor/laravel/framework/src/Illuminate/Pipeline/Pipeline.php(219): Illuminate\\Foundation\\Http\\Middleware\\PreventRequestsDuringMaintenance->handle()
#66 /home/zein/surat-ibrahimy/vendor/laravel/framework/src/Illuminate/Http/Middleware/HandleCors.php(61): Illuminate\\Pipeline\\Pipeline->{closure:{closure:Illuminate\\Pipeline\\Pipeline::carry():194}:195}()
#67 /home/zein/surat-ibrahimy/vendor/laravel/framework/src/Illuminate/Pipeline/Pipeline.php(219): Illuminate\\Http\\Middleware\\HandleCors->handle()
#68 /home/zein/surat-ibrahimy/vendor/laravel/framework/src/Illuminate/Http/Middleware/TrustProxies.php(58): Illuminate\\Pipeline\\Pipeline->{closure:{closure:Illuminate\\Pipeline\\Pipeline::carry():194}:195}()
#69 /home/zein/surat-ibrahimy/vendor/laravel/framework/src/Illuminate/Pipeline/Pipeline.php(219): Illuminate\\Http\\Middleware\\TrustProxies->handle()
#70 /home/zein/surat-ibrahimy/vendor/laravel/framework/src/Illuminate/Foundation/Http/Middleware/InvokeDeferredCallbacks.php(22): Illuminate\\Pipeline\\Pipeline->{closure:{closure:Illuminate\\Pipeline\\Pipeline::carry():194}:195}()
#71 /home/zein/surat-ibrahimy/vendor/laravel/framework/src/Illuminate/Pipeline/Pipeline.php(219): Illuminate\\Foundation\\Http\\Middleware\\InvokeDeferredCallbacks->handle()
#72 /home/zein/surat-ibrahimy/vendor/laravel/framework/src/Illuminate/Http/Middleware/ValidatePathEncoding.php(28): Illuminate\\Pipeline\\Pipeline->{closure:{closure:Illuminate\\Pipeline\\Pipeline::carry():194}:195}()
#73 /home/zein/surat-ibrahimy/vendor/laravel/framework/src/Illuminate/Pipeline/Pipeline.php(219): Illuminate\\Http\\Middleware\\ValidatePathEncoding->handle()
#74 /home/zein/surat-ibrahimy/vendor/laravel/framework/src/Illuminate/Pipeline/Pipeline.php(137): Illuminate\\Pipeline\\Pipeline->{closure:{closure:Illuminate\\Pipeline\\Pipeline::carry():194}:195}()
#75 /home/zein/surat-ibrahimy/vendor/laravel/framework/src/Illuminate/Foundation/Http/Kernel.php(175): Illuminate\\Pipeline\\Pipeline->then()
#76 /home/zein/surat-ibrahimy/vendor/laravel/framework/src/Illuminate/Foundation/Http/Kernel.php(144): Illuminate\\Foundation\\Http\\Kernel->sendRequestThroughRouter()
#77 /home/zein/surat-ibrahimy/vendor/laravel/framework/src/Illuminate/Foundation/Testing/Concerns/MakesHttpRequests.php(607): Illuminate\\Foundation\\Http\\Kernel->handle()
#78 /home/zein/surat-ibrahimy/vendor/laravel/framework/src/Illuminate/Foundation/Testing/Concerns/MakesHttpRequests.php(397): Illuminate\\Foundation\\Testing\\TestCase->call()
#79 /home/zein/surat-ibrahimy/tests/Feature/SuratKeluarNomorTest.php(48): Illuminate\\Foundation\\Testing\\TestCase->post()
#80 /home/zein/surat-ibrahimy/vendor/phpunit/phpunit/src/Framework/TestCase.php(1332): Tests\\Feature\\SuratKeluarNomorTest->test_nomor_surat_dibuat_otomatis_dari_template()
#81 /home/zein/surat-ibrahimy/vendor/phpunit/phpunit/src/Framework/TestCase.php(519): PHPUnit\\Framework\\TestCase->runTest()
#82 /home/zein/surat-ibrahimy/vendor/phpunit/phpunit/src/Framework/TestRunner/TestRunner.php(99): PHPUnit\\Framework\\TestCase->runBare()
#83 /home/zein/surat-ibrahimy/vendor/phpunit/phpunit/src/Framework/TestCase.php(359): PHPUnit\\Framework\\TestRunner->run()
#84 /home/zein/surat-ibrahimy/vendor/phpunit/phpunit/src/Framework/TestSuite.php(374): PHPUnit\\Framework\\TestCase->run()
#85 /home/zein/surat-ibrahimy/vendor/phpunit/phpunit/src/Framework/TestSuite.php(374): PHPUnit\\Framework\\TestSuite->run()
#86 /home/zein/surat-ibrahimy/vendor/phpunit/phpunit/src/Framework/TestSuite.php(374): PHPUnit\\Framework\\TestSuite->run()
#87 /home/zein/surat-ibrahimy/vendor/phpunit/phpunit/src/TextUI/TestRunner.php(64): PHPUnit\\Framework\\TestSuite->run()
#88 /home/zein/surat-ibrahimy/vendor/phpunit/phpunit/src/TextUI/Application.php(229): PHPUnit\\TextUI\\TestRunner->run()
#89 /home/zein/surat-ibrahimy/vendor/phpunit/phpunit/phpunit(104): PHPUnit\\TextUI\\Application->run()
#90 {main}

[previous exception] [object] (PDOException(code: HY000): SQLSTATE[HY000]: General error: 1366 Incorrect integer value: 'admin-test' for column 'created_by' at row 1 at /home/zein/surat-ibrahimy/vendor/laravel/framework/src/Illuminate/Database/MySqlConnection.php:53)
[stacktrace]
#0 /home/zein/surat-ibrahimy/vendor/laravel/framework/src/Illuminate/Database/MySqlConnection.php(53): PDOStatement->execute()
#1 /home/zein/surat-ibrahimy/vendor/laravel/framework/src/Illuminate/Database/Connection.php(830): Illuminate\\Database\\MySqlConnection->{closure:Illuminate\\Database\\MySqlConnection::insert():42}()
#2 /home/zein/surat-ibrahimy/vendor/laravel/framework/src/Illuminate/Database/Connection.php(797): Illuminate\\Database\\Connection->runQueryCallback()
#3 /home/zein/surat-ibrahimy/vendor/laravel/framework/src/Illuminate/Database/MySqlConnection.php(42): Illuminate\\Database\\Connection->run()
#4 /home/zein/surat-ibrahimy/vendor/laravel/framework/src/Illuminate/Database/Query/Processors/MySqlProcessor.php(35): Illuminate\\Database\\MySqlConnection->insert()
#5 /home/zein/surat-ibrahimy/vendor/laravel/framework/src/Illuminate/Database/Query/Builder.php(4246): Illuminate\\Database\\Query\\Processors\\MySqlProcessor->processInsertGetId()
#6 /home/zein/surat-ibrahimy/vendor/laravel/framework/src/Illuminate/Database/Eloquent/Builder.php(2242): Illuminate\\Database\\Query\\Builder->insertGetId()
#7 /home/zein/surat-ibrahimy/vendor/laravel/framework/src/Illuminate/Database/Eloquent/Model.php(1580): Illuminate\\Database\\Eloquent\\Builder->__call()
#8 /home/zein/surat-ibrahimy/vendor/laravel/framework/src/Illuminate/Database/Eloquent/Model.php(1496): Illuminate\\Database\\Eloquent\\Model->insertAndSetId()
#9 /home/zein/surat-ibrahimy/vendor/laravel/framework/src/Illuminate/Database/Eloquent/Model.php(1300): Illuminate\\Database\\Eloquent\\Model->performInsert()
#10 /home/zein/surat-ibrahimy/vendor/laravel/framework/src/Illuminate/Database/Eloquent/Builder.php(1224): Illuminate\\Database\\Eloquent\\Model->save()
#11 /home/zein/surat-ibrahimy/vendor/laravel/framework/src/Illuminate/Support/helpers.php(393): Illuminate\\Database\\Eloquent\\Builder->{closure:Illuminate\\Database\\Eloquent\\Builder::create():1223}()
#12 /home/zein/surat-ibrahimy/vendor/laravel/framework/src/Illuminate/Database/Eloquent/Builder.php(1223): tap()
#13 /home/zein/surat-ibrahimy/vendor/laravel/framework/src/Illuminate/Support/Traits/ForwardsCalls.php(23): Illuminate\\Database\\Eloquent\\Builder->create()
#14 /home/zein/surat-ibrahimy/vendor/laravel/framework/src/Illuminate/Database/Eloquent/Model.php(2723): Illuminate\\Database\\Eloquent\\Model->forwardCallTo()
#15 /home/zein/surat-ibrahimy/vendor/laravel/framework/src/Illuminate/Database/Eloquent/Model.php(2739): Illuminate\\Database\\Eloquent\\Model->__call()
#16 /home/zein/surat-ibrahimy/app/Http/Controllers/SuratController.php(99): Illuminate\\Database\\Eloquent\\Model::__callStatic()
#17 /home/zein/surat-ibrahimy/vendor/laravel/framework/src/Illuminate/Database/Concerns/ManagesTransactions.php(35): App\\Http\\Controllers\\SuratController->{closure:App\\Http\\Controllers\\SuratController::store():88}()
#18 /home/zein/surat-ibrahimy/vendor/laravel/framework/src/Illuminate/Database/DatabaseManager.php(496): Illuminate\\Database\\Connection->transaction()
#19 /home/zein/surat-ibrahimy/vendor/laravel/framework/src/Illuminate/Support/Facades/Facade.php(363): Illuminate\\Database\\DatabaseManager->__call()
#20 /home/zein/surat-ibrahimy/app/Http/Controllers/SuratController.php(88): Illuminate\\Support\\Facades\\Facade::__callStatic()
#21 /home/zein/surat-ibrahimy/vendor/laravel/framework/src/Illuminate/Routing/ControllerDispatcher.php(46): App\\Http\\Controllers\\SuratController->store()
#22 /home/zein/surat-ibrahimy/vendor/laravel/framework/src/Illuminate/Routing/Route.php(269): Illuminate\\Routing\\ControllerDispatcher->dispatch()
#23 /home/zein/surat-ibrahimy/vendor/laravel/framework/src/Illuminate/Routing/Route.php(215): Illuminate\\Routing\\Route->runController()
#24 /home/zein/surat-ibrahimy/vendor/laravel/framework/src/Illuminate/Routing/Router.php(822): Illuminate\\Routing\\Route->run()
#25 /home/zein/surat-ibrahimy/vendor/laravel/framework/src/Illuminate/Pipeline/Pipeline.php(180): Illuminate\\Routing\\Router->{closure:Illuminate\\Routing\\Router::runRouteWithinStack():821}()
#26 /home/zein/surat-ibrahimy/vendor/spatie/laravel-permission/src/Middleware/PermissionMiddleware.php(41): Illuminate\\Pipeline\\Pipeline->{closure:Illuminate\\Pipeline\\Pipeline::prepareDestination():178}()
#27 /home/zein/surat-ibrahimy/vendor/laravel/framework/src/Illuminate/Pipeline/Pipeline.php(219): Spatie\\Permission\\Middleware\\PermissionMiddleware->handle()
#28 /home/zein/surat-ibrahimy/vendor/laravel/framework/src/Illuminate/Auth/Middleware/EnsureEmailIsVerified.php(41): Illuminate\\Pipeline\\Pipeline->{closure:{closure:Illuminate\\Pipeline\\Pipeline::carry():194}:195}()
#29 /home/zein/surat-ibrahimy/vendor/laravel/framework/src/Illuminate/Pipeline/Pipeline.php(219): Illuminate\\Auth\\Middleware\\EnsureEmailIsVerified->handle()
#30 /home/zein/surat-ibrahimy/vendor/laravel/framework/src/Illuminate/Http/Middleware/AddLinkHeadersForPreloadedAssets.php(32): Illuminate\\Pipeline\\Pipeline->{closure:{closure:Illuminate\\Pipeline\\Pipeline::carry():194}:195}()
#31 /home/zein/surat-ibrahimy/vendor/laravel/framework/src/Illuminate/Pipeline/Pipeline.php(219): Illuminate\\Http\\Middleware\\AddLinkHeadersForPreloadedAssets->handle()
#32 /home/zein/surat-ibrahimy/app/Http/Middleware/HandleAppearance.php(21): Illuminate\\Pipeline\\Pipeline->{closure:{closure:Illuminate\\Pipeline\\Pipeline::carry():194}:195}()
#33 /home/zein/surat-ibrahimy/vendor/laravel/framework/src/Illuminate/Pipeline/Pipeline.php(219): App\\Http\\Middleware\\HandleAppearance->handle()
#34 /home/zein/surat-ibrahimy/vendor/laravel/framework/src/Illuminate/Routing/Middleware/SubstituteBindings.php(52): Illuminate\\Pipeline\\Pipeline->{closure:{closure:Illuminate\\Pipeline\\Pipeline::carry():194}:195}()
#35 /home/zein/surat-ibrahimy/vendor/laravel/framework/src/Illuminate/Pipeline/Pipeline.php(219): Illuminate\\Routing\\Middleware\\SubstituteBindings->handle()
#36 /home/zein/surat-ibrahimy/vendor/laravel/framework/src/Illuminate/Auth/Middleware/Authenticate.php(63): Illuminate\\Pipeline\\Pipeline->{closure:{closure:Illuminate\\Pipeline\\Pipeline::carry():194}:195}()
#37 /home/zein/surat-ibrahimy/vendor/laravel/framework/src/Illuminate/Pipeline/Pipeline.php(219): Illuminate\\Auth\\Middleware\\Authenticate->handle()
#38 /home/zein/surat-ibrahimy/vendor/laravel/framework/src/Illuminate/Foundation/Http/Middleware/PreventRequestForgery.php(104): Illuminate\\Pipeline\\Pipeline->{closure:{closure:Illuminate\\Pipeline\\Pipeline::carry():194}:195}()
#39 /home/zein/surat-ibrahimy/vendor/laravel/framework/src/Illuminate/Pipeline/Pipeline.php(219): Illuminate\\Foundation\\Http\\Middleware\\PreventRequestForgery->handle()
#40 /home/zein/surat-ibrahimy/vendor/laravel/framework/src/Illuminate/View/Middleware/ShareErrorsFromSession.php(48): Illuminate\\Pipeline\\Pipeline->{closure:{closure:Illuminate\\Pipeline\\Pipeline::carry():194}:195}()
#41 /home/zein/surat-ibrahimy/vendor/laravel/framework/src/Illuminate/Pipeline/Pipeline.php(219): Illuminate\\View\\Middleware\\ShareErrorsFromSession->handle()
#42 /home/zein/surat-ibrahimy/vendor/inertiajs/inertia-laravel/src/Middleware.php(138): Illuminate\\Pipeline\\Pipeline->{closure:{closure:Illuminate\\Pipeline\\Pipeline::carry():194}:195}()
#43 /home/zein/surat-ibrahimy/vendor/laravel/framework/src/Illuminate/Pipeline/Pipeline.php(219): Inertia\\Middleware->handle()
#44 /home/zein/surat-ibrahimy/vendor/laravel/framework/src/Illuminate/Session/Middleware/StartSession.php(120): Illuminate\\Pipeline\\Pipeline->{closure:{closure:Illuminate\\Pipeline\\Pipeline::carry():194}:195}()
#45 /home/zein/surat-ibrahimy/vendor/laravel/framework/src/Illuminate/Session/Middleware/StartSession.php(63): Illuminate\\Session\\Middleware\\StartSession->handleStatefulRequest()
#46 /home/zein/surat-ibrahimy/vendor/laravel/framework/src/Illuminate/Pipeline/Pipeline.php(219): Illuminate\\Session\\Middleware\\StartSession->handle()
#47 /home/zein/surat-ibrahimy/vendor/laravel/framework/src/Illuminate/Cookie/Middleware/AddQueuedCookiesToResponse.php(36): Illuminate\\Pipeline\\Pipeline->{closure:{closure:Illuminate\\Pipeline\\Pipeline::carry():194}:195}()
#48 /home/zein/surat-ibrahimy/vendor/laravel/framework/src/Illuminate/Pipeline/Pipeline.php(219): Illuminate\\Cookie\\Middleware\\AddQueuedCookiesToResponse->handle()
#49 /home/zein/surat-ibrahimy/vendor/laravel/framework/src/Illuminate/Cookie/Middleware/EncryptCookies.php(74): Illuminate\\Pipeline\\Pipeline->{closure:{closure:Illuminate\\Pipeline\\Pipeline::carry():194}:195}()
#50 /home/zein/surat-ibrahimy/vendor/laravel/framework/src/Illuminate/Pipeline/Pipeline.php(219): Illuminate\\Cookie\\Middleware\\EncryptCookies->handle()
#51 /home/zein/surat-ibrahimy/vendor/laravel/framework/src/Illuminate/Pipeline/Pipeline.php(137): Illuminate\\Pipeline\\Pipeline->{closure:{closure:Illuminate\\Pipeline\\Pipeline::carry():194}:195}()
#52 /home/zein/surat-ibrahimy/vendor/laravel/framework/src/Illuminate/Routing/Router.php(821): Illuminate\\Pipeline\\Pipeline->then()
#53 /home/zein/surat-ibrahimy/vendor/laravel/framework/src/Illuminate/Routing/Router.php(800): Illuminate\\Routing\\Router->runRouteWithinStack()
#54 /home/zein/surat-ibrahimy/vendor/laravel/framework/src/Illuminate/Routing/Router.php(764): Illuminate\\Routing\\Router->runRoute()
#55 /home/zein/surat-ibrahimy/vendor/laravel/framework/src/Illuminate/Routing/Router.php(753): Illuminate\\Routing\\Router->dispatchToRoute()
#56 /home/zein/surat-ibrahimy/vendor/laravel/framework/src/Illuminate/Foundation/Http/Kernel.php(200): Illuminate\\Routing\\Router->dispatch()
#57 /home/zein/surat-ibrahimy/vendor/laravel/framework/src/Illuminate/Pipeline/Pipeline.php(180): Illuminate\\Foundation\\Http\\Kernel->{closure:Illuminate\\Foundation\\Http\\Kernel::dispatchToRouter():197}()
#58 /home/zein/surat-ibrahimy/vendor/laravel/framework/src/Illuminate/Foundation/Http/Middleware/TransformsRequest.php(21): Illuminate\\Pipeline\\Pipeline->{closure:Illuminate\\Pipeline\\Pipeline::prepareDestination():178}()
#59 /home/zein/surat-ibrahimy/vendor/laravel/framework/src/Illuminate/Foundation/Http/Middleware/ConvertEmptyStringsToNull.php(31): Illuminate\\Foundation\\Http\\Middleware\\TransformsRequest->handle()
#60 /home/zein/surat-ibrahimy/vendor/laravel/framework/src/Illuminate/Pipeline/Pipeline.php(219): Illuminate\\Foundation\\Http\\Middleware\\ConvertEmptyStringsToNull->handle()
#61 /home/zein/surat-ibrahimy/vendor/laravel/framework/src/Illuminate/Foundation/Http/Middleware/TransformsRequest.php(21): Illuminate\\Pipeline\\Pipeline->{closure:{closure:Illuminate\\Pipeline\\Pipeline::carry():194}:195}()
#62 /home/zein/surat-ibrahimy/vendor/laravel/framework/src/Illuminate/Foundation/Http/Middleware/TrimStrings.php(51): Illuminate\\Foundation\\Http\\Middleware\\TransformsRequest->handle()
#63 /home/zein/surat-ibrahimy/vendor/laravel/framework/src/Illuminate/Pipeline/Pipeline.php(219): Illuminate\\Foundation\\Http\\Middleware\\TrimStrings->handle()
#64 /home/zein/surat-ibrahimy/vendor/laravel/framework/src/Illuminate/Http/Middleware/ValidatePostSize.php(27): Illuminate\\Pipeline\\Pipeline->{closure:{closure:Illuminate\\Pipeline\\Pipeline::carry():194}:195}()
#65 /home/zein/surat-ibrahimy/vendor/laravel/framework/src/Illuminate/Pipeline/Pipeline.php(219): Illuminate\\Http\\Middleware\\ValidatePostSize->handle()
#66 /home/zein/surat-ibrahimy/vendor/laravel/framework/src/Illuminate/Foundation/Http/Middleware/PreventRequestsDuringMaintenance.php(109): Illuminate\\Pipeline\\Pipeline->{closure:{closure:Illuminate\\Pipeline\\Pipeline::carry():194}:195}()
#67 /home/zein/surat-ibrahimy/vendor/laravel/framework/src/Illuminate/Pipeline/Pipeline.php(219): Illuminate\\Foundation\\Http\\Middleware\\PreventRequestsDuringMaintenance->handle()
#68 /home/zein/surat-ibrahimy/vendor/laravel/framework/src/Illuminate/Http/Middleware/HandleCors.php(61): Illuminate\\Pipeline\\Pipeline->{closure:{closure:Illuminate\\Pipeline\\Pipeline::carry():194}:195}()
#69 /home/zein/surat-ibrahimy/vendor/laravel/framework/src/Illuminate/Pipeline/Pipeline.php(219): Illuminate\\Http\\Middleware\\HandleCors->handle()
#70 /home/zein/surat-ibrahimy/vendor/laravel/framework/src/Illuminate/Http/Middleware/TrustProxies.php(58): Illuminate\\Pipeline\\Pipeline->{closure:{closure:Illuminate\\Pipeline\\Pipeline::carry():194}:195}()
#71 /home/zein/surat-ibrahimy/vendor/laravel/framework/src/Illuminate/Pipeline/Pipeline.php(219): Illuminate\\Http\\Middleware\\TrustProxies->handle()
#72 /home/zein/surat-ibrahimy/vendor/laravel/framework/src/Illuminate/Foundation/Http/Middleware/InvokeDeferredCallbacks.php(22): Illuminate\\Pipeline\\Pipeline->{closure:{closure:Illuminate\\Pipeline\\Pipeline::carry():194}:195}()
#73 /home/zein/surat-ibrahimy/vendor/laravel/framework/src/Illuminate/Pipeline/Pipeline.php(219): Illuminate\\Foundation\\Http\\Middleware\\InvokeDeferredCallbacks->handle()
#74 /home/zein/surat-ibrahimy/vendor/laravel/framework/src/Illuminate/Http/Middleware/ValidatePathEncoding.php(28): Illuminate\\Pipeline\\Pipeline->{closure:{closure:Illuminate\\Pipeline\\Pipeline::carry():194}:195}()
#75 /home/zein/surat-ibrahimy/vendor/laravel/framework/src/Illuminate/Pipeline/Pipeline.php(219): Illuminate\\Http\\Middleware\\ValidatePathEncoding->handle()
#76 /home/zein/surat-ibrahimy/vendor/laravel/framework/src/Illuminate/Pipeline/Pipeline.php(137): Illuminate\\Pipeline\\Pipeline->{closure:{closure:Illuminate\\Pipeline\\Pipeline::carry():194}:195}()
#77 /home/zein/surat-ibrahimy/vendor/laravel/framework/src/Illuminate/Foundation/Http/Kernel.php(175): Illuminate\\Pipeline\\Pipeline->then()
#78 /home/zein/surat-ibrahimy/vendor/laravel/framework/src/Illuminate/Foundation/Http/Kernel.php(144): Illuminate\\Foundation\\Http\\Kernel->sendRequestThroughRouter()
#79 /home/zein/surat-ibrahimy/vendor/laravel/framework/src/Illuminate/Foundation/Testing/Concerns/MakesHttpRequests.php(607): Illuminate\\Foundation\\Http\\Kernel->handle()
#80 /home/zein/surat-ibrahimy/vendor/laravel/framework/src/Illuminate/Foundation/Testing/Concerns/MakesHttpRequests.php(397): Illuminate\\Foundation\\Testing\\TestCase->call()
#81 /home/zein/surat-ibrahimy/tests/Feature/SuratKeluarNomorTest.php(48): Illuminate\\Foundation\\Testing\\TestCase->post()
#82 /home/zein/surat-ibrahimy/vendor/phpunit/phpunit/src/Framework/TestCase.php(1332): Tests\\Feature\\SuratKeluarNomorTest->test_nomor_surat_dibuat_otomatis_dari_template()
#83 /home/zein/surat-ibrahimy/vendor/phpunit/phpunit/src/Framework/TestCase.php(519): PHPUnit\\Framework\\TestCase->runTest()
#84 /home/zein/surat-ibrahimy/vendor/phpunit/phpunit/src/Framework/TestRunner/TestRunner.php(99): PHPUnit\\Framework\\TestCase->runBare()
#85 /home/zein/surat-ibrahimy/vendor/phpunit/phpunit/src/Framework/TestCase.php(359): PHPUnit\\Framework\\TestRunner->run()
#86 /home/zein/surat-ibrahimy/vendor/phpunit/phpunit/src/Framework/TestSuite.php(374): PHPUnit\\Framework\\TestCase->run()
#87 /home/zein/surat-ibrahimy/vendor/phpunit/phpunit/src/Framework/TestSuite.php(374): PHPUnit\\Framework\\TestSuite->run()
#88 /home/zein/surat-ibrahimy/vendor/phpunit/phpunit/src/Framework/TestSuite.php(374): PHPUnit\\Framework\\TestSuite->run()
#89 /home/zein/surat-ibrahimy/vendor/phpunit/phpunit/src/TextUI/TestRunner.php(64): PHPUnit\\Framework\\TestSuite->run()
#90 /home/zein/surat-ibrahimy/vendor/phpunit/phpunit/src/TextUI/Application.php(229): PHPUnit\\TextUI\\TestRunner->run()
#91 /home/zein/surat-ibrahimy/vendor/phpunit/phpunit/phpunit(104): PHPUnit\\TextUI\\Application->run()
#92 {main}
"} 
[2026-08-08 06:51:04] testing.ERROR: SQLSTATE[HY000]: General error: 1366 Incorrect integer value: 'admin-test' for column 'created_by' at row 1 (Connection: mysql, Host: 127.0.0.1, Port: 3306, Database: testing, SQL: insert into `surats` (`jenis`, `no_agenda`, `no_agenda_urut`, `nomor_urut`, `template_nomor_id`, `klasifikasi_surat_id`, `unit_pengolah_id`, `perihal`, `ringkasan`, `asal_surat`, `pengirim`, `tujuan_surat`, `penerima`, `tanggal_surat`, `tanggal_terima`, `tanggal_kirim`, `sifat`, `created_by`, `updated_at`, `created_at`) values (keluar, 001/2026, 1, 1, 2, ?, ?, Surat Pertama, ?, ?, ?, ?, ?, 2026-02-10 00:00:00, ?, ?, biasa, admin-test, 2026-08-08 06:51:04, 2026-08-08 06:51:04)) {"userId":"admin-test","exception":"[object] (Illuminate\\Database\\QueryException(code: HY000): SQLSTATE[HY000]: General error: 1366 Incorrect integer value: 'admin-test' for column 'created_by' at row 1 (Connection: mysql, Host: 127.0.0.1, Port: 3306, Database: testing, SQL: insert into `surats` (`jenis`, `no_agenda`, `no_agenda_urut`, `nomor_urut`, `template_nomor_id`, `klasifikasi_surat_id`, `unit_pengolah_id`, `perihal`, `ringkasan`, `asal_surat`, `pengirim`, `tujuan_surat`, `penerima`, `tanggal_surat`, `tanggal_terima`, `tanggal_kirim`, `sifat`, `created_by`, `updated_at`, `created_at`) values (keluar, 001/2026, 1, 1, 2, ?, ?, Surat Pertama, ?, ?, ?, ?, ?, 2026-02-10 00:00:00, ?, ?, biasa, admin-test, 2026-08-08 06:51:04, 2026-08-08 06:51:04)) at /home/zein/surat-ibrahimy/vendor/laravel/framework/src/Illuminate/Database/Connection.php:841)
[stacktrace]
#0 /home/zein/surat-ibrahimy/vendor/laravel/framework/src/Illuminate/Database/Connection.php(797): Illuminate\\Database\\Connection->runQueryCallback()
#1 /home/zein/surat-ibrahimy/vendor/laravel/framework/src/Illuminate/Database/MySqlConnection.php(42): Illuminate\\Database\\Connection->run()
#2 /home/zein/surat-ibrahimy/vendor/laravel/framework/src/Illuminate/Database/Query/Processors/MySqlProcessor.php(35): Illuminate\\Database\\MySqlConnection->insert()
#3 /home/zein/surat-ibrahimy/vendor/laravel/framework/src/Illuminate/Database/Query/Builder.php(4246): Illuminate\\Database\\Query\\Processors\\MySqlProcessor->processInsertGetId()
#4 /home/zein/surat-ibrahimy/vendor/laravel/framework/src/Illuminate/Database/Eloquent/Builder.php(2242): Illuminate\\Database\\Query\\Builder->insertGetId()
#5 /home/zein/surat-ibrahimy/vendor/laravel/framework/src/Illuminate/Database/Eloquent/Model.php(1580): Illuminate\\Database\\Eloquent\\Builder->__call()
#6 /home/zein/surat-ibrahimy/vendor/laravel/framework/src/Illuminate/Database/Eloquent/Model.php(1496): Illuminate\\Database\\Eloquent\\Model->insertAndSetId()
#7 /home/zein/surat-ibrahimy/vendor/laravel/framework/src/Illuminate/Database/Eloquent/Model.php(1300): Illuminate\\Database\\Eloquent\\Model->performInsert()
#8 /home/zein/surat-ibrahimy/vendor/laravel/framework/src/Illuminate/Database/Eloquent/Builder.php(1224): Illuminate\\Database\\Eloquent\\Model->save()
#9 /home/zein/surat-ibrahimy/vendor/laravel/framework/src/Illuminate/Support/helpers.php(393): Illuminate\\Database\\Eloquent\\Builder->{closure:Illuminate\\Database\\Eloquent\\Builder::create():1223}()
#10 /home/zein/surat-ibrahimy/vendor/laravel/framework/src/Illuminate/Database/Eloquent/Builder.php(1223): tap()
#11 /home/zein/surat-ibrahimy/vendor/laravel/framework/src/Illuminate/Support/Traits/ForwardsCalls.php(23): Illuminate\\Database\\Eloquent\\Builder->create()
#12 /home/zein/surat-ibrahimy/vendor/laravel/framework/src/Illuminate/Database/Eloquent/Model.php(2723): Illuminate\\Database\\Eloquent\\Model->forwardCallTo()
#13 /home/zein/surat-ibrahimy/vendor/laravel/framework/src/Illuminate/Database/Eloquent/Model.php(2739): Illuminate\\Database\\Eloquent\\Model->__call()
#14 /home/zein/surat-ibrahimy/app/Http/Controllers/SuratController.php(99): Illuminate\\Database\\Eloquent\\Model::__callStatic()
#15 /home/zein/surat-ibrahimy/vendor/laravel/framework/src/Illuminate/Database/Concerns/ManagesTransactions.php(35): App\\Http\\Controllers\\SuratController->{closure:App\\Http\\Controllers\\SuratController::store():88}()
#16 /home/zein/surat-ibrahimy/vendor/laravel/framework/src/Illuminate/Database/DatabaseManager.php(496): Illuminate\\Database\\Connection->transaction()
#17 /home/zein/surat-ibrahimy/vendor/laravel/framework/src/Illuminate/Support/Facades/Facade.php(363): Illuminate\\Database\\DatabaseManager->__call()
#18 /home/zein/surat-ibrahimy/app/Http/Controllers/SuratController.php(88): Illuminate\\Support\\Facades\\Facade::__callStatic()
#19 /home/zein/surat-ibrahimy/vendor/laravel/framework/src/Illuminate/Routing/ControllerDispatcher.php(46): App\\Http\\Controllers\\SuratController->store()
#20 /home/zein/surat-ibrahimy/vendor/laravel/framework/src/Illuminate/Routing/Route.php(269): Illuminate\\Routing\\ControllerDispatcher->dispatch()
#21 /home/zein/surat-ibrahimy/vendor/laravel/framework/src/Illuminate/Routing/Route.php(215): Illuminate\\Routing\\Route->runController()
#22 /home/zein/surat-ibrahimy/vendor/laravel/framework/src/Illuminate/Routing/Router.php(822): Illuminate\\Routing\\Route->run()
#23 /home/zein/surat-ibrahimy/vendor/laravel/framework/src/Illuminate/Pipeline/Pipeline.php(180): Illuminate\\Routing\\Router->{closure:Illuminate\\Routing\\Router::runRouteWithinStack():821}()
#24 /home/zein/surat-ibrahimy/vendor/spatie/laravel-permission/src/Middleware/PermissionMiddleware.php(41): Illuminate\\Pipeline\\Pipeline->{closure:Illuminate\\Pipeline\\Pipeline::prepareDestination():178}()
#25 /home/zein/surat-ibrahimy/vendor/laravel/framework/src/Illuminate/Pipeline/Pipeline.php(219): Spatie\\Permission\\Middleware\\PermissionMiddleware->handle()
#26 /home/zein/surat-ibrahimy/vendor/laravel/framework/src/Illuminate/Auth/Middleware/EnsureEmailIsVerified.php(41): Illuminate\\Pipeline\\Pipeline->{closure:{closure:Illuminate\\Pipeline\\Pipeline::carry():194}:195}()
#27 /home/zein/surat-ibrahimy/vendor/laravel/framework/src/Illuminate/Pipeline/Pipeline.php(219): Illuminate\\Auth\\Middleware\\EnsureEmailIsVerified->handle()
#28 /home/zein/surat-ibrahimy/vendor/laravel/framework/src/Illuminate/Http/Middleware/AddLinkHeadersForPreloadedAssets.php(32): Illuminate\\Pipeline\\Pipeline->{closure:{closure:Illuminate\\Pipeline\\Pipeline::carry():194}:195}()
#29 /home/zein/surat-ibrahimy/vendor/laravel/framework/src/Illuminate/Pipeline/Pipeline.php(219): Illuminate\\Http\\Middleware\\AddLinkHeadersForPreloadedAssets->handle()
#30 /home/zein/surat-ibrahimy/app/Http/Middleware/HandleAppearance.php(21): Illuminate\\Pipeline\\Pipeline->{closure:{closure:Illuminate\\Pipeline\\Pipeline::carry():194}:195}()
#31 /home/zein/surat-ibrahimy/vendor/laravel/framework/src/Illuminate/Pipeline/Pipeline.php(219): App\\Http\\Middleware\\HandleAppearance->handle()
#32 /home/zein/surat-ibrahimy/vendor/laravel/framework/src/Illuminate/Routing/Middleware/SubstituteBindings.php(52): Illuminate\\Pipeline\\Pipeline->{closure:{closure:Illuminate\\Pipeline\\Pipeline::carry():194}:195}()
#33 /home/zein/surat-ibrahimy/vendor/laravel/framework/src/Illuminate/Pipeline/Pipeline.php(219): Illuminate\\Routing\\Middleware\\SubstituteBindings->handle()
#34 /home/zein/surat-ibrahimy/vendor/laravel/framework/src/Illuminate/Auth/Middleware/Authenticate.php(63): Illuminate\\Pipeline\\Pipeline->{closure:{closure:Illuminate\\Pipeline\\Pipeline::carry():194}:195}()
#35 /home/zein/surat-ibrahimy/vendor/laravel/framework/src/Illuminate/Pipeline/Pipeline.php(219): Illuminate\\Auth\\Middleware\\Authenticate->handle()
#36 /home/zein/surat-ibrahimy/vendor/laravel/framework/src/Illuminate/Foundation/Http/Middleware/PreventRequestForgery.php(104): Illuminate\\Pipeline\\Pipeline->{closure:{closure:Illuminate\\Pipeline\\Pipeline::carry():194}:195}()
#37 /home/zein/surat-ibrahimy/vendor/laravel/framework/src/Illuminate/Pipeline/Pipeline.php(219): Illuminate\\Foundation\\Http\\Middleware\\PreventRequestForgery->handle()
#38 /home/zein/surat-ibrahimy/vendor/laravel/framework/src/Illuminate/View/Middleware/ShareErrorsFromSession.php(48): Illuminate\\Pipeline\\Pipeline->{closure:{closure:Illuminate\\Pipeline\\Pipeline::carry():194}:195}()
#39 /home/zein/surat-ibrahimy/vendor/laravel/framework/src/Illuminate/Pipeline/Pipeline.php(219): Illuminate\\View\\Middleware\\ShareErrorsFromSession->handle()
#40 /home/zein/surat-ibrahimy/vendor/inertiajs/inertia-laravel/src/Middleware.php(138): Illuminate\\Pipeline\\Pipeline->{closure:{closure:Illuminate\\Pipeline\\Pipeline::carry():194}:195}()
#41 /home/zein/surat-ibrahimy/vendor/laravel/framework/src/Illuminate/Pipeline/Pipeline.php(219): Inertia\\Middleware->handle()
#42 /home/zein/surat-ibrahimy/vendor/laravel/framework/src/Illuminate/Session/Middleware/StartSession.php(120): Illuminate\\Pipeline\\Pipeline->{closure:{closure:Illuminate\\Pipeline\\Pipeline::carry():194}:195}()
#43 /home/zein/surat-ibrahimy/vendor/laravel/framework/src/Illuminate/Session/Middleware/StartSession.php(63): Illuminate\\Session\\Middleware\\StartSession->handleStatefulRequest()
#44 /home/zein/surat-ibrahimy/vendor/laravel/framework/src/Illuminate/Pipeline/Pipeline.php(219): Illuminate\\Session\\Middleware\\StartSession->handle()
#45 /home/zein/surat-ibrahimy/vendor/laravel/framework/src/Illuminate/Cookie/Middleware/AddQueuedCookiesToResponse.php(36): Illuminate\\Pipeline\\Pipeline->{closure:{closure:Illuminate\\Pipeline\\Pipeline::carry():194}:195}()
#46 /home/zein/surat-ibrahimy/vendor/laravel/framework/src/Illuminate/Pipeline/Pipeline.php(219): Illuminate\\Cookie\\Middleware\\AddQueuedCookiesToResponse->handle()
#47 /home/zein/surat-ibrahimy/vendor/laravel/framework/src/Illuminate/Cookie/Middleware/EncryptCookies.php(74): Illuminate\\Pipeline\\Pipeline->{closure:{closure:Illuminate\\Pipeline\\Pipeline::carry():194}:195}()
#48 /home/zein/surat-ibrahimy/vendor/laravel/framework/src/Illuminate/Pipeline/Pipeline.php(219): Illuminate\\Cookie\\Middleware\\EncryptCookies->handle()
#49 /home/zein/surat-ibrahimy/vendor/laravel/framework/src/Illuminate/Pipeline/Pipeline.php(137): Illuminate\\Pipeline\\Pipeline->{closure:{closure:Illuminate\\Pipeline\\Pipeline::carry():194}:195}()
#50 /home/zein/surat-ibrahimy/vendor/laravel/framework/src/Illuminate/Routing/Router.php(821): Illuminate\\Pipeline\\Pipeline->then()
#51 /home/zein/surat-ibrahimy/vendor/laravel/framework/src/Illuminate/Routing/Router.php(800): Illuminate\\Routing\\Router->runRouteWithinStack()
#52 /home/zein/surat-ibrahimy/vendor/laravel/framework/src/Illuminate/Routing/Router.php(764): Illuminate\\Routing\\Router->runRoute()
#53 /home/zein/surat-ibrahimy/vendor/laravel/framework/src/Illuminate/Routing/Router.php(753): Illuminate\\Routing\\Router->dispatchToRoute()
#54 /home/zein/surat-ibrahimy/vendor/laravel/framework/src/Illuminate/Foundation/Http/Kernel.php(200): Illuminate\\Routing\\Router->dispatch()
#55 /home/zein/surat-ibrahimy/vendor/laravel/framework/src/Illuminate/Pipeline/Pipeline.php(180): Illuminate\\Foundation\\Http\\Kernel->{closure:Illuminate\\Foundation\\Http\\Kernel::dispatchToRouter():197}()
#56 /home/zein/surat-ibrahimy/vendor/laravel/framework/src/Illuminate/Foundation/Http/Middleware/TransformsRequest.php(21): Illuminate\\Pipeline\\Pipeline->{closure:Illuminate\\Pipeline\\Pipeline::prepareDestination():178}()
#57 /home/zein/surat-ibrahimy/vendor/laravel/framework/src/Illuminate/Foundation/Http/Middleware/ConvertEmptyStringsToNull.php(31): Illuminate\\Foundation\\Http\\Middleware\\TransformsRequest->handle()
#58 /home/zein/surat-ibrahimy/vendor/laravel/framework/src/Illuminate/Pipeline/Pipeline.php(219): Illuminate\\Foundation\\Http\\Middleware\\ConvertEmptyStringsToNull->handle()
#59 /home/zein/surat-ibrahimy/vendor/laravel/framework/src/Illuminate/Foundation/Http/Middleware/TransformsRequest.php(21): Illuminate\\Pipeline\\Pipeline->{closure:{closure:Illuminate\\Pipeline\\Pipeline::carry():194}:195}()
#60 /home/zein/surat-ibrahimy/vendor/laravel/framework/src/Illuminate/Foundation/Http/Middleware/TrimStrings.php(51): Illuminate\\Foundation\\Http\\Middleware\\TransformsRequest->handle()
#61 /home/zein/surat-ibrahimy/vendor/laravel/framework/src/Illuminate/Pipeline/Pipeline.php(219): Illuminate\\Foundation\\Http\\Middleware\\TrimStrings->handle()
#62 /home/zein/surat-ibrahimy/vendor/laravel/framework/src/Illuminate/Http/Middleware/ValidatePostSize.php(27): Illuminate\\Pipeline\\Pipeline->{closure:{closure:Illuminate\\Pipeline\\Pipeline::carry():194}:195}()
#63 /home/zein/surat-ibrahimy/vendor/laravel/framework/src/Illuminate/Pipeline/Pipeline.php(219): Illuminate\\Http\\Middleware\\ValidatePostSize->handle()
#64 /home/zein/surat-ibrahimy/vendor/laravel/framework/src/Illuminate/Foundation/Http/Middleware/PreventRequestsDuringMaintenance.php(109): Illuminate\\Pipeline\\Pipeline->{closure:{closure:Illuminate\\Pipeline\\Pipeline::carry():194}:195}()
#65 /home/zein/surat-ibrahimy/vendor/laravel/framework/src/Illuminate/Pipeline/Pipeline.php(219): Illuminate\\Foundation\\Http\\Middleware\\PreventRequestsDuringMaintenance->handle()
#66 /home/zein/surat-ibrahimy/vendor/laravel/framework/src/Illuminate/Http/Middleware/HandleCors.php(61): Illuminate\\Pipeline\\Pipeline->{closure:{closure:Illuminate\\Pipeline\\Pipeline::carry():194}:195}()
#67 /home/zein/surat-ibrahimy/vendor/laravel/framework/src/Illuminate/Pipeline/Pipeline.php(219): Illuminate\\Http\\Middleware\\HandleCors->handle()
#68 /home/zein/surat-ibrahimy/vendor/laravel/framework/src/Illuminate/Http/Middleware/TrustProxies.php(58): Illuminate\\Pipeline\\Pipeline->{closure:{closure:Illuminate\\Pipeline\\Pipeline::carry():194}:195}()
#69 /home/zein/surat-ibrahimy/vendor/laravel/framework/src/Illuminate/Pipeline/Pipeline.php(219): Illuminate\\Http\\Middleware\\TrustProxies->handle()
#70 /home/zein/surat-ibrahimy/vendor/laravel/framework/src/Illuminate/Foundation/Http/Middleware/InvokeDeferredCallbacks.php(22): Illuminate\\Pipeline\\Pipeline->{closure:{closure:Illuminate\\Pipeline\\Pipeline::carry():194}:195}()
#71 /home/zein/surat-ibrahimy/vendor/laravel/framework/src/Illuminate/Pipeline/Pipeline.php(219): Illuminate\\Foundation\\Http\\Middleware\\InvokeDeferredCallbacks->handle()
#72 /home/zein/surat-ibrahimy/vendor/laravel/framework/src/Illuminate/Http/Middleware/ValidatePathEncoding.php(28): Illuminate\\Pipeline\\Pipeline->{closure:{closure:Illuminate\\Pipeline\\Pipeline::carry():194}:195}()
#73 /home/zein/surat-ibrahimy/vendor/laravel/framework/src/Illuminate/Pipeline/Pipeline.php(219): Illuminate\\Http\\Middleware\\ValidatePathEncoding->handle()
#74 /home/zein/surat-ibrahimy/vendor/laravel/framework/src/Illuminate/Pipeline/Pipeline.php(137): Illuminate\\Pipeline\\Pipeline->{closure:{closure:Illuminate\\Pipeline\\Pipeline::carry():194}:195}()
#75 /home/zein/surat-ibrahimy/vendor/laravel/framework/src/Illuminate/Foundation/Http/Kernel.php(175): Illuminate\\Pipeline\\Pipeline->then()
#76 /home/zein/surat-ibrahimy/vendor/laravel/framework/src/Illuminate/Foundation/Http/Kernel.php(144): Illuminate\\Foundation\\Http\\Kernel->sendRequestThroughRouter()
#77 /home/zein/surat-ibrahimy/vendor/laravel/framework/src/Illuminate/Foundation/Testing/Concerns/MakesHttpRequests.php(607): Illuminate\\Foundation\\Http\\Kernel->handle()
#78 /home/zein/surat-ibrahimy/vendor/laravel/framework/src/Illuminate/Foundation/Testing/Concerns/MakesHttpRequests.php(397): Illuminate\\Foundation\\Testing\\TestCase->call()
#79 /home/zein/surat-ibrahimy/tests/Feature/SuratKeluarNomorTest.php(78): Illuminate\\Foundation\\Testing\\TestCase->post()
#80 /home/zein/surat-ibrahimy/vendor/phpunit/phpunit/src/Framework/TestCase.php(1332): Tests\\Feature\\SuratKeluarNomorTest->test_nomor_urut_berjalan_dan_reset_per_tahun()
#81 /home/zein/surat-ibrahimy/vendor/phpunit/phpunit/src/Framework/TestCase.php(519): PHPUnit\\Framework\\TestCase->runTest()
#82 /home/zein/surat-ibrahimy/vendor/phpunit/phpunit/src/Framework/TestRunner/TestRunner.php(99): PHPUnit\\Framework\\TestCase->runBare()
#83 /home/zein/surat-ibrahimy/vendor/phpunit/phpunit/src/Framework/TestCase.php(359): PHPUnit\\Framework\\TestRunner->run()
#84 /home/zein/surat-ibrahimy/vendor/phpunit/phpunit/src/Framework/TestSuite.php(374): PHPUnit\\Framework\\TestCase->run()
#85 /home/zein/surat-ibrahimy/vendor/phpunit/phpunit/src/Framework/TestSuite.php(374): PHPUnit\\Framework\\TestSuite->run()
#86 /home/zein/surat-ibrahimy/vendor/phpunit/phpunit/src/Framework/TestSuite.php(374): PHPUnit\\Framework\\TestSuite->run()
#87 /home/zein/surat-ibrahimy/vendor/phpunit/phpunit/src/TextUI/TestRunner.php(64): PHPUnit\\Framework\\TestSuite->run()
#88 /home/zein/surat-ibrahimy/vendor/phpunit/phpunit/src/TextUI/Application.php(229): PHPUnit\\TextUI\\TestRunner->run()
#89 /home/zein/surat-ibrahimy/vendor/phpunit/phpunit/phpunit(104): PHPUnit\\TextUI\\Application->run()
#90 {main}

[previous exception] [object] (PDOException(code: HY000): SQLSTATE[HY000]: General error: 1366 Incorrect integer value: 'admin-test' for column 'created_by' at row 1 at /home/zein/surat-ibrahimy/vendor/laravel/framework/src/Illuminate/Database/MySqlConnection.php:53)
[stacktrace]
#0 /home/zein/surat-ibrahimy/vendor/laravel/framework/src/Illuminate/Database/MySqlConnection.php(53): PDOStatement->execute()
#1 /home/zein/surat-ibrahimy/vendor/laravel/framework/src/Illuminate/Database/Connection.php(830): Illuminate\\Database\\MySqlConnection->{closure:Illuminate\\Database\\MySqlConnection::insert():42}()
#2 /home/zein/surat-ibrahimy/vendor/laravel/framework/src/Illuminate/Database/Connection.php(797): Illuminate\\Database\\Connection->runQueryCallback()
#3 /home/zein/surat-ibrahimy/vendor/laravel/framework/src/Illuminate/Database/MySqlConnection.php(42): Illuminate\\Database\\Connection->run()
#4 /home/zein/surat-ibrahimy/vendor/laravel/framework/src/Illuminate/Database/Query/Processors/MySqlProcessor.php(35): Illuminate\\Database\\MySqlConnection->insert()
#5 /home/zein/surat-ibrahimy/vendor/laravel/framework/src/Illuminate/Database/Query/Builder.php(4246): Illuminate\\Database\\Query\\Processors\\MySqlProcessor->processInsertGetId()
#6 /home/zein/surat-ibrahimy/vendor/laravel/framework/src/Illuminate/Database/Eloquent/Builder.php(2242): Illuminate\\Database\\Query\\Builder->insertGetId()
#7 /home/zein/surat-ibrahimy/vendor/laravel/framework/src/Illuminate/Database/Eloquent/Model.php(1580): Illuminate\\Database\\Eloquent\\Builder->__call()
#8 /home/zein/surat-ibrahimy/vendor/laravel/framework/src/Illuminate/Database/Eloquent/Model.php(1496): Illuminate\\Database\\Eloquent\\Model->insertAndSetId()
#9 /home/zein/surat-ibrahimy/vendor/laravel/framework/src/Illuminate/Database/Eloquent/Model.php(1300): Illuminate\\Database\\Eloquent\\Model->performInsert()
#10 /home/zein/surat-ibrahimy/vendor/laravel/framework/src/Illuminate/Database/Eloquent/Builder.php(1224): Illuminate\\Database\\Eloquent\\Model->save()
#11 /home/zein/surat-ibrahimy/vendor/laravel/framework/src/Illuminate/Support/helpers.php(393): Illuminate\\Database\\Eloquent\\Builder->{closure:Illuminate\\Database\\Eloquent\\Builder::create():1223}()
#12 /home/zein/surat-ibrahimy/vendor/laravel/framework/src/Illuminate/Database/Eloquent/Builder.php(1223): tap()
#13 /home/zein/surat-ibrahimy/vendor/laravel/framework/src/Illuminate/Support/Traits/ForwardsCalls.php(23): Illuminate\\Database\\Eloquent\\Builder->create()
#14 /home/zein/surat-ibrahimy/vendor/laravel/framework/src/Illuminate/Database/Eloquent/Model.php(2723): Illuminate\\Database\\Eloquent\\Model->forwardCallTo()
#15 /home/zein/surat-ibrahimy/vendor/laravel/framework/src/Illuminate/Database/Eloquent/Model.php(2739): Illuminate\\Database\\Eloquent\\Model->__call()
#16 /home/zein/surat-ibrahimy/app/Http/Controllers/SuratController.php(99): Illuminate\\Database\\Eloquent\\Model::__callStatic()
#17 /home/zein/surat-ibrahimy/vendor/laravel/framework/src/Illuminate/Database/Concerns/ManagesTransactions.php(35): App\\Http\\Controllers\\SuratController->{closure:App\\Http\\Controllers\\SuratController::store():88}()
#18 /home/zein/surat-ibrahimy/vendor/laravel/framework/src/Illuminate/Database/DatabaseManager.php(496): Illuminate\\Database\\Connection->transaction()
#19 /home/zein/surat-ibrahimy/vendor/laravel/framework/src/Illuminate/Support/Facades/Facade.php(363): Illuminate\\Database\\DatabaseManager->__call()
#20 /home/zein/surat-ibrahimy/app/Http/Controllers/SuratController.php(88): Illuminate\\Support\\Facades\\Facade::__callStatic()
#21 /home/zein/surat-ibrahimy/vendor/laravel/framework/src/Illuminate/Routing/ControllerDispatcher.php(46): App\\Http\\Controllers\\SuratController->store()
#22 /home/zein/surat-ibrahimy/vendor/laravel/framework/src/Illuminate/Routing/Route.php(269): Illuminate\\Routing\\ControllerDispatcher->dispatch()
#23 /home/zein/surat-ibrahimy/vendor/laravel/framework/src/Illuminate/Routing/Route.php(215): Illuminate\\Routing\\Route->runController()
#24 /home/zein/surat-ibrahimy/vendor/laravel/framework/src/Illuminate/Routing/Router.php(822): Illuminate\\Routing\\Route->run()
#25 /home/zein/surat-ibrahimy/vendor/laravel/framework/src/Illuminate/Pipeline/Pipeline.php(180): Illuminate\\Routing\\Router->{closure:Illuminate\\Routing\\Router::runRouteWithinStack():821}()
#26 /home/zein/surat-ibrahimy/vendor/spatie/laravel-permission/src/Middleware/PermissionMiddleware.php(41): Illuminate\\Pipeline\\Pipeline->{closure:Illuminate\\Pipeline\\Pipeline::prepareDestination():178}()
#27 /home/zein/surat-ibrahimy/vendor/laravel/framework/src/Illuminate/Pipeline/Pipeline.php(219): Spatie\\Permission\\Middleware\\PermissionMiddleware->handle()
#28 /home/zein/surat-ibrahimy/vendor/laravel/framework/src/Illuminate/Auth/Middleware/EnsureEmailIsVerified.php(41): Illuminate\\Pipeline\\Pipeline->{closure:{closure:Illuminate\\Pipeline\\Pipeline::carry():194}:195}()
#29 /home/zein/surat-ibrahimy/vendor/laravel/framework/src/Illuminate/Pipeline/Pipeline.php(219): Illuminate\\Auth\\Middleware\\EnsureEmailIsVerified->handle()
#30 /home/zein/surat-ibrahimy/vendor/laravel/framework/src/Illuminate/Http/Middleware/AddLinkHeadersForPreloadedAssets.php(32): Illuminate\\Pipeline\\Pipeline->{closure:{closure:Illuminate\\Pipeline\\Pipeline::carry():194}:195}()
#31 /home/zein/surat-ibrahimy/vendor/laravel/framework/src/Illuminate/Pipeline/Pipeline.php(219): Illuminate\\Http\\Middleware\\AddLinkHeadersForPreloadedAssets->handle()
#32 /home/zein/surat-ibrahimy/app/Http/Middleware/HandleAppearance.php(21): Illuminate\\Pipeline\\Pipeline->{closure:{closure:Illuminate\\Pipeline\\Pipeline::carry():194}:195}()
#33 /home/zein/surat-ibrahimy/vendor/laravel/framework/src/Illuminate/Pipeline/Pipeline.php(219): App\\Http\\Middleware\\HandleAppearance->handle()
#34 /home/zein/surat-ibrahimy/vendor/laravel/framework/src/Illuminate/Routing/Middleware/SubstituteBindings.php(52): Illuminate\\Pipeline\\Pipeline->{closure:{closure:Illuminate\\Pipeline\\Pipeline::carry():194}:195}()
#35 /home/zein/surat-ibrahimy/vendor/laravel/framework/src/Illuminate/Pipeline/Pipeline.php(219): Illuminate\\Routing\\Middleware\\SubstituteBindings->handle()
#36 /home/zein/surat-ibrahimy/vendor/laravel/framework/src/Illuminate/Auth/Middleware/Authenticate.php(63): Illuminate\\Pipeline\\Pipeline->{closure:{closure:Illuminate\\Pipeline\\Pipeline::carry():194}:195}()
#37 /home/zein/surat-ibrahimy/vendor/laravel/framework/src/Illuminate/Pipeline/Pipeline.php(219): Illuminate\\Auth\\Middleware\\Authenticate->handle()
#38 /home/zein/surat-ibrahimy/vendor/laravel/framework/src/Illuminate/Foundation/Http/Middleware/PreventRequestForgery.php(104): Illuminate\\Pipeline\\Pipeline->{closure:{closure:Illuminate\\Pipeline\\Pipeline::carry():194}:195}()
#39 /home/zein/surat-ibrahimy/vendor/laravel/framework/src/Illuminate/Pipeline/Pipeline.php(219): Illuminate\\Foundation\\Http\\Middleware\\PreventRequestForgery->handle()
#40 /home/zein/surat-ibrahimy/vendor/laravel/framework/src/Illuminate/View/Middleware/ShareErrorsFromSession.php(48): Illuminate\\Pipeline\\Pipeline->{closure:{closure:Illuminate\\Pipeline\\Pipeline::carry():194}:195}()
#41 /home/zein/surat-ibrahimy/vendor/laravel/framework/src/Illuminate/Pipeline/Pipeline.php(219): Illuminate\\View\\Middleware\\ShareErrorsFromSession->handle()
#42 /home/zein/surat-ibrahimy/vendor/inertiajs/inertia-laravel/src/Middleware.php(138): Illuminate\\Pipeline\\Pipeline->{closure:{closure:Illuminate\\Pipeline\\Pipeline::carry():194}:195}()
#43 /home/zein/surat-ibrahimy/vendor/laravel/framework/src/Illuminate/Pipeline/Pipeline.php(219): Inertia\\Middleware->handle()
#44 /home/zein/surat-ibrahimy/vendor/laravel/framework/src/Illuminate/Session/Middleware/StartSession.php(120): Illuminate\\Pipeline\\Pipeline->{closure:{closure:Illuminate\\Pipeline\\Pipeline::carry():194}:195}()
#45 /home/zein/surat-ibrahimy/vendor/laravel/framework/src/Illuminate/Session/Middleware/StartSession.php(63): Illuminate\\Session\\Middleware\\StartSession->handleStatefulRequest()
#46 /home/zein/surat-ibrahimy/vendor/laravel/framework/src/Illuminate/Pipeline/Pipeline.php(219): Illuminate\\Session\\Middleware\\StartSession->handle()
#47 /home/zein/surat-ibrahimy/vendor/laravel/framework/src/Illuminate/Cookie/Middleware/AddQueuedCookiesToResponse.php(36): Illuminate\\Pipeline\\Pipeline->{closure:{closure:Illuminate\\Pipeline\\Pipeline::carry():194}:195}()
#48 /home/zein/surat-ibrahimy/vendor/laravel/framework/src/Illuminate/Pipeline/Pipeline.php(219): Illuminate\\Cookie\\Middleware\\AddQueuedCookiesToResponse->handle()
#49 /home/zein/surat-ibrahimy/vendor/laravel/framework/src/Illuminate/Cookie/Middleware/EncryptCookies.php(74): Illuminate\\Pipeline\\Pipeline->{closure:{closure:Illuminate\\Pipeline\\Pipeline::carry():194}:195}()
#50 /home/zein/surat-ibrahimy/vendor/laravel/framework/src/Illuminate/Pipeline/Pipeline.php(219): Illuminate\\Cookie\\Middleware\\EncryptCookies->handle()
#51 /home/zein/surat-ibrahimy/vendor/laravel/framework/src/Illuminate/Pipeline/Pipeline.php(137): Illuminate\\Pipeline\\Pipeline->{closure:{closure:Illuminate\\Pipeline\\Pipeline::carry():194}:195}()
#52 /home/zein/surat-ibrahimy/vendor/laravel/framework/src/Illuminate/Routing/Router.php(821): Illuminate\\Pipeline\\Pipeline->then()
#53 /home/zein/surat-ibrahimy/vendor/laravel/framework/src/Illuminate/Routing/Router.php(800): Illuminate\\Routing\\Router->runRouteWithinStack()
#54 /home/zein/surat-ibrahimy/vendor/laravel/framework/src/Illuminate/Routing/Router.php(764): Illuminate\\Routing\\Router->runRoute()
#55 /home/zein/surat-ibrahimy/vendor/laravel/framework/src/Illuminate/Routing/Router.php(753): Illuminate\\Routing\\Router->dispatchToRoute()
#56 /home/zein/surat-ibrahimy/vendor/laravel/framework/src/Illuminate/Foundation/Http/Kernel.php(200): Illuminate\\Routing\\Router->dispatch()
#57 /home/zein/surat-ibrahimy/vendor/laravel/framework/src/Illuminate/Pipeline/Pipeline.php(180): Illuminate\\Foundation\\Http\\Kernel->{closure:Illuminate\\Foundation\\Http\\Kernel::dispatchToRouter():197}()
#58 /home/zein/surat-ibrahimy/vendor/laravel/framework/src/Illuminate/Foundation/Http/Middleware/TransformsRequest.php(21): Illuminate\\Pipeline\\Pipeline->{closure:Illuminate\\Pipeline\\Pipeline::prepareDestination():178}()
#59 /home/zein/surat-ibrahimy/vendor/laravel/framework/src/Illuminate/Foundation/Http/Middleware/ConvertEmptyStringsToNull.php(31): Illuminate\\Foundation\\Http\\Middleware\\TransformsRequest->handle()
#60 /home/zein/surat-ibrahimy/vendor/laravel/framework/src/Illuminate/Pipeline/Pipeline.php(219): Illuminate\\Foundation\\Http\\Middleware\\ConvertEmptyStringsToNull->handle()
#61 /home/zein/surat-ibrahimy/vendor/laravel/framework/src/Illuminate/Foundation/Http/Middleware/TransformsRequest.php(21): Illuminate\\Pipeline\\Pipeline->{closure:{closure:Illuminate\\Pipeline\\Pipeline::carry():194}:195}()
#62 /home/zein/surat-ibrahimy/vendor/laravel/framework/src/Illuminate/Foundation/Http/Middleware/TrimStrings.php(51): Illuminate\\Foundation\\Http\\Middleware\\TransformsRequest->handle()
#63 /home/zein/surat-ibrahimy/vendor/laravel/framework/src/Illuminate/Pipeline/Pipeline.php(219): Illuminate\\Foundation\\Http\\Middleware\\TrimStrings->handle()
#64 /home/zein/surat-ibrahimy/vendor/laravel/framework/src/Illuminate/Http/Middleware/ValidatePostSize.php(27): Illuminate\\Pipeline\\Pipeline->{closure:{closure:Illuminate\\Pipeline\\Pipeline::carry():194}:195}()
#65 /home/zein/surat-ibrahimy/vendor/laravel/framework/src/Illuminate/Pipeline/Pipeline.php(219): Illuminate\\Http\\Middleware\\ValidatePostSize->handle()
#66 /home/zein/surat-ibrahimy/vendor/laravel/framework/src/Illuminate/Foundation/Http/Middleware/PreventRequestsDuringMaintenance.php(109): Illuminate\\Pipeline\\Pipeline->{closure:{closure:Illuminate\\Pipeline\\Pipeline::carry():194}:195}()
#67 /home/zein/surat-ibrahimy/vendor/laravel/framework/src/Illuminate/Pipeline/Pipeline.php(219): Illuminate\\Foundation\\Http\\Middleware\\PreventRequestsDuringMaintenance->handle()
#68 /home/zein/surat-ibrahimy/vendor/laravel/framework/src/Illuminate/Http/Middleware/HandleCors.php(61): Illuminate\\Pipeline\\Pipeline->{closure:{closure:Illuminate\\Pipeline\\Pipeline::carry():194}:195}()
#69 /home/zein/surat-ibrahimy/vendor/laravel/framework/src/Illuminate/Pipeline/Pipeline.php(219): Illuminate\\Http\\Middleware\\HandleCors->handle()
#70 /home/zein/surat-ibrahimy/vendor/laravel/framework/src/Illuminate/Http/Middleware/TrustProxies.php(58): Illuminate\\Pipeline\\Pipeline->{closure:{closure:Illuminate\\Pipeline\\Pipeline::carry():194}:195}()
#71 /home/zein/surat-ibrahimy/vendor/laravel/framework/src/Illuminate/Pipeline/Pipeline.php(219): Illuminate\\Http\\Middleware\\TrustProxies->handle()
#72 /home/zein/surat-ibrahimy/vendor/laravel/framework/src/Illuminate/Foundation/Http/Middleware/InvokeDeferredCallbacks.php(22): Illuminate\\Pipeline\\Pipeline->{closure:{closure:Illuminate\\Pipeline\\Pipeline::carry():194}:195}()
#73 /home/zein/surat-ibrahimy/vendor/laravel/framework/src/Illuminate/Pipeline/Pipeline.php(219): Illuminate\\Foundation\\Http\\Middleware\\InvokeDeferredCallbacks->handle()
#74 /home/zein/surat-ibrahimy/vendor/laravel/framework/src/Illuminate/Http/Middleware/ValidatePathEncoding.php(28): Illuminate\\Pipeline\\Pipeline->{closure:{closure:Illuminate\\Pipeline\\Pipeline::carry():194}:195}()
#75 /home/zein/surat-ibrahimy/vendor/laravel/framework/src/Illuminate/Pipeline/Pipeline.php(219): Illuminate\\Http\\Middleware\\ValidatePathEncoding->handle()
#76 /home/zein/surat-ibrahimy/vendor/laravel/framework/src/Illuminate/Pipeline/Pipeline.php(137): Illuminate\\Pipeline\\Pipeline->{closure:{closure:Illuminate\\Pipeline\\Pipeline::carry():194}:195}()
#77 /home/zein/surat-ibrahimy/vendor/laravel/framework/src/Illuminate/Foundation/Http/Kernel.php(175): Illuminate\\Pipeline\\Pipeline->then()
#78 /home/zein/surat-ibrahimy/vendor/laravel/framework/src/Illuminate/Foundation/Http/Kernel.php(144): Illuminate\\Foundation\\Http\\Kernel->sendRequestThroughRouter()
#79 /home/zein/surat-ibrahimy/vendor/laravel/framework/src/Illuminate/Foundation/Testing/Concerns/MakesHttpRequests.php(607): Illuminate\\Foundation\\Http\\Kernel->handle()
#80 /home/zein/surat-ibrahimy/vendor/laravel/framework/src/Illuminate/Foundation/Testing/Concerns/MakesHttpRequests.php(397): Illuminate\\Foundation\\Testing\\TestCase->call()
#81 /home/zein/surat-ibrahimy/tests/Feature/SuratKeluarNomorTest.php(78): Illuminate\\Foundation\\Testing\\TestCase->post()
#82 /home/zein/surat-ibrahimy/vendor/phpunit/phpunit/src/Framework/TestCase.php(1332): Tests\\Feature\\SuratKeluarNomorTest->test_nomor_urut_berjalan_dan_reset_per_tahun()
#83 /home/zein/surat-ibrahimy/vendor/phpunit/phpunit/src/Framework/TestCase.php(519): PHPUnit\\Framework\\TestCase->runTest()
#84 /home/zein/surat-ibrahimy/vendor/phpunit/phpunit/src/Framework/TestRunner/TestRunner.php(99): PHPUnit\\Framework\\TestCase->runBare()
#85 /home/zein/surat-ibrahimy/vendor/phpunit/phpunit/src/Framework/TestCase.php(359): PHPUnit\\Framework\\TestRunner->run()
#86 /home/zein/surat-ibrahimy/vendor/phpunit/phpunit/src/Framework/TestSuite.php(374): PHPUnit\\Framework\\TestCase->run()
#87 /home/zein/surat-ibrahimy/vendor/phpunit/phpunit/src/Framework/TestSuite.php(374): PHPUnit\\Framework\\TestSuite->run()
#88 /home/zein/surat-ibrahimy/vendor/phpunit/phpunit/src/Framework/TestSuite.php(374): PHPUnit\\Framework\\TestSuite->run()
#89 /home/zein/surat-ibrahimy/vendor/phpunit/phpunit/src/TextUI/TestRunner.php(64): PHPUnit\\Framework\\TestSuite->run()
#90 /home/zein/surat-ibrahimy/vendor/phpunit/phpunit/src/TextUI/Application.php(229): PHPUnit\\TextUI\\TestRunner->run()
#91 /home/zein/surat-ibrahimy/vendor/phpunit/phpunit/phpunit(104): PHPUnit\\TextUI\\Application->run()
#92 {main}
"} 
[2026-08-08 06:51:05] testing.ERROR: SQLSTATE[HY000]: General error: 1366 Incorrect integer value: 'admin-test' for column 'created_by' at row 1 (Connection: mysql, Host: 127.0.0.1, Port: 3306, Database: testing, SQL: insert into `surats` (`jenis`, `no_agenda`, `no_agenda_urut`, `nomor_urut`, `template_nomor_id`, `klasifikasi_surat_id`, `unit_pengolah_id`, `perihal`, `ringkasan`, `asal_surat`, `pengirim`, `tujuan_surat`, `penerima`, `tanggal_surat`, `tanggal_terima`, `tanggal_kirim`, `sifat`, `created_by`, `updated_at`, `created_at`) values (keluar, 001/2026, 1, 1, 2, ?, ?, Surat Kedua, ?, ?, ?, ?, ?, 2026-03-15 00:00:00, ?, ?, biasa, admin-test, 2026-08-08 06:51:05, 2026-08-08 06:51:05)) {"userId":"admin-test","exception":"[object] (Illuminate\\Database\\QueryException(code: HY000): SQLSTATE[HY000]: General error: 1366 Incorrect integer value: 'admin-test' for column 'created_by' at row 1 (Connection: mysql, Host: 127.0.0.1, Port: 3306, Database: testing, SQL: insert into `surats` (`jenis`, `no_agenda`, `no_agenda_urut`, `nomor_urut`, `template_nomor_id`, `klasifikasi_surat_id`, `unit_pengolah_id`, `perihal`, `ringkasan`, `asal_surat`, `pengirim`, `tujuan_surat`, `penerima`, `tanggal_surat`, `tanggal_terima`, `tanggal_kirim`, `sifat`, `created_by`, `updated_at`, `created_at`) values (keluar, 001/2026, 1, 1, 2, ?, ?, Surat Kedua, ?, ?, ?, ?, ?, 2026-03-15 00:00:00, ?, ?, biasa, admin-test, 2026-08-08 06:51:05, 2026-08-08 06:51:05)) at /home/zein/surat-ibrahimy/vendor/laravel/framework/src/Illuminate/Database/Connection.php:841)
[stacktrace]
#0 /home/zein/surat-ibrahimy/vendor/laravel/framework/src/Illuminate/Database/Connection.php(797): Illuminate\\Database\\Connection->runQueryCallback()
#1 /home/zein/surat-ibrahimy/vendor/laravel/framework/src/Illuminate/Database/MySqlConnection.php(42): Illuminate\\Database\\Connection->run()
#2 /home/zein/surat-ibrahimy/vendor/laravel/framework/src/Illuminate/Database/Query/Processors/MySqlProcessor.php(35): Illuminate\\Database\\MySqlConnection->insert()
#3 /home/zein/surat-ibrahimy/vendor/laravel/framework/src/Illuminate/Database/Query/Builder.php(4246): Illuminate\\Database\\Query\\Processors\\MySqlProcessor->processInsertGetId()
#4 /home/zein/surat-ibrahimy/vendor/laravel/framework/src/Illuminate/Database/Eloquent/Builder.php(2242): Illuminate\\Database\\Query\\Builder->insertGetId()
#5 /home/zein/surat-ibrahimy/vendor/laravel/framework/src/Illuminate/Database/Eloquent/Model.php(1580): Illuminate\\Database\\Eloquent\\Builder->__call()
#6 /home/zein/surat-ibrahimy/vendor/laravel/framework/src/Illuminate/Database/Eloquent/Model.php(1496): Illuminate\\Database\\Eloquent\\Model->insertAndSetId()
#7 /home/zein/surat-ibrahimy/vendor/laravel/framework/src/Illuminate/Database/Eloquent/Model.php(1300): Illuminate\\Database\\Eloquent\\Model->performInsert()
#8 /home/zein/surat-ibrahimy/vendor/laravel/framework/src/Illuminate/Database/Eloquent/Builder.php(1224): Illuminate\\Database\\Eloquent\\Model->save()
#9 /home/zein/surat-ibrahimy/vendor/laravel/framework/src/Illuminate/Support/helpers.php(393): Illuminate\\Database\\Eloquent\\Builder->{closure:Illuminate\\Database\\Eloquent\\Builder::create():1223}()
#10 /home/zein/surat-ibrahimy/vendor/laravel/framework/src/Illuminate/Database/Eloquent/Builder.php(1223): tap()
#11 /home/zein/surat-ibrahimy/vendor/laravel/framework/src/Illuminate/Support/Traits/ForwardsCalls.php(23): Illuminate\\Database\\Eloquent\\Builder->create()
#12 /home/zein/surat-ibrahimy/vendor/laravel/framework/src/Illuminate/Database/Eloquent/Model.php(2723): Illuminate\\Database\\Eloquent\\Model->forwardCallTo()
#13 /home/zein/surat-ibrahimy/vendor/laravel/framework/src/Illuminate/Database/Eloquent/Model.php(2739): Illuminate\\Database\\Eloquent\\Model->__call()
#14 /home/zein/surat-ibrahimy/app/Http/Controllers/SuratController.php(99): Illuminate\\Database\\Eloquent\\Model::__callStatic()
#15 /home/zein/surat-ibrahimy/vendor/laravel/framework/src/Illuminate/Database/Concerns/ManagesTransactions.php(35): App\\Http\\Controllers\\SuratController->{closure:App\\Http\\Controllers\\SuratController::store():88}()
#16 /home/zein/surat-ibrahimy/vendor/laravel/framework/src/Illuminate/Database/DatabaseManager.php(496): Illuminate\\Database\\Connection->transaction()
#17 /home/zein/surat-ibrahimy/vendor/laravel/framework/src/Illuminate/Support/Facades/Facade.php(363): Illuminate\\Database\\DatabaseManager->__call()
#18 /home/zein/surat-ibrahimy/app/Http/Controllers/SuratController.php(88): Illuminate\\Support\\Facades\\Facade::__callStatic()
#19 /home/zein/surat-ibrahimy/vendor/laravel/framework/src/Illuminate/Routing/ControllerDispatcher.php(46): App\\Http\\Controllers\\SuratController->store()
#20 /home/zein/surat-ibrahimy/vendor/laravel/framework/src/Illuminate/Routing/Route.php(269): Illuminate\\Routing\\ControllerDispatcher->dispatch()
#21 /home/zein/surat-ibrahimy/vendor/laravel/framework/src/Illuminate/Routing/Route.php(215): Illuminate\\Routing\\Route->runController()
#22 /home/zein/surat-ibrahimy/vendor/laravel/framework/src/Illuminate/Routing/Router.php(822): Illuminate\\Routing\\Route->run()
#23 /home/zein/surat-ibrahimy/vendor/laravel/framework/src/Illuminate/Pipeline/Pipeline.php(180): Illuminate\\Routing\\Router->{closure:Illuminate\\Routing\\Router::runRouteWithinStack():821}()
#24 /home/zein/surat-ibrahimy/vendor/spatie/laravel-permission/src/Middleware/PermissionMiddleware.php(41): Illuminate\\Pipeline\\Pipeline->{closure:Illuminate\\Pipeline\\Pipeline::prepareDestination():178}()
#25 /home/zein/surat-ibrahimy/vendor/laravel/framework/src/Illuminate/Pipeline/Pipeline.php(219): Spatie\\Permission\\Middleware\\PermissionMiddleware->handle()
#26 /home/zein/surat-ibrahimy/vendor/laravel/framework/src/Illuminate/Auth/Middleware/EnsureEmailIsVerified.php(41): Illuminate\\Pipeline\\Pipeline->{closure:{closure:Illuminate\\Pipeline\\Pipeline::carry():194}:195}()
#27 /home/zein/surat-ibrahimy/vendor/laravel/framework/src/Illuminate/Pipeline/Pipeline.php(219): Illuminate\\Auth\\Middleware\\EnsureEmailIsVerified->handle()
#28 /home/zein/surat-ibrahimy/vendor/laravel/framework/src/Illuminate/Http/Middleware/AddLinkHeadersForPreloadedAssets.php(32): Illuminate\\Pipeline\\Pipeline->{closure:{closure:Illuminate\\Pipeline\\Pipeline::carry():194}:195}()
#29 /home/zein/surat-ibrahimy/vendor/laravel/framework/src/Illuminate/Pipeline/Pipeline.php(219): Illuminate\\Http\\Middleware\\AddLinkHeadersForPreloadedAssets->handle()
#30 /home/zein/surat-ibrahimy/app/Http/Middleware/HandleAppearance.php(21): Illuminate\\Pipeline\\Pipeline->{closure:{closure:Illuminate\\Pipeline\\Pipeline::carry():194}:195}()
#31 /home/zein/surat-ibrahimy/vendor/laravel/framework/src/Illuminate/Pipeline/Pipeline.php(219): App\\Http\\Middleware\\HandleAppearance->handle()
#32 /home/zein/surat-ibrahimy/vendor/laravel/framework/src/Illuminate/Routing/Middleware/SubstituteBindings.php(52): Illuminate\\Pipeline\\Pipeline->{closure:{closure:Illuminate\\Pipeline\\Pipeline::carry():194}:195}()
#33 /home/zein/surat-ibrahimy/vendor/laravel/framework/src/Illuminate/Pipeline/Pipeline.php(219): Illuminate\\Routing\\Middleware\\SubstituteBindings->handle()
#34 /home/zein/surat-ibrahimy/vendor/laravel/framework/src/Illuminate/Auth/Middleware/Authenticate.php(63): Illuminate\\Pipeline\\Pipeline->{closure:{closure:Illuminate\\Pipeline\\Pipeline::carry():194}:195}()
#35 /home/zein/surat-ibrahimy/vendor/laravel/framework/src/Illuminate/Pipeline/Pipeline.php(219): Illuminate\\Auth\\Middleware\\Authenticate->handle()
#36 /home/zein/surat-ibrahimy/vendor/laravel/framework/src/Illuminate/Foundation/Http/Middleware/PreventRequestForgery.php(104): Illuminate\\Pipeline\\Pipeline->{closure:{closure:Illuminate\\Pipeline\\Pipeline::carry():194}:195}()
#37 /home/zein/surat-ibrahimy/vendor/laravel/framework/src/Illuminate/Pipeline/Pipeline.php(219): Illuminate\\Foundation\\Http\\Middleware\\PreventRequestForgery->handle()
#38 /home/zein/surat-ibrahimy/vendor/laravel/framework/src/Illuminate/View/Middleware/ShareErrorsFromSession.php(48): Illuminate\\Pipeline\\Pipeline->{closure:{closure:Illuminate\\Pipeline\\Pipeline::carry():194}:195}()
#39 /home/zein/surat-ibrahimy/vendor/laravel/framework/src/Illuminate/Pipeline/Pipeline.php(219): Illuminate\\View\\Middleware\\ShareErrorsFromSession->handle()
#40 /home/zein/surat-ibrahimy/vendor/inertiajs/inertia-laravel/src/Middleware.php(138): Illuminate\\Pipeline\\Pipeline->{closure:{closure:Illuminate\\Pipeline\\Pipeline::carry():194}:195}()
#41 /home/zein/surat-ibrahimy/vendor/laravel/framework/src/Illuminate/Pipeline/Pipeline.php(219): Inertia\\Middleware->handle()
#42 /home/zein/surat-ibrahimy/vendor/laravel/framework/src/Illuminate/Session/Middleware/StartSession.php(120): Illuminate\\Pipeline\\Pipeline->{closure:{closure:Illuminate\\Pipeline\\Pipeline::carry():194}:195}()
#43 /home/zein/surat-ibrahimy/vendor/laravel/framework/src/Illuminate/Session/Middleware/StartSession.php(63): Illuminate\\Session\\Middleware\\StartSession->handleStatefulRequest()
#44 /home/zein/surat-ibrahimy/vendor/laravel/framework/src/Illuminate/Pipeline/Pipeline.php(219): Illuminate\\Session\\Middleware\\StartSession->handle()
#45 /home/zein/surat-ibrahimy/vendor/laravel/framework/src/Illuminate/Cookie/Middleware/AddQueuedCookiesToResponse.php(36): Illuminate\\Pipeline\\Pipeline->{closure:{closure:Illuminate\\Pipeline\\Pipeline::carry():194}:195}()
#46 /home/zein/surat-ibrahimy/vendor/laravel/framework/src/Illuminate/Pipeline/Pipeline.php(219): Illuminate\\Cookie\\Middleware\\AddQueuedCookiesToResponse->handle()
#47 /home/zein/surat-ibrahimy/vendor/laravel/framework/src/Illuminate/Cookie/Middleware/EncryptCookies.php(74): Illuminate\\Pipeline\\Pipeline->{closure:{closure:Illuminate\\Pipeline\\Pipeline::carry():194}:195}()
#48 /home/zein/surat-ibrahimy/vendor/laravel/framework/src/Illuminate/Pipeline/Pipeline.php(219): Illuminate\\Cookie\\Middleware\\EncryptCookies->handle()
#49 /home/zein/surat-ibrahimy/vendor/laravel/framework/src/Illuminate/Pipeline/Pipeline.php(137): Illuminate\\Pipeline\\Pipeline->{closure:{closure:Illuminate\\Pipeline\\Pipeline::carry():194}:195}()
#50 /home/zein/surat-ibrahimy/vendor/laravel/framework/src/Illuminate/Routing/Router.php(821): Illuminate\\Pipeline\\Pipeline->then()
#51 /home/zein/surat-ibrahimy/vendor/laravel/framework/src/Illuminate/Routing/Router.php(800): Illuminate\\Routing\\Router->runRouteWithinStack()
#52 /home/zein/surat-ibrahimy/vendor/laravel/framework/src/Illuminate/Routing/Router.php(764): Illuminate\\Routing\\Router->runRoute()
#53 /home/zein/surat-ibrahimy/vendor/laravel/framework/src/Illuminate/Routing/Router.php(753): Illuminate\\Routing\\Router->dispatchToRoute()
#54 /home/zein/surat-ibrahimy/vendor/laravel/framework/src/Illuminate/Foundation/Http/Kernel.php(200): Illuminate\\Routing\\Router->dispatch()
#55 /home/zein/surat-ibrahimy/vendor/laravel/framework/src/Illuminate/Pipeline/Pipeline.php(180): Illuminate\\Foundation\\Http\\Kernel->{closure:Illuminate\\Foundation\\Http\\Kernel::dispatchToRouter():197}()
#56 /home/zein/surat-ibrahimy/vendor/laravel/framework/src/Illuminate/Foundation/Http/Middleware/TransformsRequest.php(21): Illuminate\\Pipeline\\Pipeline->{closure:Illuminate\\Pipeline\\Pipeline::prepareDestination():178}()
#57 /home/zein/surat-ibrahimy/vendor/laravel/framework/src/Illuminate/Foundation/Http/Middleware/ConvertEmptyStringsToNull.php(31): Illuminate\\Foundation\\Http\\Middleware\\TransformsRequest->handle()
#58 /home/zein/surat-ibrahimy/vendor/laravel/framework/src/Illuminate/Pipeline/Pipeline.php(219): Illuminate\\Foundation\\Http\\Middleware\\ConvertEmptyStringsToNull->handle()
#59 /home/zein/surat-ibrahimy/vendor/laravel/framework/src/Illuminate/Foundation/Http/Middleware/TransformsRequest.php(21): Illuminate\\Pipeline\\Pipeline->{closure:{closure:Illuminate\\Pipeline\\Pipeline::carry():194}:195}()
#60 /home/zein/surat-ibrahimy/vendor/laravel/framework/src/Illuminate/Foundation/Http/Middleware/TrimStrings.php(51): Illuminate\\Foundation\\Http\\Middleware\\TransformsRequest->handle()
#61 /home/zein/surat-ibrahimy/vendor/laravel/framework/src/Illuminate/Pipeline/Pipeline.php(219): Illuminate\\Foundation\\Http\\Middleware\\TrimStrings->handle()
#62 /home/zein/surat-ibrahimy/vendor/laravel/framework/src/Illuminate/Http/Middleware/ValidatePostSize.php(27): Illuminate\\Pipeline\\Pipeline->{closure:{closure:Illuminate\\Pipeline\\Pipeline::carry():194}:195}()
#63 /home/zein/surat-ibrahimy/vendor/laravel/framework/src/Illuminate/Pipeline/Pipeline.php(219): Illuminate\\Http\\Middleware\\ValidatePostSize->handle()
#64 /home/zein/surat-ibrahimy/vendor/laravel/framework/src/Illuminate/Foundation/Http/Middleware/PreventRequestsDuringMaintenance.php(109): Illuminate\\Pipeline\\Pipeline->{closure:{closure:Illuminate\\Pipeline\\Pipeline::carry():194}:195}()
#65 /home/zein/surat-ibrahimy/vendor/laravel/framework/src/Illuminate/Pipeline/Pipeline.php(219): Illuminate\\Foundation\\Http\\Middleware\\PreventRequestsDuringMaintenance->handle()
#66 /home/zein/surat-ibrahimy/vendor/laravel/framework/src/Illuminate/Http/Middleware/HandleCors.php(61): Illuminate\\Pipeline\\Pipeline->{closure:{closure:Illuminate\\Pipeline\\Pipeline::carry():194}:195}()
#67 /home/zein/surat-ibrahimy/vendor/laravel/framework/src/Illuminate/Pipeline/Pipeline.php(219): Illuminate\\Http\\Middleware\\HandleCors->handle()
#68 /home/zein/surat-ibrahimy/vendor/laravel/framework/src/Illuminate/Http/Middleware/TrustProxies.php(58): Illuminate\\Pipeline\\Pipeline->{closure:{closure:Illuminate\\Pipeline\\Pipeline::carry():194}:195}()
#69 /home/zein/surat-ibrahimy/vendor/laravel/framework/src/Illuminate/Pipeline/Pipeline.php(219): Illuminate\\Http\\Middleware\\TrustProxies->handle()
#70 /home/zein/surat-ibrahimy/vendor/laravel/framework/src/Illuminate/Foundation/Http/Middleware/InvokeDeferredCallbacks.php(22): Illuminate\\Pipeline\\Pipeline->{closure:{closure:Illuminate\\Pipeline\\Pipeline::carry():194}:195}()
#71 /home/zein/surat-ibrahimy/vendor/laravel/framework/src/Illuminate/Pipeline/Pipeline.php(219): Illuminate\\Foundation\\Http\\Middleware\\InvokeDeferredCallbacks->handle()
#72 /home/zein/surat-ibrahimy/vendor/laravel/framework/src/Illuminate/Http/Middleware/ValidatePathEncoding.php(28): Illuminate\\Pipeline\\Pipeline->{closure:{closure:Illuminate\\Pipeline\\Pipeline::carry():194}:195}()
#73 /home/zein/surat-ibrahimy/vendor/laravel/framework/src/Illuminate/Pipeline/Pipeline.php(219): Illuminate\\Http\\Middleware\\ValidatePathEncoding->handle()
#74 /home/zein/surat-ibrahimy/vendor/laravel/framework/src/Illuminate/Pipeline/Pipeline.php(137): Illuminate\\Pipeline\\Pipeline->{closure:{closure:Illuminate\\Pipeline\\Pipeline::carry():194}:195}()
#75 /home/zein/surat-ibrahimy/vendor/laravel/framework/src/Illuminate/Foundation/Http/Kernel.php(175): Illuminate\\Pipeline\\Pipeline->then()
#76 /home/zein/surat-ibrahimy/vendor/laravel/framework/src/Illuminate/Foundation/Http/Kernel.php(144): Illuminate\\Foundation\\Http\\Kernel->sendRequestThroughRouter()
#77 /home/zein/surat-ibrahimy/vendor/laravel/framework/src/Illuminate/Foundation/Testing/Concerns/MakesHttpRequests.php(607): Illuminate\\Foundation\\Http\\Kernel->handle()
#78 /home/zein/surat-ibrahimy/vendor/laravel/framework/src/Illuminate/Foundation/Testing/Concerns/MakesHttpRequests.php(397): Illuminate\\Foundation\\Testing\\TestCase->call()
#79 /home/zein/surat-ibrahimy/tests/Feature/SuratKeluarNomorTest.php(86): Illuminate\\Foundation\\Testing\\TestCase->post()
#80 /home/zein/surat-ibrahimy/vendor/phpunit/phpunit/src/Framework/TestCase.php(1332): Tests\\Feature\\SuratKeluarNomorTest->test_nomor_urut_berjalan_dan_reset_per_tahun()
#81 /home/zein/surat-ibrahimy/vendor/phpunit/phpunit/src/Framework/TestCase.php(519): PHPUnit\\Framework\\TestCase->runTest()
#82 /home/zein/surat-ibrahimy/vendor/phpunit/phpunit/src/Framework/TestRunner/TestRunner.php(99): PHPUnit\\Framework\\TestCase->runBare()
#83 /home/zein/surat-ibrahimy/vendor/phpunit/phpunit/src/Framework/TestCase.php(359): PHPUnit\\Framework\\TestRunner->run()
#84 /home/zein/surat-ibrahimy/vendor/phpunit/phpunit/src/Framework/TestSuite.php(374): PHPUnit\\Framework\\TestCase->run()
#85 /home/zein/surat-ibrahimy/vendor/phpunit/phpunit/src/Framework/TestSuite.php(374): PHPUnit\\Framework\\TestSuite->run()
#86 /home/zein/surat-ibrahimy/vendor/phpunit/phpunit/src/Framework/TestSuite.php(374): PHPUnit\\Framework\\TestSuite->run()
#87 /home/zein/surat-ibrahimy/vendor/phpunit/phpunit/src/TextUI/TestRunner.php(64): PHPUnit\\Framework\\TestSuite->run()
#88 /home/zein/surat-ibrahimy/vendor/phpunit/phpunit/src/TextUI/Application.php(229): PHPUnit\\TextUI\\TestRunner->run()
#89 /home/zein/surat-ibrahimy/vendor/phpunit/phpunit/phpunit(104): PHPUnit\\TextUI\\Application->run()
#90 {main}

[previous exception] [object] (PDOException(code: HY000): SQLSTATE[HY000]: General error: 1366 Incorrect integer value: 'admin-test' for column 'created_by' at row 1 at /home/zein/surat-ibrahimy/vendor/laravel/framework/src/Illuminate/Database/MySqlConnection.php:53)
[stacktrace]
#0 /home/zein/surat-ibrahimy/vendor/laravel/framework/src/Illuminate/Database/MySqlConnection.php(53): PDOStatement->execute()
#1 /home/zein/surat-ibrahimy/vendor/laravel/framework/src/Illuminate/Database/Connection.php(830): Illuminate\\Database\\MySqlConnection->{closure:Illuminate\\Database\\MySqlConnection::insert():42}()
#2 /home/zein/surat-ibrahimy/vendor/laravel/framework/src/Illuminate/Database/Connection.php(797): Illuminate\\Database\\Connection->runQueryCallback()
#3 /home/zein/surat-ibrahimy/vendor/laravel/framework/src/Illuminate/Database/MySqlConnection.php(42): Illuminate\\Database\\Connection->run()
#4 /home/zein/surat-ibrahimy/vendor/laravel/framework/src/Illuminate/Database/Query/Processors/MySqlProcessor.php(35): Illuminate\\Database\\MySqlConnection->insert()
#5 /home/zein/surat-ibrahimy/vendor/laravel/framework/src/Illuminate/Database/Query/Builder.php(4246): Illuminate\\Database\\Query\\Processors\\MySqlProcessor->processInsertGetId()
#6 /home/zein/surat-ibrahimy/vendor/laravel/framework/src/Illuminate/Database/Eloquent/Builder.php(2242): Illuminate\\Database\\Query\\Builder->insertGetId()
#7 /home/zein/surat-ibrahimy/vendor/laravel/framework/src/Illuminate/Database/Eloquent/Model.php(1580): Illuminate\\Database\\Eloquent\\Builder->__call()
#8 /home/zein/surat-ibrahimy/vendor/laravel/framework/src/Illuminate/Database/Eloquent/Model.php(1496): Illuminate\\Database\\Eloquent\\Model->insertAndSetId()
#9 /home/zein/surat-ibrahimy/vendor/laravel/framework/src/Illuminate/Database/Eloquent/Model.php(1300): Illuminate\\Database\\Eloquent\\Model->performInsert()
#10 /home/zein/surat-ibrahimy/vendor/laravel/framework/src/Illuminate/Database/Eloquent/Builder.php(1224): Illuminate\\Database\\Eloquent\\Model->save()
#11 /home/zein/surat-ibrahimy/vendor/laravel/framework/src/Illuminate/Support/helpers.php(393): Illuminate\\Database\\Eloquent\\Builder->{closure:Illuminate\\Database\\Eloquent\\Builder::create():1223}()
#12 /home/zein/surat-ibrahimy/vendor/laravel/framework/src/Illuminate/Database/Eloquent/Builder.php(1223): tap()
#13 /home/zein/surat-ibrahimy/vendor/laravel/framework/src/Illuminate/Support/Traits/ForwardsCalls.php(23): Illuminate\\Database\\Eloquent\\Builder->create()
#14 /home/zein/surat-ibrahimy/vendor/laravel/framework/src/Illuminate/Database/Eloquent/Model.php(2723): Illuminate\\Database\\Eloquent\\Model->forwardCallTo()
#15 /home/zein/surat-ibrahimy/vendor/laravel/framework/src/Illuminate/Database/Eloquent/Model.php(2739): Illuminate\\Database\\Eloquent\\Model->__call()
#16 /home/zein/surat-ibrahimy/app/Http/Controllers/SuratController.php(99): Illuminate\\Database\\Eloquent\\Model::__callStatic()
#17 /home/zein/surat-ibrahimy/vendor/laravel/framework/src/Illuminate/Database/Concerns/ManagesTransactions.php(35): App\\Http\\Controllers\\SuratController->{closure:App\\Http\\Controllers\\SuratController::store():88}()
#18 /home/zein/surat-ibrahimy/vendor/laravel/framework/src/Illuminate/Database/DatabaseManager.php(496): Illuminate\\Database\\Connection->transaction()
#19 /home/zein/surat-ibrahimy/vendor/laravel/framework/src/Illuminate/Support/Facades/Facade.php(363): Illuminate\\Database\\DatabaseManager->__call()
#20 /home/zein/surat-ibrahimy/app/Http/Controllers/SuratController.php(88): Illuminate\\Support\\Facades\\Facade::__callStatic()
#21 /home/zein/surat-ibrahimy/vendor/laravel/framework/src/Illuminate/Routing/ControllerDispatcher.php(46): App\\Http\\Controllers\\SuratController->store()
#22 /home/zein/surat-ibrahimy/vendor/laravel/framework/src/Illuminate/Routing/Route.php(269): Illuminate\\Routing\\ControllerDispatcher->dispatch()
#23 /home/zein/surat-ibrahimy/vendor/laravel/framework/src/Illuminate/Routing/Route.php(215): Illuminate\\Routing\\Route->runController()
#24 /home/zein/surat-ibrahimy/vendor/laravel/framework/src/Illuminate/Routing/Router.php(822): Illuminate\\Routing\\Route->run()
#25 /home/zein/surat-ibrahimy/vendor/laravel/framework/src/Illuminate/Pipeline/Pipeline.php(180): Illuminate\\Routing\\Router->{closure:Illuminate\\Routing\\Router::runRouteWithinStack():821}()
#26 /home/zein/surat-ibrahimy/vendor/spatie/laravel-permission/src/Middleware/PermissionMiddleware.php(41): Illuminate\\Pipeline\\Pipeline->{closure:Illuminate\\Pipeline\\Pipeline::prepareDestination():178}()
#27 /home/zein/surat-ibrahimy/vendor/laravel/framework/src/Illuminate/Pipeline/Pipeline.php(219): Spatie\\Permission\\Middleware\\PermissionMiddleware->handle()
#28 /home/zein/surat-ibrahimy/vendor/laravel/framework/src/Illuminate/Auth/Middleware/EnsureEmailIsVerified.php(41): Illuminate\\Pipeline\\Pipeline->{closure:{closure:Illuminate\\Pipeline\\Pipeline::carry():194}:195}()
#29 /home/zein/surat-ibrahimy/vendor/laravel/framework/src/Illuminate/Pipeline/Pipeline.php(219): Illuminate\\Auth\\Middleware\\EnsureEmailIsVerified->handle()
#30 /home/zein/surat-ibrahimy/vendor/laravel/framework/src/Illuminate/Http/Middleware/AddLinkHeadersForPreloadedAssets.php(32): Illuminate\\Pipeline\\Pipeline->{closure:{closure:Illuminate\\Pipeline\\Pipeline::carry():194}:195}()
#31 /home/zein/surat-ibrahimy/vendor/laravel/framework/src/Illuminate/Pipeline/Pipeline.php(219): Illuminate\\Http\\Middleware\\AddLinkHeadersForPreloadedAssets->handle()
#32 /home/zein/surat-ibrahimy/app/Http/Middleware/HandleAppearance.php(21): Illuminate\\Pipeline\\Pipeline->{closure:{closure:Illuminate\\Pipeline\\Pipeline::carry():194}:195}()
#33 /home/zein/surat-ibrahimy/vendor/laravel/framework/src/Illuminate/Pipeline/Pipeline.php(219): App\\Http\\Middleware\\HandleAppearance->handle()
#34 /home/zein/surat-ibrahimy/vendor/laravel/framework/src/Illuminate/Routing/Middleware/SubstituteBindings.php(52): Illuminate\\Pipeline\\Pipeline->{closure:{closure:Illuminate\\Pipeline\\Pipeline::carry():194}:195}()
#35 /home/zein/surat-ibrahimy/vendor/laravel/framework/src/Illuminate/Pipeline/Pipeline.php(219): Illuminate\\Routing\\Middleware\\SubstituteBindings->handle()
#36 /home/zein/surat-ibrahimy/vendor/laravel/framework/src/Illuminate/Auth/Middleware/Authenticate.php(63): Illuminate\\Pipeline\\Pipeline->{closure:{closure:Illuminate\\Pipeline\\Pipeline::carry():194}:195}()
#37 /home/zein/surat-ibrahimy/vendor/laravel/framework/src/Illuminate/Pipeline/Pipeline.php(219): Illuminate\\Auth\\Middleware\\Authenticate->handle()
#38 /home/zein/surat-ibrahimy/vendor/laravel/framework/src/Illuminate/Foundation/Http/Middleware/PreventRequestForgery.php(104): Illuminate\\Pipeline\\Pipeline->{closure:{closure:Illuminate\\Pipeline\\Pipeline::carry():194}:195}()
#39 /home/zein/surat-ibrahimy/vendor/laravel/framework/src/Illuminate/Pipeline/Pipeline.php(219): Illuminate\\Foundation\\Http\\Middleware\\PreventRequestForgery->handle()
#40 /home/zein/surat-ibrahimy/vendor/laravel/framework/src/Illuminate/View/Middleware/ShareErrorsFromSession.php(48): Illuminate\\Pipeline\\Pipeline->{closure:{closure:Illuminate\\Pipeline\\Pipeline::carry():194}:195}()
#41 /home/zein/surat-ibrahimy/vendor/laravel/framework/src/Illuminate/Pipeline/Pipeline.php(219): Illuminate\\View\\Middleware\\ShareErrorsFromSession->handle()
#42 /home/zein/surat-ibrahimy/vendor/inertiajs/inertia-laravel/src/Middleware.php(138): Illuminate\\Pipeline\\Pipeline->{closure:{closure:Illuminate\\Pipeline\\Pipeline::carry():194}:195}()
#43 /home/zein/surat-ibrahimy/vendor/laravel/framework/src/Illuminate/Pipeline/Pipeline.php(219): Inertia\\Middleware->handle()
#44 /home/zein/surat-ibrahimy/vendor/laravel/framework/src/Illuminate/Session/Middleware/StartSession.php(120): Illuminate\\Pipeline\\Pipeline->{closure:{closure:Illuminate\\Pipeline\\Pipeline::carry():194}:195}()
#45 /home/zein/surat-ibrahimy/vendor/laravel/framework/src/Illuminate/Session/Middleware/StartSession.php(63): Illuminate\\Session\\Middleware\\StartSession->handleStatefulRequest()
#46 /home/zein/surat-ibrahimy/vendor/laravel/framework/src/Illuminate/Pipeline/Pipeline.php(219): Illuminate\\Session\\Middleware\\StartSession->handle()
#47 /home/zein/surat-ibrahimy/vendor/laravel/framework/src/Illuminate/Cookie/Middleware/AddQueuedCookiesToResponse.php(36): Illuminate\\Pipeline\\Pipeline->{closure:{closure:Illuminate\\Pipeline\\Pipeline::carry():194}:195}()
#48 /home/zein/surat-ibrahimy/vendor/laravel/framework/src/Illuminate/Pipeline/Pipeline.php(219): Illuminate\\Cookie\\Middleware\\AddQueuedCookiesToResponse->handle()
#49 /home/zein/surat-ibrahimy/vendor/laravel/framework/src/Illuminate/Cookie/Middleware/EncryptCookies.php(74): Illuminate\\Pipeline\\Pipeline->{closure:{closure:Illuminate\\Pipeline\\Pipeline::carry():194}:195}()
#50 /home/zein/surat-ibrahimy/vendor/laravel/framework/src/Illuminate/Pipeline/Pipeline.php(219): Illuminate\\Cookie\\Middleware\\EncryptCookies->handle()
#51 /home/zein/surat-ibrahimy/vendor/laravel/framework/src/Illuminate/Pipeline/Pipeline.php(137): Illuminate\\Pipeline\\Pipeline->{closure:{closure:Illuminate\\Pipeline\\Pipeline::carry():194}:195}()
#52 /home/zein/surat-ibrahimy/vendor/laravel/framework/src/Illuminate/Routing/Router.php(821): Illuminate\\Pipeline\\Pipeline->then()
#53 /home/zein/surat-ibrahimy/vendor/laravel/framework/src/Illuminate/Routing/Router.php(800): Illuminate\\Routing\\Router->runRouteWithinStack()
#54 /home/zein/surat-ibrahimy/vendor/laravel/framework/src/Illuminate/Routing/Router.php(764): Illuminate\\Routing\\Router->runRoute()
#55 /home/zein/surat-ibrahimy/vendor/laravel/framework/src/Illuminate/Routing/Router.php(753): Illuminate\\Routing\\Router->dispatchToRoute()
#56 /home/zein/surat-ibrahimy/vendor/laravel/framework/src/Illuminate/Foundation/Http/Kernel.php(200): Illuminate\\Routing\\Router->dispatch()
#57 /home/zein/surat-ibrahimy/vendor/laravel/framework/src/Illuminate/Pipeline/Pipeline.php(180): Illuminate\\Foundation\\Http\\Kernel->{closure:Illuminate\\Foundation\\Http\\Kernel::dispatchToRouter():197}()
#58 /home/zein/surat-ibrahimy/vendor/laravel/framework/src/Illuminate/Foundation/Http/Middleware/TransformsRequest.php(21): Illuminate\\Pipeline\\Pipeline->{closure:Illuminate\\Pipeline\\Pipeline::prepareDestination():178}()
#59 /home/zein/surat-ibrahimy/vendor/laravel/framework/src/Illuminate/Foundation/Http/Middleware/ConvertEmptyStringsToNull.php(31): Illuminate\\Foundation\\Http\\Middleware\\TransformsRequest->handle()
#60 /home/zein/surat-ibrahimy/vendor/laravel/framework/src/Illuminate/Pipeline/Pipeline.php(219): Illuminate\\Foundation\\Http\\Middleware\\ConvertEmptyStringsToNull->handle()
#61 /home/zein/surat-ibrahimy/vendor/laravel/framework/src/Illuminate/Foundation/Http/Middleware/TransformsRequest.php(21): Illuminate\\Pipeline\\Pipeline->{closure:{closure:Illuminate\\Pipeline\\Pipeline::carry():194}:195}()
#62 /home/zein/surat-ibrahimy/vendor/laravel/framework/src/Illuminate/Foundation/Http/Middleware/TrimStrings.php(51): Illuminate\\Foundation\\Http\\Middleware\\TransformsRequest->handle()
#63 /home/zein/surat-ibrahimy/vendor/laravel/framework/src/Illuminate/Pipeline/Pipeline.php(219): Illuminate\\Foundation\\Http\\Middleware\\TrimStrings->handle()
#64 /home/zein/surat-ibrahimy/vendor/laravel/framework/src/Illuminate/Http/Middleware/ValidatePostSize.php(27): Illuminate\\Pipeline\\Pipeline->{closure:{closure:Illuminate\\Pipeline\\Pipeline::carry():194}:195}()
#65 /home/zein/surat-ibrahimy/vendor/laravel/framework/src/Illuminate/Pipeline/Pipeline.php(219): Illuminate\\Http\\Middleware\\ValidatePostSize->handle()
#66 /home/zein/surat-ibrahimy/vendor/laravel/framework/src/Illuminate/Foundation/Http/Middleware/PreventRequestsDuringMaintenance.php(109): Illuminate\\Pipeline\\Pipeline->{closure:{closure:Illuminate\\Pipeline\\Pipeline::carry():194}:195}()
#67 /home/zein/surat-ibrahimy/vendor/laravel/framework/src/Illuminate/Pipeline/Pipeline.php(219): Illuminate\\Foundation\\Http\\Middleware\\PreventRequestsDuringMaintenance->handle()
#68 /home/zein/surat-ibrahimy/vendor/laravel/framework/src/Illuminate/Http/Middleware/HandleCors.php(61): Illuminate\\Pipeline\\Pipeline->{closure:{closure:Illuminate\\Pipeline\\Pipeline::carry():194}:195}()
#69 /home/zein/surat-ibrahimy/vendor/laravel/framework/src/Illuminate/Pipeline/Pipeline.php(219): Illuminate\\Http\\Middleware\\HandleCors->handle()
#70 /home/zein/surat-ibrahimy/vendor/laravel/framework/src/Illuminate/Http/Middleware/TrustProxies.php(58): Illuminate\\Pipeline\\Pipeline->{closure:{closure:Illuminate\\Pipeline\\Pipeline::carry():194}:195}()
#71 /home/zein/surat-ibrahimy/vendor/laravel/framework/src/Illuminate/Pipeline/Pipeline.php(219): Illuminate\\Http\\Middleware\\TrustProxies->handle()
#72 /home/zein/surat-ibrahimy/vendor/laravel/framework/src/Illuminate/Foundation/Http/Middleware/InvokeDeferredCallbacks.php(22): Illuminate\\Pipeline\\Pipeline->{closure:{closure:Illuminate\\Pipeline\\Pipeline::carry():194}:195}()
#73 /home/zein/surat-ibrahimy/vendor/laravel/framework/src/Illuminate/Pipeline/Pipeline.php(219): Illuminate\\Foundation\\Http\\Middleware\\InvokeDeferredCallbacks->handle()
#74 /home/zein/surat-ibrahimy/vendor/laravel/framework/src/Illuminate/Http/Middleware/ValidatePathEncoding.php(28): Illuminate\\Pipeline\\Pipeline->{closure:{closure:Illuminate\\Pipeline\\Pipeline::carry():194}:195}()
#75 /home/zein/surat-ibrahimy/vendor/laravel/framework/src/Illuminate/Pipeline/Pipeline.php(219): Illuminate\\Http\\Middleware\\ValidatePathEncoding->handle()
#76 /home/zein/surat-ibrahimy/vendor/laravel/framework/src/Illuminate/Pipeline/Pipeline.php(137): Illuminate\\Pipeline\\Pipeline->{closure:{closure:Illuminate\\Pipeline\\Pipeline::carry():194}:195}()
#77 /home/zein/surat-ibrahimy/vendor/laravel/framework/src/Illuminate/Foundation/Http/Kernel.php(175): Illuminate\\Pipeline\\Pipeline->then()
#78 /home/zein/surat-ibrahimy/vendor/laravel/framework/src/Illuminate/Foundation/Http/Kernel.php(144): Illuminate\\Foundation\\Http\\Kernel->sendRequestThroughRouter()
#79 /home/zein/surat-ibrahimy/vendor/laravel/framework/src/Illuminate/Foundation/Testing/Concerns/MakesHttpRequests.php(607): Illuminate\\Foundation\\Http\\Kernel->handle()
#80 /home/zein/surat-ibrahimy/vendor/laravel/framework/src/Illuminate/Foundation/Testing/Concerns/MakesHttpRequests.php(397): Illuminate\\Foundation\\Testing\\TestCase->call()
#81 /home/zein/surat-ibrahimy/tests/Feature/SuratKeluarNomorTest.php(86): Illuminate\\Foundation\\Testing\\TestCase->post()
#82 /home/zein/surat-ibrahimy/vendor/phpunit/phpunit/src/Framework/TestCase.php(1332): Tests\\Feature\\SuratKeluarNomorTest->test_nomor_urut_berjalan_dan_reset_per_tahun()
#83 /home/zein/surat-ibrahimy/vendor/phpunit/phpunit/src/Framework/TestCase.php(519): PHPUnit\\Framework\\TestCase->runTest()
#84 /home/zein/surat-ibrahimy/vendor/phpunit/phpunit/src/Framework/TestRunner/TestRunner.php(99): PHPUnit\\Framework\\TestCase->runBare()
#85 /home/zein/surat-ibrahimy/vendor/phpunit/phpunit/src/Framework/TestCase.php(359): PHPUnit\\Framework\\TestRunner->run()
#86 /home/zein/surat-ibrahimy/vendor/phpunit/phpunit/src/Framework/TestSuite.php(374): PHPUnit\\Framework\\TestCase->run()
#87 /home/zein/surat-ibrahimy/vendor/phpunit/phpunit/src/Framework/TestSuite.php(374): PHPUnit\\Framework\\TestSuite->run()
#88 /home/zein/surat-ibrahimy/vendor/phpunit/phpunit/src/Framework/TestSuite.php(374): PHPUnit\\Framework\\TestSuite->run()
#89 /home/zein/surat-ibrahimy/vendor/phpunit/phpunit/src/TextUI/TestRunner.php(64): PHPUnit\\Framework\\TestSuite->run()
#90 /home/zein/surat-ibrahimy/vendor/phpunit/phpunit/src/TextUI/Application.php(229): PHPUnit\\TextUI\\TestRunner->run()
#91 /home/zein/surat-ibrahimy/vendor/phpunit/phpunit/phpunit(104): PHPUnit\\TextUI\\Application->run()
#92 {main}
"} 
[2026-08-08 06:51:05] testing.ERROR: SQLSTATE[HY000]: General error: 1366 Incorrect integer value: 'admin-test' for column 'created_by' at row 1 (Connection: mysql, Host: 127.0.0.1, Port: 3306, Database: testing, SQL: insert into `surats` (`jenis`, `no_agenda`, `no_agenda_urut`, `nomor_urut`, `template_nomor_id`, `klasifikasi_surat_id`, `unit_pengolah_id`, `perihal`, `ringkasan`, `asal_surat`, `pengirim`, `tujuan_surat`, `penerima`, `tanggal_surat`, `tanggal_terima`, `tanggal_kirim`, `sifat`, `created_by`, `updated_at`, `created_at`) values (keluar, 001/2027, 1, 1, 2, ?, ?, Surat Ketiga, ?, ?, ?, ?, ?, 2027-01-05 00:00:00, ?, ?, biasa, admin-test, 2026-08-08 06:51:05, 2026-08-08 06:51:05)) {"userId":"admin-test","exception":"[object] (Illuminate\\Database\\QueryException(code: HY000): SQLSTATE[HY000]: General error: 1366 Incorrect integer value: 'admin-test' for column 'created_by' at row 1 (Connection: mysql, Host: 127.0.0.1, Port: 3306, Database: testing, SQL: insert into `surats` (`jenis`, `no_agenda`, `no_agenda_urut`, `nomor_urut`, `template_nomor_id`, `klasifikasi_surat_id`, `unit_pengolah_id`, `perihal`, `ringkasan`, `asal_surat`, `pengirim`, `tujuan_surat`, `penerima`, `tanggal_surat`, `tanggal_terima`, `tanggal_kirim`, `sifat`, `created_by`, `updated_at`, `created_at`) values (keluar, 001/2027, 1, 1, 2, ?, ?, Surat Ketiga, ?, ?, ?, ?, ?, 2027-01-05 00:00:00, ?, ?, biasa, admin-test, 2026-08-08 06:51:05, 2026-08-08 06:51:05)) at /home/zein/surat-ibrahimy/vendor/laravel/framework/src/Illuminate/Database/Connection.php:841)
[stacktrace]
#0 /home/zein/surat-ibrahimy/vendor/laravel/framework/src/Illuminate/Database/Connection.php(797): Illuminate\\Database\\Connection->runQueryCallback()
#1 /home/zein/surat-ibrahimy/vendor/laravel/framework/src/Illuminate/Database/MySqlConnection.php(42): Illuminate\\Database\\Connection->run()
#2 /home/zein/surat-ibrahimy/vendor/laravel/framework/src/Illuminate/Database/Query/Processors/MySqlProcessor.php(35): Illuminate\\Database\\MySqlConnection->insert()
#3 /home/zein/surat-ibrahimy/vendor/laravel/framework/src/Illuminate/Database/Query/Builder.php(4246): Illuminate\\Database\\Query\\Processors\\MySqlProcessor->processInsertGetId()
#4 /home/zein/surat-ibrahimy/vendor/laravel/framework/src/Illuminate/Database/Eloquent/Builder.php(2242): Illuminate\\Database\\Query\\Builder->insertGetId()
#5 /home/zein/surat-ibrahimy/vendor/laravel/framework/src/Illuminate/Database/Eloquent/Model.php(1580): Illuminate\\Database\\Eloquent\\Builder->__call()
#6 /home/zein/surat-ibrahimy/vendor/laravel/framework/src/Illuminate/Database/Eloquent/Model.php(1496): Illuminate\\Database\\Eloquent\\Model->insertAndSetId()
#7 /home/zein/surat-ibrahimy/vendor/laravel/framework/src/Illuminate/Database/Eloquent/Model.php(1300): Illuminate\\Database\\Eloquent\\Model->performInsert()
#8 /home/zein/surat-ibrahimy/vendor/laravel/framework/src/Illuminate/Database/Eloquent/Builder.php(1224): Illuminate\\Database\\Eloquent\\Model->save()
#9 /home/zein/surat-ibrahimy/vendor/laravel/framework/src/Illuminate/Support/helpers.php(393): Illuminate\\Database\\Eloquent\\Builder->{closure:Illuminate\\Database\\Eloquent\\Builder::create():1223}()
#10 /home/zein/surat-ibrahimy/vendor/laravel/framework/src/Illuminate/Database/Eloquent/Builder.php(1223): tap()
#11 /home/zein/surat-ibrahimy/vendor/laravel/framework/src/Illuminate/Support/Traits/ForwardsCalls.php(23): Illuminate\\Database\\Eloquent\\Builder->create()
#12 /home/zein/surat-ibrahimy/vendor/laravel/framework/src/Illuminate/Database/Eloquent/Model.php(2723): Illuminate\\Database\\Eloquent\\Model->forwardCallTo()
#13 /home/zein/surat-ibrahimy/vendor/laravel/framework/src/Illuminate/Database/Eloquent/Model.php(2739): Illuminate\\Database\\Eloquent\\Model->__call()
#14 /home/zein/surat-ibrahimy/app/Http/Controllers/SuratController.php(99): Illuminate\\Database\\Eloquent\\Model::__callStatic()
#15 /home/zein/surat-ibrahimy/vendor/laravel/framework/src/Illuminate/Database/Concerns/ManagesTransactions.php(35): App\\Http\\Controllers\\SuratController->{closure:App\\Http\\Controllers\\SuratController::store():88}()
#16 /home/zein/surat-ibrahimy/vendor/laravel/framework/src/Illuminate/Database/DatabaseManager.php(496): Illuminate\\Database\\Connection->transaction()
#17 /home/zein/surat-ibrahimy/vendor/laravel/framework/src/Illuminate/Support/Facades/Facade.php(363): Illuminate\\Database\\DatabaseManager->__call()
#18 /home/zein/surat-ibrahimy/app/Http/Controllers/SuratController.php(88): Illuminate\\Support\\Facades\\Facade::__callStatic()
#19 /home/zein/surat-ibrahimy/vendor/laravel/framework/src/Illuminate/Routing/ControllerDispatcher.php(46): App\\Http\\Controllers\\SuratController->store()
#20 /home/zein/surat-ibrahimy/vendor/laravel/framework/src/Illuminate/Routing/Route.php(269): Illuminate\\Routing\\ControllerDispatcher->dispatch()
#21 /home/zein/surat-ibrahimy/vendor/laravel/framework/src/Illuminate/Routing/Route.php(215): Illuminate\\Routing\\Route->runController()
#22 /home/zein/surat-ibrahimy/vendor/laravel/framework/src/Illuminate/Routing/Router.php(822): Illuminate\\Routing\\Route->run()
#23 /home/zein/surat-ibrahimy/vendor/laravel/framework/src/Illuminate/Pipeline/Pipeline.php(180): Illuminate\\Routing\\Router->{closure:Illuminate\\Routing\\Router::runRouteWithinStack():821}()
#24 /home/zein/surat-ibrahimy/vendor/spatie/laravel-permission/src/Middleware/PermissionMiddleware.php(41): Illuminate\\Pipeline\\Pipeline->{closure:Illuminate\\Pipeline\\Pipeline::prepareDestination():178}()
#25 /home/zein/surat-ibrahimy/vendor/laravel/framework/src/Illuminate/Pipeline/Pipeline.php(219): Spatie\\Permission\\Middleware\\PermissionMiddleware->handle()
#26 /home/zein/surat-ibrahimy/vendor/laravel/framework/src/Illuminate/Auth/Middleware/EnsureEmailIsVerified.php(41): Illuminate\\Pipeline\\Pipeline->{closure:{closure:Illuminate\\Pipeline\\Pipeline::carry():194}:195}()
#27 /home/zein/surat-ibrahimy/vendor/laravel/framework/src/Illuminate/Pipeline/Pipeline.php(219): Illuminate\\Auth\\Middleware\\EnsureEmailIsVerified->handle()
#28 /home/zein/surat-ibrahimy/vendor/laravel/framework/src/Illuminate/Http/Middleware/AddLinkHeadersForPreloadedAssets.php(32): Illuminate\\Pipeline\\Pipeline->{closure:{closure:Illuminate\\Pipeline\\Pipeline::carry():194}:195}()
#29 /home/zein/surat-ibrahimy/vendor/laravel/framework/src/Illuminate/Pipeline/Pipeline.php(219): Illuminate\\Http\\Middleware\\AddLinkHeadersForPreloadedAssets->handle()
#30 /home/zein/surat-ibrahimy/app/Http/Middleware/HandleAppearance.php(21): Illuminate\\Pipeline\\Pipeline->{closure:{closure:Illuminate\\Pipeline\\Pipeline::carry():194}:195}()
#31 /home/zein/surat-ibrahimy/vendor/laravel/framework/src/Illuminate/Pipeline/Pipeline.php(219): App\\Http\\Middleware\\HandleAppearance->handle()
#32 /home/zein/surat-ibrahimy/vendor/laravel/framework/src/Illuminate/Routing/Middleware/SubstituteBindings.php(52): Illuminate\\Pipeline\\Pipeline->{closure:{closure:Illuminate\\Pipeline\\Pipeline::carry():194}:195}()
#33 /home/zein/surat-ibrahimy/vendor/laravel/framework/src/Illuminate/Pipeline/Pipeline.php(219): Illuminate\\Routing\\Middleware\\SubstituteBindings->handle()
#34 /home/zein/surat-ibrahimy/vendor/laravel/framework/src/Illuminate/Auth/Middleware/Authenticate.php(63): Illuminate\\Pipeline\\Pipeline->{closure:{closure:Illuminate\\Pipeline\\Pipeline::carry():194}:195}()
#35 /home/zein/surat-ibrahimy/vendor/laravel/framework/src/Illuminate/Pipeline/Pipeline.php(219): Illuminate\\Auth\\Middleware\\Authenticate->handle()
#36 /home/zein/surat-ibrahimy/vendor/laravel/framework/src/Illuminate/Foundation/Http/Middleware/PreventRequestForgery.php(104): Illuminate\\Pipeline\\Pipeline->{closure:{closure:Illuminate\\Pipeline\\Pipeline::carry():194}:195}()
#37 /home/zein/surat-ibrahimy/vendor/laravel/framework/src/Illuminate/Pipeline/Pipeline.php(219): Illuminate\\Foundation\\Http\\Middleware\\PreventRequestForgery->handle()
#38 /home/zein/surat-ibrahimy/vendor/laravel/framework/src/Illuminate/View/Middleware/ShareErrorsFromSession.php(48): Illuminate\\Pipeline\\Pipeline->{closure:{closure:Illuminate\\Pipeline\\Pipeline::carry():194}:195}()
#39 /home/zein/surat-ibrahimy/vendor/laravel/framework/src/Illuminate/Pipeline/Pipeline.php(219): Illuminate\\View\\Middleware\\ShareErrorsFromSession->handle()
#40 /home/zein/surat-ibrahimy/vendor/inertiajs/inertia-laravel/src/Middleware.php(138): Illuminate\\Pipeline\\Pipeline->{closure:{closure:Illuminate\\Pipeline\\Pipeline::carry():194}:195}()
#41 /home/zein/surat-ibrahimy/vendor/laravel/framework/src/Illuminate/Pipeline/Pipeline.php(219): Inertia\\Middleware->handle()
#42 /home/zein/surat-ibrahimy/vendor/laravel/framework/src/Illuminate/Session/Middleware/StartSession.php(120): Illuminate\\Pipeline\\Pipeline->{closure:{closure:Illuminate\\Pipeline\\Pipeline::carry():194}:195}()
#43 /home/zein/surat-ibrahimy/vendor/laravel/framework/src/Illuminate/Session/Middleware/StartSession.php(63): Illuminate\\Session\\Middleware\\StartSession->handleStatefulRequest()
#44 /home/zein/surat-ibrahimy/vendor/laravel/framework/src/Illuminate/Pipeline/Pipeline.php(219): Illuminate\\Session\\Middleware\\StartSession->handle()
#45 /home/zein/surat-ibrahimy/vendor/laravel/framework/src/Illuminate/Cookie/Middleware/AddQueuedCookiesToResponse.php(36): Illuminate\\Pipeline\\Pipeline->{closure:{closure:Illuminate\\Pipeline\\Pipeline::carry():194}:195}()
#46 /home/zein/surat-ibrahimy/vendor/laravel/framework/src/Illuminate/Pipeline/Pipeline.php(219): Illuminate\\Cookie\\Middleware\\AddQueuedCookiesToResponse->handle()
#47 /home/zein/surat-ibrahimy/vendor/laravel/framework/src/Illuminate/Cookie/Middleware/EncryptCookies.php(74): Illuminate\\Pipeline\\Pipeline->{closure:{closure:Illuminate\\Pipeline\\Pipeline::carry():194}:195}()
#48 /home/zein/surat-ibrahimy/vendor/laravel/framework/src/Illuminate/Pipeline/Pipeline.php(219): Illuminate\\Cookie\\Middleware\\EncryptCookies->handle()
#49 /home/zein/surat-ibrahimy/vendor/laravel/framework/src/Illuminate/Pipeline/Pipeline.php(137): Illuminate\\Pipeline\\Pipeline->{closure:{closure:Illuminate\\Pipeline\\Pipeline::carry():194}:195}()
#50 /home/zein/surat-ibrahimy/vendor/laravel/framework/src/Illuminate/Routing/Router.php(821): Illuminate\\Pipeline\\Pipeline->then()
#51 /home/zein/surat-ibrahimy/vendor/laravel/framework/src/Illuminate/Routing/Router.php(800): Illuminate\\Routing\\Router->runRouteWithinStack()
#52 /home/zein/surat-ibrahimy/vendor/laravel/framework/src/Illuminate/Routing/Router.php(764): Illuminate\\Routing\\Router->runRoute()
#53 /home/zein/surat-ibrahimy/vendor/laravel/framework/src/Illuminate/Routing/Router.php(753): Illuminate\\Routing\\Router->dispatchToRoute()
#54 /home/zein/surat-ibrahimy/vendor/laravel/framework/src/Illuminate/Foundation/Http/Kernel.php(200): Illuminate\\Routing\\Router->dispatch()
#55 /home/zein/surat-ibrahimy/vendor/laravel/framework/src/Illuminate/Pipeline/Pipeline.php(180): Illuminate\\Foundation\\Http\\Kernel->{closure:Illuminate\\Foundation\\Http\\Kernel::dispatchToRouter():197}()
#56 /home/zein/surat-ibrahimy/vendor/laravel/framework/src/Illuminate/Foundation/Http/Middleware/TransformsRequest.php(21): Illuminate\\Pipeline\\Pipeline->{closure:Illuminate\\Pipeline\\Pipeline::prepareDestination():178}()
#57 /home/zein/surat-ibrahimy/vendor/laravel/framework/src/Illuminate/Foundation/Http/Middleware/ConvertEmptyStringsToNull.php(31): Illuminate\\Foundation\\Http\\Middleware\\TransformsRequest->handle()
#58 /home/zein/surat-ibrahimy/vendor/laravel/framework/src/Illuminate/Pipeline/Pipeline.php(219): Illuminate\\Foundation\\Http\\Middleware\\ConvertEmptyStringsToNull->handle()
#59 /home/zein/surat-ibrahimy/vendor/laravel/framework/src/Illuminate/Foundation/Http/Middleware/TransformsRequest.php(21): Illuminate\\Pipeline\\Pipeline->{closure:{closure:Illuminate\\Pipeline\\Pipeline::carry():194}:195}()
#60 /home/zein/surat-ibrahimy/vendor/laravel/framework/src/Illuminate/Foundation/Http/Middleware/TrimStrings.php(51): Illuminate\\Foundation\\Http\\Middleware\\TransformsRequest->handle()
#61 /home/zein/surat-ibrahimy/vendor/laravel/framework/src/Illuminate/Pipeline/Pipeline.php(219): Illuminate\\Foundation\\Http\\Middleware\\TrimStrings->handle()
#62 /home/zein/surat-ibrahimy/vendor/laravel/framework/src/Illuminate/Http/Middleware/ValidatePostSize.php(27): Illuminate\\Pipeline\\Pipeline->{closure:{closure:Illuminate\\Pipeline\\Pipeline::carry():194}:195}()
#63 /home/zein/surat-ibrahimy/vendor/laravel/framework/src/Illuminate/Pipeline/Pipeline.php(219): Illuminate\\Http\\Middleware\\ValidatePostSize->handle()
#64 /home/zein/surat-ibrahimy/vendor/laravel/framework/src/Illuminate/Foundation/Http/Middleware/PreventRequestsDuringMaintenance.php(109): Illuminate\\Pipeline\\Pipeline->{closure:{closure:Illuminate\\Pipeline\\Pipeline::carry():194}:195}()
#65 /home/zein/surat-ibrahimy/vendor/laravel/framework/src/Illuminate/Pipeline/Pipeline.php(219): Illuminate\\Foundation\\Http\\Middleware\\PreventRequestsDuringMaintenance->handle()
#66 /home/zein/surat-ibrahimy/vendor/laravel/framework/src/Illuminate/Http/Middleware/HandleCors.php(61): Illuminate\\Pipeline\\Pipeline->{closure:{closure:Illuminate\\Pipeline\\Pipeline::carry():194}:195}()
#67 /home/zein/surat-ibrahimy/vendor/laravel/framework/src/Illuminate/Pipeline/Pipeline.php(219): Illuminate\\Http\\Middleware\\HandleCors->handle()
#68 /home/zein/surat-ibrahimy/vendor/laravel/framework/src/Illuminate/Http/Middleware/TrustProxies.php(58): Illuminate\\Pipeline\\Pipeline->{closure:{closure:Illuminate\\Pipeline\\Pipeline::carry():194}:195}()
#69 /home/zein/surat-ibrahimy/vendor/laravel/framework/src/Illuminate/Pipeline/Pipeline.php(219): Illuminate\\Http\\Middleware\\TrustProxies->handle()
#70 /home/zein/surat-ibrahimy/vendor/laravel/framework/src/Illuminate/Foundation/Http/Middleware/InvokeDeferredCallbacks.php(22): Illuminate\\Pipeline\\Pipeline->{closure:{closure:Illuminate\\Pipeline\\Pipeline::carry():194}:195}()
#71 /home/zein/surat-ibrahimy/vendor/laravel/framework/src/Illuminate/Pipeline/Pipeline.php(219): Illuminate\\Foundation\\Http\\Middleware\\InvokeDeferredCallbacks->handle()
#72 /home/zein/surat-ibrahimy/vendor/laravel/framework/src/Illuminate/Http/Middleware/ValidatePathEncoding.php(28): Illuminate\\Pipeline\\Pipeline->{closure:{closure:Illuminate\\Pipeline\\Pipeline::carry():194}:195}()
#73 /home/zein/surat-ibrahimy/vendor/laravel/framework/src/Illuminate/Pipeline/Pipeline.php(219): Illuminate\\Http\\Middleware\\ValidatePathEncoding->handle()
#74 /home/zein/surat-ibrahimy/vendor/laravel/framework/src/Illuminate/Pipeline/Pipeline.php(137): Illuminate\\Pipeline\\Pipeline->{closure:{closure:Illuminate\\Pipeline\\Pipeline::carry():194}:195}()
#75 /home/zein/surat-ibrahimy/vendor/laravel/framework/src/Illuminate/Foundation/Http/Kernel.php(175): Illuminate\\Pipeline\\Pipeline->then()
#76 /home/zein/surat-ibrahimy/vendor/laravel/framework/src/Illuminate/Foundation/Http/Kernel.php(144): Illuminate\\Foundation\\Http\\Kernel->sendRequestThroughRouter()
#77 /home/zein/surat-ibrahimy/vendor/laravel/framework/src/Illuminate/Foundation/Testing/Concerns/MakesHttpRequests.php(607): Illuminate\\Foundation\\Http\\Kernel->handle()
#78 /home/zein/surat-ibrahimy/vendor/laravel/framework/src/Illuminate/Foundation/Testing/Concerns/MakesHttpRequests.php(397): Illuminate\\Foundation\\Testing\\TestCase->call()
#79 /home/zein/surat-ibrahimy/tests/Feature/SuratKeluarNomorTest.php(94): Illuminate\\Foundation\\Testing\\TestCase->post()
#80 /home/zein/surat-ibrahimy/vendor/phpunit/phpunit/src/Framework/TestCase.php(1332): Tests\\Feature\\SuratKeluarNomorTest->test_nomor_urut_berjalan_dan_reset_per_tahun()
#81 /home/zein/surat-ibrahimy/vendor/phpunit/phpunit/src/Framework/TestCase.php(519): PHPUnit\\Framework\\TestCase->runTest()
#82 /home/zein/surat-ibrahimy/vendor/phpunit/phpunit/src/Framework/TestRunner/TestRunner.php(99): PHPUnit\\Framework\\TestCase->runBare()
#83 /home/zein/surat-ibrahimy/vendor/phpunit/phpunit/src/Framework/TestCase.php(359): PHPUnit\\Framework\\TestRunner->run()
#84 /home/zein/surat-ibrahimy/vendor/phpunit/phpunit/src/Framework/TestSuite.php(374): PHPUnit\\Framework\\TestCase->run()
#85 /home/zein/surat-ibrahimy/vendor/phpunit/phpunit/src/Framework/TestSuite.php(374): PHPUnit\\Framework\\TestSuite->run()
#86 /home/zein/surat-ibrahimy/vendor/phpunit/phpunit/src/Framework/TestSuite.php(374): PHPUnit\\Framework\\TestSuite->run()
#87 /home/zein/surat-ibrahimy/vendor/phpunit/phpunit/src/TextUI/TestRunner.php(64): PHPUnit\\Framework\\TestSuite->run()
#88 /home/zein/surat-ibrahimy/vendor/phpunit/phpunit/src/TextUI/Application.php(229): PHPUnit\\TextUI\\TestRunner->run()
#89 /home/zein/surat-ibrahimy/vendor/phpunit/phpunit/phpunit(104): PHPUnit\\TextUI\\Application->run()
#90 {main}

[previous exception] [object] (PDOException(code: HY000): SQLSTATE[HY000]: General error: 1366 Incorrect integer value: 'admin-test' for column 'created_by' at row 1 at /home/zein/surat-ibrahimy/vendor/laravel/framework/src/Illuminate/Database/MySqlConnection.php:53)
[stacktrace]
#0 /home/zein/surat-ibrahimy/vendor/laravel/framework/src/Illuminate/Database/MySqlConnection.php(53): PDOStatement->execute()
#1 /home/zein/surat-ibrahimy/vendor/laravel/framework/src/Illuminate/Database/Connection.php(830): Illuminate\\Database\\MySqlConnection->{closure:Illuminate\\Database\\MySqlConnection::insert():42}()
#2 /home/zein/surat-ibrahimy/vendor/laravel/framework/src/Illuminate/Database/Connection.php(797): Illuminate\\Database\\Connection->runQueryCallback()
#3 /home/zein/surat-ibrahimy/vendor/laravel/framework/src/Illuminate/Database/MySqlConnection.php(42): Illuminate\\Database\\Connection->run()
#4 /home/zein/surat-ibrahimy/vendor/laravel/framework/src/Illuminate/Database/Query/Processors/MySqlProcessor.php(35): Illuminate\\Database\\MySqlConnection->insert()
#5 /home/zein/surat-ibrahimy/vendor/laravel/framework/src/Illuminate/Database/Query/Builder.php(4246): Illuminate\\Database\\Query\\Processors\\MySqlProcessor->processInsertGetId()
#6 /home/zein/surat-ibrahimy/vendor/laravel/framework/src/Illuminate/Database/Eloquent/Builder.php(2242): Illuminate\\Database\\Query\\Builder->insertGetId()
#7 /home/zein/surat-ibrahimy/vendor/laravel/framework/src/Illuminate/Database/Eloquent/Model.php(1580): Illuminate\\Database\\Eloquent\\Builder->__call()
#8 /home/zein/surat-ibrahimy/vendor/laravel/framework/src/Illuminate/Database/Eloquent/Model.php(1496): Illuminate\\Database\\Eloquent\\Model->insertAndSetId()
#9 /home/zein/surat-ibrahimy/vendor/laravel/framework/src/Illuminate/Database/Eloquent/Model.php(1300): Illuminate\\Database\\Eloquent\\Model->performInsert()
#10 /home/zein/surat-ibrahimy/vendor/laravel/framework/src/Illuminate/Database/Eloquent/Builder.php(1224): Illuminate\\Database\\Eloquent\\Model->save()
#11 /home/zein/surat-ibrahimy/vendor/laravel/framework/src/Illuminate/Support/helpers.php(393): Illuminate\\Database\\Eloquent\\Builder->{closure:Illuminate\\Database\\Eloquent\\Builder::create():1223}()
#12 /home/zein/surat-ibrahimy/vendor/laravel/framework/src/Illuminate/Database/Eloquent/Builder.php(1223): tap()
#13 /home/zein/surat-ibrahimy/vendor/laravel/framework/src/Illuminate/Support/Traits/ForwardsCalls.php(23): Illuminate\\Database\\Eloquent\\Builder->create()
#14 /home/zein/surat-ibrahimy/vendor/laravel/framework/src/Illuminate/Database/Eloquent/Model.php(2723): Illuminate\\Database\\Eloquent\\Model->forwardCallTo()
#15 /home/zein/surat-ibrahimy/vendor/laravel/framework/src/Illuminate/Database/Eloquent/Model.php(2739): Illuminate\\Database\\Eloquent\\Model->__call()
#16 /home/zein/surat-ibrahimy/app/Http/Controllers/SuratController.php(99): Illuminate\\Database\\Eloquent\\Model::__callStatic()
#17 /home/zein/surat-ibrahimy/vendor/laravel/framework/src/Illuminate/Database/Concerns/ManagesTransactions.php(35): App\\Http\\Controllers\\SuratController->{closure:App\\Http\\Controllers\\SuratController::store():88}()
#18 /home/zein/surat-ibrahimy/vendor/laravel/framework/src/Illuminate/Database/DatabaseManager.php(496): Illuminate\\Database\\Connection->transaction()
#19 /home/zein/surat-ibrahimy/vendor/laravel/framework/src/Illuminate/Support/Facades/Facade.php(363): Illuminate\\Database\\DatabaseManager->__call()
#20 /home/zein/surat-ibrahimy/app/Http/Controllers/SuratController.php(88): Illuminate\\Support\\Facades\\Facade::__callStatic()
#21 /home/zein/surat-ibrahimy/vendor/laravel/framework/src/Illuminate/Routing/ControllerDispatcher.php(46): App\\Http\\Controllers\\SuratController->store()
#22 /home/zein/surat-ibrahimy/vendor/laravel/framework/src/Illuminate/Routing/Route.php(269): Illuminate\\Routing\\ControllerDispatcher->dispatch()
#23 /home/zein/surat-ibrahimy/vendor/laravel/framework/src/Illuminate/Routing/Route.php(215): Illuminate\\Routing\\Route->runController()
#24 /home/zein/surat-ibrahimy/vendor/laravel/framework/src/Illuminate/Routing/Router.php(822): Illuminate\\Routing\\Route->run()
#25 /home/zein/surat-ibrahimy/vendor/laravel/framework/src/Illuminate/Pipeline/Pipeline.php(180): Illuminate\\Routing\\Router->{closure:Illuminate\\Routing\\Router::runRouteWithinStack():821}()
#26 /home/zein/surat-ibrahimy/vendor/spatie/laravel-permission/src/Middleware/PermissionMiddleware.php(41): Illuminate\\Pipeline\\Pipeline->{closure:Illuminate\\Pipeline\\Pipeline::prepareDestination():178}()
#27 /home/zein/surat-ibrahimy/vendor/laravel/framework/src/Illuminate/Pipeline/Pipeline.php(219): Spatie\\Permission\\Middleware\\PermissionMiddleware->handle()
#28 /home/zein/surat-ibrahimy/vendor/laravel/framework/src/Illuminate/Auth/Middleware/EnsureEmailIsVerified.php(41): Illuminate\\Pipeline\\Pipeline->{closure:{closure:Illuminate\\Pipeline\\Pipeline::carry():194}:195}()
#29 /home/zein/surat-ibrahimy/vendor/laravel/framework/src/Illuminate/Pipeline/Pipeline.php(219): Illuminate\\Auth\\Middleware\\EnsureEmailIsVerified->handle()
#30 /home/zein/surat-ibrahimy/vendor/laravel/framework/src/Illuminate/Http/Middleware/AddLinkHeadersForPreloadedAssets.php(32): Illuminate\\Pipeline\\Pipeline->{closure:{closure:Illuminate\\Pipeline\\Pipeline::carry():194}:195}()
#31 /home/zein/surat-ibrahimy/vendor/laravel/framework/src/Illuminate/Pipeline/Pipeline.php(219): Illuminate\\Http\\Middleware\\AddLinkHeadersForPreloadedAssets->handle()
#32 /home/zein/surat-ibrahimy/app/Http/Middleware/HandleAppearance.php(21): Illuminate\\Pipeline\\Pipeline->{closure:{closure:Illuminate\\Pipeline\\Pipeline::carry():194}:195}()
#33 /home/zein/surat-ibrahimy/vendor/laravel/framework/src/Illuminate/Pipeline/Pipeline.php(219): App\\Http\\Middleware\\HandleAppearance->handle()
#34 /home/zein/surat-ibrahimy/vendor/laravel/framework/src/Illuminate/Routing/Middleware/SubstituteBindings.php(52): Illuminate\\Pipeline\\Pipeline->{closure:{closure:Illuminate\\Pipeline\\Pipeline::carry():194}:195}()
#35 /home/zein/surat-ibrahimy/vendor/laravel/framework/src/Illuminate/Pipeline/Pipeline.php(219): Illuminate\\Routing\\Middleware\\SubstituteBindings->handle()
#36 /home/zein/surat-ibrahimy/vendor/laravel/framework/src/Illuminate/Auth/Middleware/Authenticate.php(63): Illuminate\\Pipeline\\Pipeline->{closure:{closure:Illuminate\\Pipeline\\Pipeline::carry():194}:195}()
#37 /home/zein/surat-ibrahimy/vendor/laravel/framework/src/Illuminate/Pipeline/Pipeline.php(219): Illuminate\\Auth\\Middleware\\Authenticate->handle()
#38 /home/zein/surat-ibrahimy/vendor/laravel/framework/src/Illuminate/Foundation/Http/Middleware/PreventRequestForgery.php(104): Illuminate\\Pipeline\\Pipeline->{closure:{closure:Illuminate\\Pipeline\\Pipeline::carry():194}:195}()
#39 /home/zein/surat-ibrahimy/vendor/laravel/framework/src/Illuminate/Pipeline/Pipeline.php(219): Illuminate\\Foundation\\Http\\Middleware\\PreventRequestForgery->handle()
#40 /home/zein/surat-ibrahimy/vendor/laravel/framework/src/Illuminate/View/Middleware/ShareErrorsFromSession.php(48): Illuminate\\Pipeline\\Pipeline->{closure:{closure:Illuminate\\Pipeline\\Pipeline::carry():194}:195}()
#41 /home/zein/surat-ibrahimy/vendor/laravel/framework/src/Illuminate/Pipeline/Pipeline.php(219): Illuminate\\View\\Middleware\\ShareErrorsFromSession->handle()
#42 /home/zein/surat-ibrahimy/vendor/inertiajs/inertia-laravel/src/Middleware.php(138): Illuminate\\Pipeline\\Pipeline->{closure:{closure:Illuminate\\Pipeline\\Pipeline::carry():194}:195}()
#43 /home/zein/surat-ibrahimy/vendor/laravel/framework/src/Illuminate/Pipeline/Pipeline.php(219): Inertia\\Middleware->handle()
#44 /home/zein/surat-ibrahimy/vendor/laravel/framework/src/Illuminate/Session/Middleware/StartSession.php(120): Illuminate\\Pipeline\\Pipeline->{closure:{closure:Illuminate\\Pipeline\\Pipeline::carry():194}:195}()
#45 /home/zein/surat-ibrahimy/vendor/laravel/framework/src/Illuminate/Session/Middleware/StartSession.php(63): Illuminate\\Session\\Middleware\\StartSession->handleStatefulRequest()
#46 /home/zein/surat-ibrahimy/vendor/laravel/framework/src/Illuminate/Pipeline/Pipeline.php(219): Illuminate\\Session\\Middleware\\StartSession->handle()
#47 /home/zein/surat-ibrahimy/vendor/laravel/framework/src/Illuminate/Cookie/Middleware/AddQueuedCookiesToResponse.php(36): Illuminate\\Pipeline\\Pipeline->{closure:{closure:Illuminate\\Pipeline\\Pipeline::carry():194}:195}()
#48 /home/zein/surat-ibrahimy/vendor/laravel/framework/src/Illuminate/Pipeline/Pipeline.php(219): Illuminate\\Cookie\\Middleware\\AddQueuedCookiesToResponse->handle()
#49 /home/zein/surat-ibrahimy/vendor/laravel/framework/src/Illuminate/Cookie/Middleware/EncryptCookies.php(74): Illuminate\\Pipeline\\Pipeline->{closure:{closure:Illuminate\\Pipeline\\Pipeline::carry():194}:195}()
#50 /home/zein/surat-ibrahimy/vendor/laravel/framework/src/Illuminate/Pipeline/Pipeline.php(219): Illuminate\\Cookie\\Middleware\\EncryptCookies->handle()
#51 /home/zein/surat-ibrahimy/vendor/laravel/framework/src/Illuminate/Pipeline/Pipeline.php(137): Illuminate\\Pipeline\\Pipeline->{closure:{closure:Illuminate\\Pipeline\\Pipeline::carry():194}:195}()
#52 /home/zein/surat-ibrahimy/vendor/laravel/framework/src/Illuminate/Routing/Router.php(821): Illuminate\\Pipeline\\Pipeline->then()
#53 /home/zein/surat-ibrahimy/vendor/laravel/framework/src/Illuminate/Routing/Router.php(800): Illuminate\\Routing\\Router->runRouteWithinStack()
#54 /home/zein/surat-ibrahimy/vendor/laravel/framework/src/Illuminate/Routing/Router.php(764): Illuminate\\Routing\\Router->runRoute()
#55 /home/zein/surat-ibrahimy/vendor/laravel/framework/src/Illuminate/Routing/Router.php(753): Illuminate\\Routing\\Router->dispatchToRoute()
#56 /home/zein/surat-ibrahimy/vendor/laravel/framework/src/Illuminate/Foundation/Http/Kernel.php(200): Illuminate\\Routing\\Router->dispatch()
#57 /home/zein/surat-ibrahimy/vendor/laravel/framework/src/Illuminate/Pipeline/Pipeline.php(180): Illuminate\\Foundation\\Http\\Kernel->{closure:Illuminate\\Foundation\\Http\\Kernel::dispatchToRouter():197}()
#58 /home/zein/surat-ibrahimy/vendor/laravel/framework/src/Illuminate/Foundation/Http/Middleware/TransformsRequest.php(21): Illuminate\\Pipeline\\Pipeline->{closure:Illuminate\\Pipeline\\Pipeline::prepareDestination():178}()
#59 /home/zein/surat-ibrahimy/vendor/laravel/framework/src/Illuminate/Foundation/Http/Middleware/ConvertEmptyStringsToNull.php(31): Illuminate\\Foundation\\Http\\Middleware\\TransformsRequest->handle()
#60 /home/zein/surat-ibrahimy/vendor/laravel/framework/src/Illuminate/Pipeline/Pipeline.php(219): Illuminate\\Foundation\\Http\\Middleware\\ConvertEmptyStringsToNull->handle()
#61 /home/zein/surat-ibrahimy/vendor/laravel/framework/src/Illuminate/Foundation/Http/Middleware/TransformsRequest.php(21): Illuminate\\Pipeline\\Pipeline->{closure:{closure:Illuminate\\Pipeline\\Pipeline::carry():194}:195}()
#62 /home/zein/surat-ibrahimy/vendor/laravel/framework/src/Illuminate/Foundation/Http/Middleware/TrimStrings.php(51): Illuminate\\Foundation\\Http\\Middleware\\TransformsRequest->handle()
#63 /home/zein/surat-ibrahimy/vendor/laravel/framework/src/Illuminate/Pipeline/Pipeline.php(219): Illuminate\\Foundation\\Http\\Middleware\\TrimStrings->handle()
#64 /home/zein/surat-ibrahimy/vendor/laravel/framework/src/Illuminate/Http/Middleware/ValidatePostSize.php(27): Illuminate\\Pipeline\\Pipeline->{closure:{closure:Illuminate\\Pipeline\\Pipeline::carry():194}:195}()
#65 /home/zein/surat-ibrahimy/vendor/laravel/framework/src/Illuminate/Pipeline/Pipeline.php(219): Illuminate\\Http\\Middleware\\ValidatePostSize->handle()
#66 /home/zein/surat-ibrahimy/vendor/laravel/framework/src/Illuminate/Foundation/Http/Middleware/PreventRequestsDuringMaintenance.php(109): Illuminate\\Pipeline\\Pipeline->{closure:{closure:Illuminate\\Pipeline\\Pipeline::carry():194}:195}()
#67 /home/zein/surat-ibrahimy/vendor/laravel/framework/src/Illuminate/Pipeline/Pipeline.php(219): Illuminate\\Foundation\\Http\\Middleware\\PreventRequestsDuringMaintenance->handle()
#68 /home/zein/surat-ibrahimy/vendor/laravel/framework/src/Illuminate/Http/Middleware/HandleCors.php(61): Illuminate\\Pipeline\\Pipeline->{closure:{closure:Illuminate\\Pipeline\\Pipeline::carry():194}:195}()
#69 /home/zein/surat-ibrahimy/vendor/laravel/framework/src/Illuminate/Pipeline/Pipeline.php(219): Illuminate\\Http\\Middleware\\HandleCors->handle()
#70 /home/zein/surat-ibrahimy/vendor/laravel/framework/src/Illuminate/Http/Middleware/TrustProxies.php(58): Illuminate\\Pipeline\\Pipeline->{closure:{closure:Illuminate\\Pipeline\\Pipeline::carry():194}:195}()
#71 /home/zein/surat-ibrahimy/vendor/laravel/framework/src/Illuminate/Pipeline/Pipeline.php(219): Illuminate\\Http\\Middleware\\TrustProxies->handle()
#72 /home/zein/surat-ibrahimy/vendor/laravel/framework/src/Illuminate/Foundation/Http/Middleware/InvokeDeferredCallbacks.php(22): Illuminate\\Pipeline\\Pipeline->{closure:{closure:Illuminate\\Pipeline\\Pipeline::carry():194}:195}()
#73 /home/zein/surat-ibrahimy/vendor/laravel/framework/src/Illuminate/Pipeline/Pipeline.php(219): Illuminate\\Foundation\\Http\\Middleware\\InvokeDeferredCallbacks->handle()
#74 /home/zein/surat-ibrahimy/vendor/laravel/framework/src/Illuminate/Http/Middleware/ValidatePathEncoding.php(28): Illuminate\\Pipeline\\Pipeline->{closure:{closure:Illuminate\\Pipeline\\Pipeline::carry():194}:195}()
#75 /home/zein/surat-ibrahimy/vendor/laravel/framework/src/Illuminate/Pipeline/Pipeline.php(219): Illuminate\\Http\\Middleware\\ValidatePathEncoding->handle()
#76 /home/zein/surat-ibrahimy/vendor/laravel/framework/src/Illuminate/Pipeline/Pipeline.php(137): Illuminate\\Pipeline\\Pipeline->{closure:{closure:Illuminate\\Pipeline\\Pipeline::carry():194}:195}()
#77 /home/zein/surat-ibrahimy/vendor/laravel/framework/src/Illuminate/Foundation/Http/Kernel.php(175): Illuminate\\Pipeline\\Pipeline->then()
#78 /home/zein/surat-ibrahimy/vendor/laravel/framework/src/Illuminate/Foundation/Http/Kernel.php(144): Illuminate\\Foundation\\Http\\Kernel->sendRequestThroughRouter()
#79 /home/zein/surat-ibrahimy/vendor/laravel/framework/src/Illuminate/Foundation/Testing/Concerns/MakesHttpRequests.php(607): Illuminate\\Foundation\\Http\\Kernel->handle()
#80 /home/zein/surat-ibrahimy/vendor/laravel/framework/src/Illuminate/Foundation/Testing/Concerns/MakesHttpRequests.php(397): Illuminate\\Foundation\\Testing\\TestCase->call()
#81 /home/zein/surat-ibrahimy/tests/Feature/SuratKeluarNomorTest.php(94): Illuminate\\Foundation\\Testing\\TestCase->post()
#82 /home/zein/surat-ibrahimy/vendor/phpunit/phpunit/src/Framework/TestCase.php(1332): Tests\\Feature\\SuratKeluarNomorTest->test_nomor_urut_berjalan_dan_reset_per_tahun()
#83 /home/zein/surat-ibrahimy/vendor/phpunit/phpunit/src/Framework/TestCase.php(519): PHPUnit\\Framework\\TestCase->runTest()
#84 /home/zein/surat-ibrahimy/vendor/phpunit/phpunit/src/Framework/TestRunner/TestRunner.php(99): PHPUnit\\Framework\\TestCase->runBare()
#85 /home/zein/surat-ibrahimy/vendor/phpunit/phpunit/src/Framework/TestCase.php(359): PHPUnit\\Framework\\TestRunner->run()
#86 /home/zein/surat-ibrahimy/vendor/phpunit/phpunit/src/Framework/TestSuite.php(374): PHPUnit\\Framework\\TestCase->run()
#87 /home/zein/surat-ibrahimy/vendor/phpunit/phpunit/src/Framework/TestSuite.php(374): PHPUnit\\Framework\\TestSuite->run()
#88 /home/zein/surat-ibrahimy/vendor/phpunit/phpunit/src/Framework/TestSuite.php(374): PHPUnit\\Framework\\TestSuite->run()
#89 /home/zein/surat-ibrahimy/vendor/phpunit/phpunit/src/TextUI/TestRunner.php(64): PHPUnit\\Framework\\TestSuite->run()
#90 /home/zein/surat-ibrahimy/vendor/phpunit/phpunit/src/TextUI/Application.php(229): PHPUnit\\TextUI\\TestRunner->run()
#91 /home/zein/surat-ibrahimy/vendor/phpunit/phpunit/phpunit(104): PHPUnit\\TextUI\\Application->run()
#92 {main}
"} 
[2026-08-08 06:51:05] testing.ERROR: SQLSTATE[HY000]: General error: 1366 Incorrect integer value: 'admin-test' for column 'created_by' at row 1 (Connection: mysql, Host: 127.0.0.1, Port: 3306, Database: testing, SQL: insert into `surats` (`jenis`, `no_agenda`, `no_agenda_urut`, `nomor_urut`, `template_nomor_id`, `klasifikasi_surat_id`, `unit_pengolah_id`, `perihal`, `ringkasan`, `asal_surat`, `pengirim`, `tujuan_surat`, `penerima`, `tanggal_surat`, `tanggal_terima`, `tanggal_kirim`, `sifat`, `created_by`, `updated_at`, `created_at`) values (keluar, 001/2026, 1, ?, ?, ?, ?, Surat Manual, ?, ?, ?, ?, ?, 2026-05-01 00:00:00, ?, ?, biasa, admin-test, 2026-08-08 06:51:05, 2026-08-08 06:51:05)) {"userId":"admin-test","exception":"[object] (Illuminate\\Database\\QueryException(code: HY000): SQLSTATE[HY000]: General error: 1366 Incorrect integer value: 'admin-test' for column 'created_by' at row 1 (Connection: mysql, Host: 127.0.0.1, Port: 3306, Database: testing, SQL: insert into `surats` (`jenis`, `no_agenda`, `no_agenda_urut`, `nomor_urut`, `template_nomor_id`, `klasifikasi_surat_id`, `unit_pengolah_id`, `perihal`, `ringkasan`, `asal_surat`, `pengirim`, `tujuan_surat`, `penerima`, `tanggal_surat`, `tanggal_terima`, `tanggal_kirim`, `sifat`, `created_by`, `updated_at`, `created_at`) values (keluar, 001/2026, 1, ?, ?, ?, ?, Surat Manual, ?, ?, ?, ?, ?, 2026-05-01 00:00:00, ?, ?, biasa, admin-test, 2026-08-08 06:51:05, 2026-08-08 06:51:05)) at /home/zein/surat-ibrahimy/vendor/laravel/framework/src/Illuminate/Database/Connection.php:841)
[stacktrace]
#0 /home/zein/surat-ibrahimy/vendor/laravel/framework/src/Illuminate/Database/Connection.php(797): Illuminate\\Database\\Connection->runQueryCallback()
#1 /home/zein/surat-ibrahimy/vendor/laravel/framework/src/Illuminate/Database/MySqlConnection.php(42): Illuminate\\Database\\Connection->run()
#2 /home/zein/surat-ibrahimy/vendor/laravel/framework/src/Illuminate/Database/Query/Processors/MySqlProcessor.php(35): Illuminate\\Database\\MySqlConnection->insert()
#3 /home/zein/surat-ibrahimy/vendor/laravel/framework/src/Illuminate/Database/Query/Builder.php(4246): Illuminate\\Database\\Query\\Processors\\MySqlProcessor->processInsertGetId()
#4 /home/zein/surat-ibrahimy/vendor/laravel/framework/src/Illuminate/Database/Eloquent/Builder.php(2242): Illuminate\\Database\\Query\\Builder->insertGetId()
#5 /home/zein/surat-ibrahimy/vendor/laravel/framework/src/Illuminate/Database/Eloquent/Model.php(1580): Illuminate\\Database\\Eloquent\\Builder->__call()
#6 /home/zein/surat-ibrahimy/vendor/laravel/framework/src/Illuminate/Database/Eloquent/Model.php(1496): Illuminate\\Database\\Eloquent\\Model->insertAndSetId()
#7 /home/zein/surat-ibrahimy/vendor/laravel/framework/src/Illuminate/Database/Eloquent/Model.php(1300): Illuminate\\Database\\Eloquent\\Model->performInsert()
#8 /home/zein/surat-ibrahimy/vendor/laravel/framework/src/Illuminate/Database/Eloquent/Builder.php(1224): Illuminate\\Database\\Eloquent\\Model->save()
#9 /home/zein/surat-ibrahimy/vendor/laravel/framework/src/Illuminate/Support/helpers.php(393): Illuminate\\Database\\Eloquent\\Builder->{closure:Illuminate\\Database\\Eloquent\\Builder::create():1223}()
#10 /home/zein/surat-ibrahimy/vendor/laravel/framework/src/Illuminate/Database/Eloquent/Builder.php(1223): tap()
#11 /home/zein/surat-ibrahimy/vendor/laravel/framework/src/Illuminate/Support/Traits/ForwardsCalls.php(23): Illuminate\\Database\\Eloquent\\Builder->create()
#12 /home/zein/surat-ibrahimy/vendor/laravel/framework/src/Illuminate/Database/Eloquent/Model.php(2723): Illuminate\\Database\\Eloquent\\Model->forwardCallTo()
#13 /home/zein/surat-ibrahimy/vendor/laravel/framework/src/Illuminate/Database/Eloquent/Model.php(2739): Illuminate\\Database\\Eloquent\\Model->__call()
#14 /home/zein/surat-ibrahimy/app/Http/Controllers/SuratController.php(99): Illuminate\\Database\\Eloquent\\Model::__callStatic()
#15 /home/zein/surat-ibrahimy/vendor/laravel/framework/src/Illuminate/Database/Concerns/ManagesTransactions.php(35): App\\Http\\Controllers\\SuratController->{closure:App\\Http\\Controllers\\SuratController::store():88}()
#16 /home/zein/surat-ibrahimy/vendor/laravel/framework/src/Illuminate/Database/DatabaseManager.php(496): Illuminate\\Database\\Connection->transaction()
#17 /home/zein/surat-ibrahimy/vendor/laravel/framework/src/Illuminate/Support/Facades/Facade.php(363): Illuminate\\Database\\DatabaseManager->__call()
#18 /home/zein/surat-ibrahimy/app/Http/Controllers/SuratController.php(88): Illuminate\\Support\\Facades\\Facade::__callStatic()
#19 /home/zein/surat-ibrahimy/vendor/laravel/framework/src/Illuminate/Routing/ControllerDispatcher.php(46): App\\Http\\Controllers\\SuratController->store()
#20 /home/zein/surat-ibrahimy/vendor/laravel/framework/src/Illuminate/Routing/Route.php(269): Illuminate\\Routing\\ControllerDispatcher->dispatch()
#21 /home/zein/surat-ibrahimy/vendor/laravel/framework/src/Illuminate/Routing/Route.php(215): Illuminate\\Routing\\Route->runController()
#22 /home/zein/surat-ibrahimy/vendor/laravel/framework/src/Illuminate/Routing/Router.php(822): Illuminate\\Routing\\Route->run()
#23 /home/zein/surat-ibrahimy/vendor/laravel/framework/src/Illuminate/Pipeline/Pipeline.php(180): Illuminate\\Routing\\Router->{closure:Illuminate\\Routing\\Router::runRouteWithinStack():821}()
#24 /home/zein/surat-ibrahimy/vendor/spatie/laravel-permission/src/Middleware/PermissionMiddleware.php(41): Illuminate\\Pipeline\\Pipeline->{closure:Illuminate\\Pipeline\\Pipeline::prepareDestination():178}()
#25 /home/zein/surat-ibrahimy/vendor/laravel/framework/src/Illuminate/Pipeline/Pipeline.php(219): Spatie\\Permission\\Middleware\\PermissionMiddleware->handle()
#26 /home/zein/surat-ibrahimy/vendor/laravel/framework/src/Illuminate/Auth/Middleware/EnsureEmailIsVerified.php(41): Illuminate\\Pipeline\\Pipeline->{closure:{closure:Illuminate\\Pipeline\\Pipeline::carry():194}:195}()
#27 /home/zein/surat-ibrahimy/vendor/laravel/framework/src/Illuminate/Pipeline/Pipeline.php(219): Illuminate\\Auth\\Middleware\\EnsureEmailIsVerified->handle()
#28 /home/zein/surat-ibrahimy/vendor/laravel/framework/src/Illuminate/Http/Middleware/AddLinkHeadersForPreloadedAssets.php(32): Illuminate\\Pipeline\\Pipeline->{closure:{closure:Illuminate\\Pipeline\\Pipeline::carry():194}:195}()
#29 /home/zein/surat-ibrahimy/vendor/laravel/framework/src/Illuminate/Pipeline/Pipeline.php(219): Illuminate\\Http\\Middleware\\AddLinkHeadersForPreloadedAssets->handle()
#30 /home/zein/surat-ibrahimy/app/Http/Middleware/HandleAppearance.php(21): Illuminate\\Pipeline\\Pipeline->{closure:{closure:Illuminate\\Pipeline\\Pipeline::carry():194}:195}()
#31 /home/zein/surat-ibrahimy/vendor/laravel/framework/src/Illuminate/Pipeline/Pipeline.php(219): App\\Http\\Middleware\\HandleAppearance->handle()
#32 /home/zein/surat-ibrahimy/vendor/laravel/framework/src/Illuminate/Routing/Middleware/SubstituteBindings.php(52): Illuminate\\Pipeline\\Pipeline->{closure:{closure:Illuminate\\Pipeline\\Pipeline::carry():194}:195}()
#33 /home/zein/surat-ibrahimy/vendor/laravel/framework/src/Illuminate/Pipeline/Pipeline.php(219): Illuminate\\Routing\\Middleware\\SubstituteBindings->handle()
#34 /home/zein/surat-ibrahimy/vendor/laravel/framework/src/Illuminate/Auth/Middleware/Authenticate.php(63): Illuminate\\Pipeline\\Pipeline->{closure:{closure:Illuminate\\Pipeline\\Pipeline::carry():194}:195}()
#35 /home/zein/surat-ibrahimy/vendor/laravel/framework/src/Illuminate/Pipeline/Pipeline.php(219): Illuminate\\Auth\\Middleware\\Authenticate->handle()
#36 /home/zein/surat-ibrahimy/vendor/laravel/framework/src/Illuminate/Foundation/Http/Middleware/PreventRequestForgery.php(104): Illuminate\\Pipeline\\Pipeline->{closure:{closure:Illuminate\\Pipeline\\Pipeline::carry():194}:195}()
#37 /home/zein/surat-ibrahimy/vendor/laravel/framework/src/Illuminate/Pipeline/Pipeline.php(219): Illuminate\\Foundation\\Http\\Middleware\\PreventRequestForgery->handle()
#38 /home/zein/surat-ibrahimy/vendor/laravel/framework/src/Illuminate/View/Middleware/ShareErrorsFromSession.php(48): Illuminate\\Pipeline\\Pipeline->{closure:{closure:Illuminate\\Pipeline\\Pipeline::carry():194}:195}()
#39 /home/zein/surat-ibrahimy/vendor/laravel/framework/src/Illuminate/Pipeline/Pipeline.php(219): Illuminate\\View\\Middleware\\ShareErrorsFromSession->handle()
#40 /home/zein/surat-ibrahimy/vendor/inertiajs/inertia-laravel/src/Middleware.php(138): Illuminate\\Pipeline\\Pipeline->{closure:{closure:Illuminate\\Pipeline\\Pipeline::carry():194}:195}()
#41 /home/zein/surat-ibrahimy/vendor/laravel/framework/src/Illuminate/Pipeline/Pipeline.php(219): Inertia\\Middleware->handle()
#42 /home/zein/surat-ibrahimy/vendor/laravel/framework/src/Illuminate/Session/Middleware/StartSession.php(120): Illuminate\\Pipeline\\Pipeline->{closure:{closure:Illuminate\\Pipeline\\Pipeline::carry():194}:195}()
#43 /home/zein/surat-ibrahimy/vendor/laravel/framework/src/Illuminate/Session/Middleware/StartSession.php(63): Illuminate\\Session\\Middleware\\StartSession->handleStatefulRequest()
#44 /home/zein/surat-ibrahimy/vendor/laravel/framework/src/Illuminate/Pipeline/Pipeline.php(219): Illuminate\\Session\\Middleware\\StartSession->handle()
#45 /home/zein/surat-ibrahimy/vendor/laravel/framework/src/Illuminate/Cookie/Middleware/AddQueuedCookiesToResponse.php(36): Illuminate\\Pipeline\\Pipeline->{closure:{closure:Illuminate\\Pipeline\\Pipeline::carry():194}:195}()
#46 /home/zein/surat-ibrahimy/vendor/laravel/framework/src/Illuminate/Pipeline/Pipeline.php(219): Illuminate\\Cookie\\Middleware\\AddQueuedCookiesToResponse->handle()
#47 /home/zein/surat-ibrahimy/vendor/laravel/framework/src/Illuminate/Cookie/Middleware/EncryptCookies.php(74): Illuminate\\Pipeline\\Pipeline->{closure:{closure:Illuminate\\Pipeline\\Pipeline::carry():194}:195}()
#48 /home/zein/surat-ibrahimy/vendor/laravel/framework/src/Illuminate/Pipeline/Pipeline.php(219): Illuminate\\Cookie\\Middleware\\EncryptCookies->handle()
#49 /home/zein/surat-ibrahimy/vendor/laravel/framework/src/Illuminate/Pipeline/Pipeline.php(137): Illuminate\\Pipeline\\Pipeline->{closure:{closure:Illuminate\\Pipeline\\Pipeline::carry():194}:195}()
#50 /home/zein/surat-ibrahimy/vendor/laravel/framework/src/Illuminate/Routing/Router.php(821): Illuminate\\Pipeline\\Pipeline->then()
#51 /home/zein/surat-ibrahimy/vendor/laravel/framework/src/Illuminate/Routing/Router.php(800): Illuminate\\Routing\\Router->runRouteWithinStack()
#52 /home/zein/surat-ibrahimy/vendor/laravel/framework/src/Illuminate/Routing/Router.php(764): Illuminate\\Routing\\Router->runRoute()
#53 /home/zein/surat-ibrahimy/vendor/laravel/framework/src/Illuminate/Routing/Router.php(753): Illuminate\\Routing\\Router->dispatchToRoute()
#54 /home/zein/surat-ibrahimy/vendor/laravel/framework/src/Illuminate/Foundation/Http/Kernel.php(200): Illuminate\\Routing\\Router->dispatch()
#55 /home/zein/surat-ibrahimy/vendor/laravel/framework/src/Illuminate/Pipeline/Pipeline.php(180): Illuminate\\Foundation\\Http\\Kernel->{closure:Illuminate\\Foundation\\Http\\Kernel::dispatchToRouter():197}()
#56 /home/zein/surat-ibrahimy/vendor/laravel/framework/src/Illuminate/Foundation/Http/Middleware/TransformsRequest.php(21): Illuminate\\Pipeline\\Pipeline->{closure:Illuminate\\Pipeline\\Pipeline::prepareDestination():178}()
#57 /home/zein/surat-ibrahimy/vendor/laravel/framework/src/Illuminate/Foundation/Http/Middleware/ConvertEmptyStringsToNull.php(31): Illuminate\\Foundation\\Http\\Middleware\\TransformsRequest->handle()
#58 /home/zein/surat-ibrahimy/vendor/laravel/framework/src/Illuminate/Pipeline/Pipeline.php(219): Illuminate\\Foundation\\Http\\Middleware\\ConvertEmptyStringsToNull->handle()
#59 /home/zein/surat-ibrahimy/vendor/laravel/framework/src/Illuminate/Foundation/Http/Middleware/TransformsRequest.php(21): Illuminate\\Pipeline\\Pipeline->{closure:{closure:Illuminate\\Pipeline\\Pipeline::carry():194}:195}()
#60 /home/zein/surat-ibrahimy/vendor/laravel/framework/src/Illuminate/Foundation/Http/Middleware/TrimStrings.php(51): Illuminate\\Foundation\\Http\\Middleware\\TransformsRequest->handle()
#61 /home/zein/surat-ibrahimy/vendor/laravel/framework/src/Illuminate/Pipeline/Pipeline.php(219): Illuminate\\Foundation\\Http\\Middleware\\TrimStrings->handle()
#62 /home/zein/surat-ibrahimy/vendor/laravel/framework/src/Illuminate/Http/Middleware/ValidatePostSize.php(27): Illuminate\\Pipeline\\Pipeline->{closure:{closure:Illuminate\\Pipeline\\Pipeline::carry():194}:195}()
#63 /home/zein/surat-ibrahimy/vendor/laravel/framework/src/Illuminate/Pipeline/Pipeline.php(219): Illuminate\\Http\\Middleware\\ValidatePostSize->handle()
#64 /home/zein/surat-ibrahimy/vendor/laravel/framework/src/Illuminate/Foundation/Http/Middleware/PreventRequestsDuringMaintenance.php(109): Illuminate\\Pipeline\\Pipeline->{closure:{closure:Illuminate\\Pipeline\\Pipeline::carry():194}:195}()
#65 /home/zein/surat-ibrahimy/vendor/laravel/framework/src/Illuminate/Pipeline/Pipeline.php(219): Illuminate\\Foundation\\Http\\Middleware\\PreventRequestsDuringMaintenance->handle()
#66 /home/zein/surat-ibrahimy/vendor/laravel/framework/src/Illuminate/Http/Middleware/HandleCors.php(61): Illuminate\\Pipeline\\Pipeline->{closure:{closure:Illuminate\\Pipeline\\Pipeline::carry():194}:195}()
#67 /home/zein/surat-ibrahimy/vendor/laravel/framework/src/Illuminate/Pipeline/Pipeline.php(219): Illuminate\\Http\\Middleware\\HandleCors->handle()
#68 /home/zein/surat-ibrahimy/vendor/laravel/framework/src/Illuminate/Http/Middleware/TrustProxies.php(58): Illuminate\\Pipeline\\Pipeline->{closure:{closure:Illuminate\\Pipeline\\Pipeline::carry():194}:195}()
#69 /home/zein/surat-ibrahimy/vendor/laravel/framework/src/Illuminate/Pipeline/Pipeline.php(219): Illuminate\\Http\\Middleware\\TrustProxies->handle()
#70 /home/zein/surat-ibrahimy/vendor/laravel/framework/src/Illuminate/Foundation/Http/Middleware/InvokeDeferredCallbacks.php(22): Illuminate\\Pipeline\\Pipeline->{closure:{closure:Illuminate\\Pipeline\\Pipeline::carry():194}:195}()
#71 /home/zein/surat-ibrahimy/vendor/laravel/framework/src/Illuminate/Pipeline/Pipeline.php(219): Illuminate\\Foundation\\Http\\Middleware\\InvokeDeferredCallbacks->handle()
#72 /home/zein/surat-ibrahimy/vendor/laravel/framework/src/Illuminate/Http/Middleware/ValidatePathEncoding.php(28): Illuminate\\Pipeline\\Pipeline->{closure:{closure:Illuminate\\Pipeline\\Pipeline::carry():194}:195}()
#73 /home/zein/surat-ibrahimy/vendor/laravel/framework/src/Illuminate/Pipeline/Pipeline.php(219): Illuminate\\Http\\Middleware\\ValidatePathEncoding->handle()
#74 /home/zein/surat-ibrahimy/vendor/laravel/framework/src/Illuminate/Pipeline/Pipeline.php(137): Illuminate\\Pipeline\\Pipeline->{closure:{closure:Illuminate\\Pipeline\\Pipeline::carry():194}:195}()
#75 /home/zein/surat-ibrahimy/vendor/laravel/framework/src/Illuminate/Foundation/Http/Kernel.php(175): Illuminate\\Pipeline\\Pipeline->then()
#76 /home/zein/surat-ibrahimy/vendor/laravel/framework/src/Illuminate/Foundation/Http/Kernel.php(144): Illuminate\\Foundation\\Http\\Kernel->sendRequestThroughRouter()
#77 /home/zein/surat-ibrahimy/vendor/laravel/framework/src/Illuminate/Foundation/Testing/Concerns/MakesHttpRequests.php(607): Illuminate\\Foundation\\Http\\Kernel->handle()
#78 /home/zein/surat-ibrahimy/vendor/laravel/framework/src/Illuminate/Foundation/Testing/Concerns/MakesHttpRequests.php(397): Illuminate\\Foundation\\Testing\\TestCase->call()
#79 /home/zein/surat-ibrahimy/tests/Feature/SuratKeluarNomorTest.php(114): Illuminate\\Foundation\\Testing\\TestCase->post()
#80 /home/zein/surat-ibrahimy/vendor/phpunit/phpunit/src/Framework/TestCase.php(1332): Tests\\Feature\\SuratKeluarNomorTest->test_nomor_manual_tanpa_template()
#81 /home/zein/surat-ibrahimy/vendor/phpunit/phpunit/src/Framework/TestCase.php(519): PHPUnit\\Framework\\TestCase->runTest()
#82 /home/zein/surat-ibrahimy/vendor/phpunit/phpunit/src/Framework/TestRunner/TestRunner.php(99): PHPUnit\\Framework\\TestCase->runBare()
#83 /home/zein/surat-ibrahimy/vendor/phpunit/phpunit/src/Framework/TestCase.php(359): PHPUnit\\Framework\\TestRunner->run()
#84 /home/zein/surat-ibrahimy/vendor/phpunit/phpunit/src/Framework/TestSuite.php(374): PHPUnit\\Framework\\TestCase->run()
#85 /home/zein/surat-ibrahimy/vendor/phpunit/phpunit/src/Framework/TestSuite.php(374): PHPUnit\\Framework\\TestSuite->run()
#86 /home/zein/surat-ibrahimy/vendor/phpunit/phpunit/src/Framework/TestSuite.php(374): PHPUnit\\Framework\\TestSuite->run()
#87 /home/zein/surat-ibrahimy/vendor/phpunit/phpunit/src/TextUI/TestRunner.php(64): PHPUnit\\Framework\\TestSuite->run()
#88 /home/zein/surat-ibrahimy/vendor/phpunit/phpunit/src/TextUI/Application.php(229): PHPUnit\\TextUI\\TestRunner->run()
#89 /home/zein/surat-ibrahimy/vendor/phpunit/phpunit/phpunit(104): PHPUnit\\TextUI\\Application->run()
#90 {main}

[previous exception] [object] (PDOException(code: HY000): SQLSTATE[HY000]: General error: 1366 Incorrect integer value: 'admin-test' for column 'created_by' at row 1 at /home/zein/surat-ibrahimy/vendor/laravel/framework/src/Illuminate/Database/MySqlConnection.php:53)
[stacktrace]
#0 /home/zein/surat-ibrahimy/vendor/laravel/framework/src/Illuminate/Database/MySqlConnection.php(53): PDOStatement->execute()
#1 /home/zein/surat-ibrahimy/vendor/laravel/framework/src/Illuminate/Database/Connection.php(830): Illuminate\\Database\\MySqlConnection->{closure:Illuminate\\Database\\MySqlConnection::insert():42}()
#2 /home/zein/surat-ibrahimy/vendor/laravel/framework/src/Illuminate/Database/Connection.php(797): Illuminate\\Database\\Connection->runQueryCallback()
#3 /home/zein/surat-ibrahimy/vendor/laravel/framework/src/Illuminate/Database/MySqlConnection.php(42): Illuminate\\Database\\Connection->run()
#4 /home/zein/surat-ibrahimy/vendor/laravel/framework/src/Illuminate/Database/Query/Processors/MySqlProcessor.php(35): Illuminate\\Database\\MySqlConnection->insert()
#5 /home/zein/surat-ibrahimy/vendor/laravel/framework/src/Illuminate/Database/Query/Builder.php(4246): Illuminate\\Database\\Query\\Processors\\MySqlProcessor->processInsertGetId()
#6 /home/zein/surat-ibrahimy/vendor/laravel/framework/src/Illuminate/Database/Eloquent/Builder.php(2242): Illuminate\\Database\\Query\\Builder->insertGetId()
#7 /home/zein/surat-ibrahimy/vendor/laravel/framework/src/Illuminate/Database/Eloquent/Model.php(1580): Illuminate\\Database\\Eloquent\\Builder->__call()
#8 /home/zein/surat-ibrahimy/vendor/laravel/framework/src/Illuminate/Database/Eloquent/Model.php(1496): Illuminate\\Database\\Eloquent\\Model->insertAndSetId()
#9 /home/zein/surat-ibrahimy/vendor/laravel/framework/src/Illuminate/Database/Eloquent/Model.php(1300): Illuminate\\Database\\Eloquent\\Model->performInsert()
#10 /home/zein/surat-ibrahimy/vendor/laravel/framework/src/Illuminate/Database/Eloquent/Builder.php(1224): Illuminate\\Database\\Eloquent\\Model->save()
#11 /home/zein/surat-ibrahimy/vendor/laravel/framework/src/Illuminate/Support/helpers.php(393): Illuminate\\Database\\Eloquent\\Builder->{closure:Illuminate\\Database\\Eloquent\\Builder::create():1223}()
#12 /home/zein/surat-ibrahimy/vendor/laravel/framework/src/Illuminate/Database/Eloquent/Builder.php(1223): tap()
#13 /home/zein/surat-ibrahimy/vendor/laravel/framework/src/Illuminate/Support/Traits/ForwardsCalls.php(23): Illuminate\\Database\\Eloquent\\Builder->create()
#14 /home/zein/surat-ibrahimy/vendor/laravel/framework/src/Illuminate/Database/Eloquent/Model.php(2723): Illuminate\\Database\\Eloquent\\Model->forwardCallTo()
#15 /home/zein/surat-ibrahimy/vendor/laravel/framework/src/Illuminate/Database/Eloquent/Model.php(2739): Illuminate\\Database\\Eloquent\\Model->__call()
#16 /home/zein/surat-ibrahimy/app/Http/Controllers/SuratController.php(99): Illuminate\\Database\\Eloquent\\Model::__callStatic()
#17 /home/zein/surat-ibrahimy/vendor/laravel/framework/src/Illuminate/Database/Concerns/ManagesTransactions.php(35): App\\Http\\Controllers\\SuratController->{closure:App\\Http\\Controllers\\SuratController::store():88}()
#18 /home/zein/surat-ibrahimy/vendor/laravel/framework/src/Illuminate/Database/DatabaseManager.php(496): Illuminate\\Database\\Connection->transaction()
#19 /home/zein/surat-ibrahimy/vendor/laravel/framework/src/Illuminate/Support/Facades/Facade.php(363): Illuminate\\Database\\DatabaseManager->__call()
#20 /home/zein/surat-ibrahimy/app/Http/Controllers/SuratController.php(88): Illuminate\\Support\\Facades\\Facade::__callStatic()
#21 /home/zein/surat-ibrahimy/vendor/laravel/framework/src/Illuminate/Routing/ControllerDispatcher.php(46): App\\Http\\Controllers\\SuratController->store()
#22 /home/zein/surat-ibrahimy/vendor/laravel/framework/src/Illuminate/Routing/Route.php(269): Illuminate\\Routing\\ControllerDispatcher->dispatch()
#23 /home/zein/surat-ibrahimy/vendor/laravel/framework/src/Illuminate/Routing/Route.php(215): Illuminate\\Routing\\Route->runController()
#24 /home/zein/surat-ibrahimy/vendor/laravel/framework/src/Illuminate/Routing/Router.php(822): Illuminate\\Routing\\Route->run()
#25 /home/zein/surat-ibrahimy/vendor/laravel/framework/src/Illuminate/Pipeline/Pipeline.php(180): Illuminate\\Routing\\Router->{closure:Illuminate\\Routing\\Router::runRouteWithinStack():821}()
#26 /home/zein/surat-ibrahimy/vendor/spatie/laravel-permission/src/Middleware/PermissionMiddleware.php(41): Illuminate\\Pipeline\\Pipeline->{closure:Illuminate\\Pipeline\\Pipeline::prepareDestination():178}()
#27 /home/zein/surat-ibrahimy/vendor/laravel/framework/src/Illuminate/Pipeline/Pipeline.php(219): Spatie\\Permission\\Middleware\\PermissionMiddleware->handle()
#28 /home/zein/surat-ibrahimy/vendor/laravel/framework/src/Illuminate/Auth/Middleware/EnsureEmailIsVerified.php(41): Illuminate\\Pipeline\\Pipeline->{closure:{closure:Illuminate\\Pipeline\\Pipeline::carry():194}:195}()
#29 /home/zein/surat-ibrahimy/vendor/laravel/framework/src/Illuminate/Pipeline/Pipeline.php(219): Illuminate\\Auth\\Middleware\\EnsureEmailIsVerified->handle()
#30 /home/zein/surat-ibrahimy/vendor/laravel/framework/src/Illuminate/Http/Middleware/AddLinkHeadersForPreloadedAssets.php(32): Illuminate\\Pipeline\\Pipeline->{closure:{closure:Illuminate\\Pipeline\\Pipeline::carry():194}:195}()
#31 /home/zein/surat-ibrahimy/vendor/laravel/framework/src/Illuminate/Pipeline/Pipeline.php(219): Illuminate\\Http\\Middleware\\AddLinkHeadersForPreloadedAssets->handle()
#32 /home/zein/surat-ibrahimy/app/Http/Middleware/HandleAppearance.php(21): Illuminate\\Pipeline\\Pipeline->{closure:{closure:Illuminate\\Pipeline\\Pipeline::carry():194}:195}()
#33 /home/zein/surat-ibrahimy/vendor/laravel/framework/src/Illuminate/Pipeline/Pipeline.php(219): App\\Http\\Middleware\\HandleAppearance->handle()
#34 /home/zein/surat-ibrahimy/vendor/laravel/framework/src/Illuminate/Routing/Middleware/SubstituteBindings.php(52): Illuminate\\Pipeline\\Pipeline->{closure:{closure:Illuminate\\Pipeline\\Pipeline::carry():194}:195}()
#35 /home/zein/surat-ibrahimy/vendor/laravel/framework/src/Illuminate/Pipeline/Pipeline.php(219): Illuminate\\Routing\\Middleware\\SubstituteBindings->handle()
#36 /home/zein/surat-ibrahimy/vendor/laravel/framework/src/Illuminate/Auth/Middleware/Authenticate.php(63): Illuminate\\Pipeline\\Pipeline->{closure:{closure:Illuminate\\Pipeline\\Pipeline::carry():194}:195}()
#37 /home/zein/surat-ibrahimy/vendor/laravel/framework/src/Illuminate/Pipeline/Pipeline.php(219): Illuminate\\Auth\\Middleware\\Authenticate->handle()
#38 /home/zein/surat-ibrahimy/vendor/laravel/framework/src/Illuminate/Foundation/Http/Middleware/PreventRequestForgery.php(104): Illuminate\\Pipeline\\Pipeline->{closure:{closure:Illuminate\\Pipeline\\Pipeline::carry():194}:195}()
#39 /home/zein/surat-ibrahimy/vendor/laravel/framework/src/Illuminate/Pipeline/Pipeline.php(219): Illuminate\\Foundation\\Http\\Middleware\\PreventRequestForgery->handle()
#40 /home/zein/surat-ibrahimy/vendor/laravel/framework/src/Illuminate/View/Middleware/ShareErrorsFromSession.php(48): Illuminate\\Pipeline\\Pipeline->{closure:{closure:Illuminate\\Pipeline\\Pipeline::carry():194}:195}()
#41 /home/zein/surat-ibrahimy/vendor/laravel/framework/src/Illuminate/Pipeline/Pipeline.php(219): Illuminate\\View\\Middleware\\ShareErrorsFromSession->handle()
#42 /home/zein/surat-ibrahimy/vendor/inertiajs/inertia-laravel/src/Middleware.php(138): Illuminate\\Pipeline\\Pipeline->{closure:{closure:Illuminate\\Pipeline\\Pipeline::carry():194}:195}()
#43 /home/zein/surat-ibrahimy/vendor/laravel/framework/src/Illuminate/Pipeline/Pipeline.php(219): Inertia\\Middleware->handle()
#44 /home/zein/surat-ibrahimy/vendor/laravel/framework/src/Illuminate/Session/Middleware/StartSession.php(120): Illuminate\\Pipeline\\Pipeline->{closure:{closure:Illuminate\\Pipeline\\Pipeline::carry():194}:195}()
#45 /home/zein/surat-ibrahimy/vendor/laravel/framework/src/Illuminate/Session/Middleware/StartSession.php(63): Illuminate\\Session\\Middleware\\StartSession->handleStatefulRequest()
#46 /home/zein/surat-ibrahimy/vendor/laravel/framework/src/Illuminate/Pipeline/Pipeline.php(219): Illuminate\\Session\\Middleware\\StartSession->handle()
#47 /home/zein/surat-ibrahimy/vendor/laravel/framework/src/Illuminate/Cookie/Middleware/AddQueuedCookiesToResponse.php(36): Illuminate\\Pipeline\\Pipeline->{closure:{closure:Illuminate\\Pipeline\\Pipeline::carry():194}:195}()
#48 /home/zein/surat-ibrahimy/vendor/laravel/framework/src/Illuminate/Pipeline/Pipeline.php(219): Illuminate\\Cookie\\Middleware\\AddQueuedCookiesToResponse->handle()
#49 /home/zein/surat-ibrahimy/vendor/laravel/framework/src/Illuminate/Cookie/Middleware/EncryptCookies.php(74): Illuminate\\Pipeline\\Pipeline->{closure:{closure:Illuminate\\Pipeline\\Pipeline::carry():194}:195}()
#50 /home/zein/surat-ibrahimy/vendor/laravel/framework/src/Illuminate/Pipeline/Pipeline.php(219): Illuminate\\Cookie\\Middleware\\EncryptCookies->handle()
#51 /home/zein/surat-ibrahimy/vendor/laravel/framework/src/Illuminate/Pipeline/Pipeline.php(137): Illuminate\\Pipeline\\Pipeline->{closure:{closure:Illuminate\\Pipeline\\Pipeline::carry():194}:195}()
#52 /home/zein/surat-ibrahimy/vendor/laravel/framework/src/Illuminate/Routing/Router.php(821): Illuminate\\Pipeline\\Pipeline->then()
#53 /home/zein/surat-ibrahimy/vendor/laravel/framework/src/Illuminate/Routing/Router.php(800): Illuminate\\Routing\\Router->runRouteWithinStack()
#54 /home/zein/surat-ibrahimy/vendor/laravel/framework/src/Illuminate/Routing/Router.php(764): Illuminate\\Routing\\Router->runRoute()
#55 /home/zein/surat-ibrahimy/vendor/laravel/framework/src/Illuminate/Routing/Router.php(753): Illuminate\\Routing\\Router->dispatchToRoute()
#56 /home/zein/surat-ibrahimy/vendor/laravel/framework/src/Illuminate/Foundation/Http/Kernel.php(200): Illuminate\\Routing\\Router->dispatch()
#57 /home/zein/surat-ibrahimy/vendor/laravel/framework/src/Illuminate/Pipeline/Pipeline.php(180): Illuminate\\Foundation\\Http\\Kernel->{closure:Illuminate\\Foundation\\Http\\Kernel::dispatchToRouter():197}()
#58 /home/zein/surat-ibrahimy/vendor/laravel/framework/src/Illuminate/Foundation/Http/Middleware/TransformsRequest.php(21): Illuminate\\Pipeline\\Pipeline->{closure:Illuminate\\Pipeline\\Pipeline::prepareDestination():178}()
#59 /home/zein/surat-ibrahimy/vendor/laravel/framework/src/Illuminate/Foundation/Http/Middleware/ConvertEmptyStringsToNull.php(31): Illuminate\\Foundation\\Http\\Middleware\\TransformsRequest->handle()
#60 /home/zein/surat-ibrahimy/vendor/laravel/framework/src/Illuminate/Pipeline/Pipeline.php(219): Illuminate\\Foundation\\Http\\Middleware\\ConvertEmptyStringsToNull->handle()
#61 /home/zein/surat-ibrahimy/vendor/laravel/framework/src/Illuminate/Foundation/Http/Middleware/TransformsRequest.php(21): Illuminate\\Pipeline\\Pipeline->{closure:{closure:Illuminate\\Pipeline\\Pipeline::carry():194}:195}()
#62 /home/zein/surat-ibrahimy/vendor/laravel/framework/src/Illuminate/Foundation/Http/Middleware/TrimStrings.php(51): Illuminate\\Foundation\\Http\\Middleware\\TransformsRequest->handle()
#63 /home/zein/surat-ibrahimy/vendor/laravel/framework/src/Illuminate/Pipeline/Pipeline.php(219): Illuminate\\Foundation\\Http\\Middleware\\TrimStrings->handle()
#64 /home/zein/surat-ibrahimy/vendor/laravel/framework/src/Illuminate/Http/Middleware/ValidatePostSize.php(27): Illuminate\\Pipeline\\Pipeline->{closure:{closure:Illuminate\\Pipeline\\Pipeline::carry():194}:195}()
#65 /home/zein/surat-ibrahimy/vendor/laravel/framework/src/Illuminate/Pipeline/Pipeline.php(219): Illuminate\\Http\\Middleware\\ValidatePostSize->handle()
#66 /home/zein/surat-ibrahimy/vendor/laravel/framework/src/Illuminate/Foundation/Http/Middleware/PreventRequestsDuringMaintenance.php(109): Illuminate\\Pipeline\\Pipeline->{closure:{closure:Illuminate\\Pipeline\\Pipeline::carry():194}:195}()
#67 /home/zein/surat-ibrahimy/vendor/laravel/framework/src/Illuminate/Pipeline/Pipeline.php(219): Illuminate\\Foundation\\Http\\Middleware\\PreventRequestsDuringMaintenance->handle()
#68 /home/zein/surat-ibrahimy/vendor/laravel/framework/src/Illuminate/Http/Middleware/HandleCors.php(61): Illuminate\\Pipeline\\Pipeline->{closure:{closure:Illuminate\\Pipeline\\Pipeline::carry():194}:195}()
#69 /home/zein/surat-ibrahimy/vendor/laravel/framework/src/Illuminate/Pipeline/Pipeline.php(219): Illuminate\\Http\\Middleware\\HandleCors->handle()
#70 /home/zein/surat-ibrahimy/vendor/laravel/framework/src/Illuminate/Http/Middleware/TrustProxies.php(58): Illuminate\\Pipeline\\Pipeline->{closure:{closure:Illuminate\\Pipeline\\Pipeline::carry():194}:195}()
#71 /home/zein/surat-ibrahimy/vendor/laravel/framework/src/Illuminate/Pipeline/Pipeline.php(219): Illuminate\\Http\\Middleware\\TrustProxies->handle()
#72 /home/zein/surat-ibrahimy/vendor/laravel/framework/src/Illuminate/Foundation/Http/Middleware/InvokeDeferredCallbacks.php(22): Illuminate\\Pipeline\\Pipeline->{closure:{closure:Illuminate\\Pipeline\\Pipeline::carry():194}:195}()
#73 /home/zein/surat-ibrahimy/vendor/laravel/framework/src/Illuminate/Pipeline/Pipeline.php(219): Illuminate\\Foundation\\Http\\Middleware\\InvokeDeferredCallbacks->handle()
#74 /home/zein/surat-ibrahimy/vendor/laravel/framework/src/Illuminate/Http/Middleware/ValidatePathEncoding.php(28): Illuminate\\Pipeline\\Pipeline->{closure:{closure:Illuminate\\Pipeline\\Pipeline::carry():194}:195}()
#75 /home/zein/surat-ibrahimy/vendor/laravel/framework/src/Illuminate/Pipeline/Pipeline.php(219): Illuminate\\Http\\Middleware\\ValidatePathEncoding->handle()
#76 /home/zein/surat-ibrahimy/vendor/laravel/framework/src/Illuminate/Pipeline/Pipeline.php(137): Illuminate\\Pipeline\\Pipeline->{closure:{closure:Illuminate\\Pipeline\\Pipeline::carry():194}:195}()
#77 /home/zein/surat-ibrahimy/vendor/laravel/framework/src/Illuminate/Foundation/Http/Kernel.php(175): Illuminate\\Pipeline\\Pipeline->then()
#78 /home/zein/surat-ibrahimy/vendor/laravel/framework/src/Illuminate/Foundation/Http/Kernel.php(144): Illuminate\\Foundation\\Http\\Kernel->sendRequestThroughRouter()
#79 /home/zein/surat-ibrahimy/vendor/laravel/framework/src/Illuminate/Foundation/Testing/Concerns/MakesHttpRequests.php(607): Illuminate\\Foundation\\Http\\Kernel->handle()
#80 /home/zein/surat-ibrahimy/vendor/laravel/framework/src/Illuminate/Foundation/Testing/Concerns/MakesHttpRequests.php(397): Illuminate\\Foundation\\Testing\\TestCase->call()
#81 /home/zein/surat-ibrahimy/tests/Feature/SuratKeluarNomorTest.php(114): Illuminate\\Foundation\\Testing\\TestCase->post()
#82 /home/zein/surat-ibrahimy/vendor/phpunit/phpunit/src/Framework/TestCase.php(1332): Tests\\Feature\\SuratKeluarNomorTest->test_nomor_manual_tanpa_template()
#83 /home/zein/surat-ibrahimy/vendor/phpunit/phpunit/src/Framework/TestCase.php(519): PHPUnit\\Framework\\TestCase->runTest()
#84 /home/zein/surat-ibrahimy/vendor/phpunit/phpunit/src/Framework/TestRunner/TestRunner.php(99): PHPUnit\\Framework\\TestCase->runBare()
#85 /home/zein/surat-ibrahimy/vendor/phpunit/phpunit/src/Framework/TestCase.php(359): PHPUnit\\Framework\\TestRunner->run()
#86 /home/zein/surat-ibrahimy/vendor/phpunit/phpunit/src/Framework/TestSuite.php(374): PHPUnit\\Framework\\TestCase->run()
#87 /home/zein/surat-ibrahimy/vendor/phpunit/phpunit/src/Framework/TestSuite.php(374): PHPUnit\\Framework\\TestSuite->run()
#88 /home/zein/surat-ibrahimy/vendor/phpunit/phpunit/src/Framework/TestSuite.php(374): PHPUnit\\Framework\\TestSuite->run()
#89 /home/zein/surat-ibrahimy/vendor/phpunit/phpunit/src/TextUI/TestRunner.php(64): PHPUnit\\Framework\\TestSuite->run()
#90 /home/zein/surat-ibrahimy/vendor/phpunit/phpunit/src/TextUI/Application.php(229): PHPUnit\\TextUI\\TestRunner->run()
#91 /home/zein/surat-ibrahimy/vendor/phpunit/phpunit/phpunit(104): PHPUnit\\TextUI\\Application->run()
#92 {main}
"} 
[2026-08-08 06:51:06] testing.ERROR: SQLSTATE[HY000]: General error: 1366 Incorrect integer value: 'admin-test' for column 'created_by' at row 1 (Connection: mysql, Host: 127.0.0.1, Port: 3306, Database: testing, SQL: insert into `surats` (`jenis`, `no_agenda`, `no_agenda_urut`, `nomor_urut`, `template_nomor_id`, `klasifikasi_surat_id`, `unit_pengolah_id`, `perihal`, `ringkasan`, `asal_surat`, `pengirim`, `tujuan_surat`, `penerima`, `tanggal_surat`, `tanggal_terima`, `tanggal_kirim`, `sifat`, `created_by`, `updated_at`, `created_at`) values (masuk, 001/2026, 1, ?, ?, 2, ?, Permohonan Kerja Sama, ?, UPT Perpustakaan, Dr. Ahmad, ?, ?, 2026-08-01 00:00:00, 2026-08-02 00:00:00, ?, penting, admin-test, 2026-08-08 06:51:06, 2026-08-08 06:51:06)) {"userId":"admin-test","exception":"[object] (Illuminate\\Database\\QueryException(code: HY000): SQLSTATE[HY000]: General error: 1366 Incorrect integer value: 'admin-test' for column 'created_by' at row 1 (Connection: mysql, Host: 127.0.0.1, Port: 3306, Database: testing, SQL: insert into `surats` (`jenis`, `no_agenda`, `no_agenda_urut`, `nomor_urut`, `template_nomor_id`, `klasifikasi_surat_id`, `unit_pengolah_id`, `perihal`, `ringkasan`, `asal_surat`, `pengirim`, `tujuan_surat`, `penerima`, `tanggal_surat`, `tanggal_terima`, `tanggal_kirim`, `sifat`, `created_by`, `updated_at`, `created_at`) values (masuk, 001/2026, 1, ?, ?, 2, ?, Permohonan Kerja Sama, ?, UPT Perpustakaan, Dr. Ahmad, ?, ?, 2026-08-01 00:00:00, 2026-08-02 00:00:00, ?, penting, admin-test, 2026-08-08 06:51:06, 2026-08-08 06:51:06)) at /home/zein/surat-ibrahimy/vendor/laravel/framework/src/Illuminate/Database/Connection.php:841)
[stacktrace]
#0 /home/zein/surat-ibrahimy/vendor/laravel/framework/src/Illuminate/Database/Connection.php(797): Illuminate\\Database\\Connection->runQueryCallback()
#1 /home/zein/surat-ibrahimy/vendor/laravel/framework/src/Illuminate/Database/MySqlConnection.php(42): Illuminate\\Database\\Connection->run()
#2 /home/zein/surat-ibrahimy/vendor/laravel/framework/src/Illuminate/Database/Query/Processors/MySqlProcessor.php(35): Illuminate\\Database\\MySqlConnection->insert()
#3 /home/zein/surat-ibrahimy/vendor/laravel/framework/src/Illuminate/Database/Query/Builder.php(4246): Illuminate\\Database\\Query\\Processors\\MySqlProcessor->processInsertGetId()
#4 /home/zein/surat-ibrahimy/vendor/laravel/framework/src/Illuminate/Database/Eloquent/Builder.php(2242): Illuminate\\Database\\Query\\Builder->insertGetId()
#5 /home/zein/surat-ibrahimy/vendor/laravel/framework/src/Illuminate/Database/Eloquent/Model.php(1580): Illuminate\\Database\\Eloquent\\Builder->__call()
#6 /home/zein/surat-ibrahimy/vendor/laravel/framework/src/Illuminate/Database/Eloquent/Model.php(1496): Illuminate\\Database\\Eloquent\\Model->insertAndSetId()
#7 /home/zein/surat-ibrahimy/vendor/laravel/framework/src/Illuminate/Database/Eloquent/Model.php(1300): Illuminate\\Database\\Eloquent\\Model->performInsert()
#8 /home/zein/surat-ibrahimy/vendor/laravel/framework/src/Illuminate/Database/Eloquent/Builder.php(1224): Illuminate\\Database\\Eloquent\\Model->save()
#9 /home/zein/surat-ibrahimy/vendor/laravel/framework/src/Illuminate/Support/helpers.php(393): Illuminate\\Database\\Eloquent\\Builder->{closure:Illuminate\\Database\\Eloquent\\Builder::create():1223}()
#10 /home/zein/surat-ibrahimy/vendor/laravel/framework/src/Illuminate/Database/Eloquent/Builder.php(1223): tap()
#11 /home/zein/surat-ibrahimy/vendor/laravel/framework/src/Illuminate/Support/Traits/ForwardsCalls.php(23): Illuminate\\Database\\Eloquent\\Builder->create()
#12 /home/zein/surat-ibrahimy/vendor/laravel/framework/src/Illuminate/Database/Eloquent/Model.php(2723): Illuminate\\Database\\Eloquent\\Model->forwardCallTo()
#13 /home/zein/surat-ibrahimy/vendor/laravel/framework/src/Illuminate/Database/Eloquent/Model.php(2739): Illuminate\\Database\\Eloquent\\Model->__call()
#14 /home/zein/surat-ibrahimy/app/Http/Controllers/SuratController.php(99): Illuminate\\Database\\Eloquent\\Model::__callStatic()
#15 /home/zein/surat-ibrahimy/vendor/laravel/framework/src/Illuminate/Database/Concerns/ManagesTransactions.php(35): App\\Http\\Controllers\\SuratController->{closure:App\\Http\\Controllers\\SuratController::store():88}()
#16 /home/zein/surat-ibrahimy/vendor/laravel/framework/src/Illuminate/Database/DatabaseManager.php(496): Illuminate\\Database\\Connection->transaction()
#17 /home/zein/surat-ibrahimy/vendor/laravel/framework/src/Illuminate/Support/Facades/Facade.php(363): Illuminate\\Database\\DatabaseManager->__call()
#18 /home/zein/surat-ibrahimy/app/Http/Controllers/SuratController.php(88): Illuminate\\Support\\Facades\\Facade::__callStatic()
#19 /home/zein/surat-ibrahimy/vendor/laravel/framework/src/Illuminate/Routing/ControllerDispatcher.php(46): App\\Http\\Controllers\\SuratController->store()
#20 /home/zein/surat-ibrahimy/vendor/laravel/framework/src/Illuminate/Routing/Route.php(269): Illuminate\\Routing\\ControllerDispatcher->dispatch()
#21 /home/zein/surat-ibrahimy/vendor/laravel/framework/src/Illuminate/Routing/Route.php(215): Illuminate\\Routing\\Route->runController()
#22 /home/zein/surat-ibrahimy/vendor/laravel/framework/src/Illuminate/Routing/Router.php(822): Illuminate\\Routing\\Route->run()
#23 /home/zein/surat-ibrahimy/vendor/laravel/framework/src/Illuminate/Pipeline/Pipeline.php(180): Illuminate\\Routing\\Router->{closure:Illuminate\\Routing\\Router::runRouteWithinStack():821}()
#24 /home/zein/surat-ibrahimy/vendor/spatie/laravel-permission/src/Middleware/PermissionMiddleware.php(41): Illuminate\\Pipeline\\Pipeline->{closure:Illuminate\\Pipeline\\Pipeline::prepareDestination():178}()
#25 /home/zein/surat-ibrahimy/vendor/laravel/framework/src/Illuminate/Pipeline/Pipeline.php(219): Spatie\\Permission\\Middleware\\PermissionMiddleware->handle()
#26 /home/zein/surat-ibrahimy/vendor/laravel/framework/src/Illuminate/Auth/Middleware/EnsureEmailIsVerified.php(41): Illuminate\\Pipeline\\Pipeline->{closure:{closure:Illuminate\\Pipeline\\Pipeline::carry():194}:195}()
#27 /home/zein/surat-ibrahimy/vendor/laravel/framework/src/Illuminate/Pipeline/Pipeline.php(219): Illuminate\\Auth\\Middleware\\EnsureEmailIsVerified->handle()
#28 /home/zein/surat-ibrahimy/vendor/laravel/framework/src/Illuminate/Http/Middleware/AddLinkHeadersForPreloadedAssets.php(32): Illuminate\\Pipeline\\Pipeline->{closure:{closure:Illuminate\\Pipeline\\Pipeline::carry():194}:195}()
#29 /home/zein/surat-ibrahimy/vendor/laravel/framework/src/Illuminate/Pipeline/Pipeline.php(219): Illuminate\\Http\\Middleware\\AddLinkHeadersForPreloadedAssets->handle()
#30 /home/zein/surat-ibrahimy/app/Http/Middleware/HandleAppearance.php(21): Illuminate\\Pipeline\\Pipeline->{closure:{closure:Illuminate\\Pipeline\\Pipeline::carry():194}:195}()
#31 /home/zein/surat-ibrahimy/vendor/laravel/framework/src/Illuminate/Pipeline/Pipeline.php(219): App\\Http\\Middleware\\HandleAppearance->handle()
#32 /home/zein/surat-ibrahimy/vendor/laravel/framework/src/Illuminate/Routing/Middleware/SubstituteBindings.php(52): Illuminate\\Pipeline\\Pipeline->{closure:{closure:Illuminate\\Pipeline\\Pipeline::carry():194}:195}()
#33 /home/zein/surat-ibrahimy/vendor/laravel/framework/src/Illuminate/Pipeline/Pipeline.php(219): Illuminate\\Routing\\Middleware\\SubstituteBindings->handle()
#34 /home/zein/surat-ibrahimy/vendor/laravel/framework/src/Illuminate/Auth/Middleware/Authenticate.php(63): Illuminate\\Pipeline\\Pipeline->{closure:{closure:Illuminate\\Pipeline\\Pipeline::carry():194}:195}()
#35 /home/zein/surat-ibrahimy/vendor/laravel/framework/src/Illuminate/Pipeline/Pipeline.php(219): Illuminate\\Auth\\Middleware\\Authenticate->handle()
#36 /home/zein/surat-ibrahimy/vendor/laravel/framework/src/Illuminate/Foundation/Http/Middleware/PreventRequestForgery.php(104): Illuminate\\Pipeline\\Pipeline->{closure:{closure:Illuminate\\Pipeline\\Pipeline::carry():194}:195}()
#37 /home/zein/surat-ibrahimy/vendor/laravel/framework/src/Illuminate/Pipeline/Pipeline.php(219): Illuminate\\Foundation\\Http\\Middleware\\PreventRequestForgery->handle()
#38 /home/zein/surat-ibrahimy/vendor/laravel/framework/src/Illuminate/View/Middleware/ShareErrorsFromSession.php(48): Illuminate\\Pipeline\\Pipeline->{closure:{closure:Illuminate\\Pipeline\\Pipeline::carry():194}:195}()
#39 /home/zein/surat-ibrahimy/vendor/laravel/framework/src/Illuminate/Pipeline/Pipeline.php(219): Illuminate\\View\\Middleware\\ShareErrorsFromSession->handle()
#40 /home/zein/surat-ibrahimy/vendor/inertiajs/inertia-laravel/src/Middleware.php(138): Illuminate\\Pipeline\\Pipeline->{closure:{closure:Illuminate\\Pipeline\\Pipeline::carry():194}:195}()
#41 /home/zein/surat-ibrahimy/vendor/laravel/framework/src/Illuminate/Pipeline/Pipeline.php(219): Inertia\\Middleware->handle()
#42 /home/zein/surat-ibrahimy/vendor/laravel/framework/src/Illuminate/Session/Middleware/StartSession.php(120): Illuminate\\Pipeline\\Pipeline->{closure:{closure:Illuminate\\Pipeline\\Pipeline::carry():194}:195}()
#43 /home/zein/surat-ibrahimy/vendor/laravel/framework/src/Illuminate/Session/Middleware/StartSession.php(63): Illuminate\\Session\\Middleware\\StartSession->handleStatefulRequest()
#44 /home/zein/surat-ibrahimy/vendor/laravel/framework/src/Illuminate/Pipeline/Pipeline.php(219): Illuminate\\Session\\Middleware\\StartSession->handle()
#45 /home/zein/surat-ibrahimy/vendor/laravel/framework/src/Illuminate/Cookie/Middleware/AddQueuedCookiesToResponse.php(36): Illuminate\\Pipeline\\Pipeline->{closure:{closure:Illuminate\\Pipeline\\Pipeline::carry():194}:195}()
#46 /home/zein/surat-ibrahimy/vendor/laravel/framework/src/Illuminate/Pipeline/Pipeline.php(219): Illuminate\\Cookie\\Middleware\\AddQueuedCookiesToResponse->handle()
#47 /home/zein/surat-ibrahimy/vendor/laravel/framework/src/Illuminate/Cookie/Middleware/EncryptCookies.php(74): Illuminate\\Pipeline\\Pipeline->{closure:{closure:Illuminate\\Pipeline\\Pipeline::carry():194}:195}()
#48 /home/zein/surat-ibrahimy/vendor/laravel/framework/src/Illuminate/Pipeline/Pipeline.php(219): Illuminate\\Cookie\\Middleware\\EncryptCookies->handle()
#49 /home/zein/surat-ibrahimy/vendor/laravel/framework/src/Illuminate/Pipeline/Pipeline.php(137): Illuminate\\Pipeline\\Pipeline->{closure:{closure:Illuminate\\Pipeline\\Pipeline::carry():194}:195}()
#50 /home/zein/surat-ibrahimy/vendor/laravel/framework/src/Illuminate/Routing/Router.php(821): Illuminate\\Pipeline\\Pipeline->then()
#51 /home/zein/surat-ibrahimy/vendor/laravel/framework/src/Illuminate/Routing/Router.php(800): Illuminate\\Routing\\Router->runRouteWithinStack()
#52 /home/zein/surat-ibrahimy/vendor/laravel/framework/src/Illuminate/Routing/Router.php(764): Illuminate\\Routing\\Router->runRoute()
#53 /home/zein/surat-ibrahimy/vendor/laravel/framework/src/Illuminate/Routing/Router.php(753): Illuminate\\Routing\\Router->dispatchToRoute()
#54 /home/zein/surat-ibrahimy/vendor/laravel/framework/src/Illuminate/Foundation/Http/Kernel.php(200): Illuminate\\Routing\\Router->dispatch()
#55 /home/zein/surat-ibrahimy/vendor/laravel/framework/src/Illuminate/Pipeline/Pipeline.php(180): Illuminate\\Foundation\\Http\\Kernel->{closure:Illuminate\\Foundation\\Http\\Kernel::dispatchToRouter():197}()
#56 /home/zein/surat-ibrahimy/vendor/laravel/framework/src/Illuminate/Foundation/Http/Middleware/TransformsRequest.php(21): Illuminate\\Pipeline\\Pipeline->{closure:Illuminate\\Pipeline\\Pipeline::prepareDestination():178}()
#57 /home/zein/surat-ibrahimy/vendor/laravel/framework/src/Illuminate/Foundation/Http/Middleware/ConvertEmptyStringsToNull.php(31): Illuminate\\Foundation\\Http\\Middleware\\TransformsRequest->handle()
#58 /home/zein/surat-ibrahimy/vendor/laravel/framework/src/Illuminate/Pipeline/Pipeline.php(219): Illuminate\\Foundation\\Http\\Middleware\\ConvertEmptyStringsToNull->handle()
#59 /home/zein/surat-ibrahimy/vendor/laravel/framework/src/Illuminate/Foundation/Http/Middleware/TransformsRequest.php(21): Illuminate\\Pipeline\\Pipeline->{closure:{closure:Illuminate\\Pipeline\\Pipeline::carry():194}:195}()
#60 /home/zein/surat-ibrahimy/vendor/laravel/framework/src/Illuminate/Foundation/Http/Middleware/TrimStrings.php(51): Illuminate\\Foundation\\Http\\Middleware\\TransformsRequest->handle()
#61 /home/zein/surat-ibrahimy/vendor/laravel/framework/src/Illuminate/Pipeline/Pipeline.php(219): Illuminate\\Foundation\\Http\\Middleware\\TrimStrings->handle()
#62 /home/zein/surat-ibrahimy/vendor/laravel/framework/src/Illuminate/Http/Middleware/ValidatePostSize.php(27): Illuminate\\Pipeline\\Pipeline->{closure:{closure:Illuminate\\Pipeline\\Pipeline::carry():194}:195}()
#63 /home/zein/surat-ibrahimy/vendor/laravel/framework/src/Illuminate/Pipeline/Pipeline.php(219): Illuminate\\Http\\Middleware\\ValidatePostSize->handle()
#64 /home/zein/surat-ibrahimy/vendor/laravel/framework/src/Illuminate/Foundation/Http/Middleware/PreventRequestsDuringMaintenance.php(109): Illuminate\\Pipeline\\Pipeline->{closure:{closure:Illuminate\\Pipeline\\Pipeline::carry():194}:195}()
#65 /home/zein/surat-ibrahimy/vendor/laravel/framework/src/Illuminate/Pipeline/Pipeline.php(219): Illuminate\\Foundation\\Http\\Middleware\\PreventRequestsDuringMaintenance->handle()
#66 /home/zein/surat-ibrahimy/vendor/laravel/framework/src/Illuminate/Http/Middleware/HandleCors.php(61): Illuminate\\Pipeline\\Pipeline->{closure:{closure:Illuminate\\Pipeline\\Pipeline::carry():194}:195}()
#67 /home/zein/surat-ibrahimy/vendor/laravel/framework/src/Illuminate/Pipeline/Pipeline.php(219): Illuminate\\Http\\Middleware\\HandleCors->handle()
#68 /home/zein/surat-ibrahimy/vendor/laravel/framework/src/Illuminate/Http/Middleware/TrustProxies.php(58): Illuminate\\Pipeline\\Pipeline->{closure:{closure:Illuminate\\Pipeline\\Pipeline::carry():194}:195}()
#69 /home/zein/surat-ibrahimy/vendor/laravel/framework/src/Illuminate/Pipeline/Pipeline.php(219): Illuminate\\Http\\Middleware\\TrustProxies->handle()
#70 /home/zein/surat-ibrahimy/vendor/laravel/framework/src/Illuminate/Foundation/Http/Middleware/InvokeDeferredCallbacks.php(22): Illuminate\\Pipeline\\Pipeline->{closure:{closure:Illuminate\\Pipeline\\Pipeline::carry():194}:195}()
#71 /home/zein/surat-ibrahimy/vendor/laravel/framework/src/Illuminate/Pipeline/Pipeline.php(219): Illuminate\\Foundation\\Http\\Middleware\\InvokeDeferredCallbacks->handle()
#72 /home/zein/surat-ibrahimy/vendor/laravel/framework/src/Illuminate/Http/Middleware/ValidatePathEncoding.php(28): Illuminate\\Pipeline\\Pipeline->{closure:{closure:Illuminate\\Pipeline\\Pipeline::carry():194}:195}()
#73 /home/zein/surat-ibrahimy/vendor/laravel/framework/src/Illuminate/Pipeline/Pipeline.php(219): Illuminate\\Http\\Middleware\\ValidatePathEncoding->handle()
#74 /home/zein/surat-ibrahimy/vendor/laravel/framework/src/Illuminate/Pipeline/Pipeline.php(137): Illuminate\\Pipeline\\Pipeline->{closure:{closure:Illuminate\\Pipeline\\Pipeline::carry():194}:195}()
#75 /home/zein/surat-ibrahimy/vendor/laravel/framework/src/Illuminate/Foundation/Http/Kernel.php(175): Illuminate\\Pipeline\\Pipeline->then()
#76 /home/zein/surat-ibrahimy/vendor/laravel/framework/src/Illuminate/Foundation/Http/Kernel.php(144): Illuminate\\Foundation\\Http\\Kernel->sendRequestThroughRouter()
#77 /home/zein/surat-ibrahimy/vendor/laravel/framework/src/Illuminate/Foundation/Testing/Concerns/MakesHttpRequests.php(607): Illuminate\\Foundation\\Http\\Kernel->handle()
#78 /home/zein/surat-ibrahimy/vendor/laravel/framework/src/Illuminate/Foundation/Testing/Concerns/MakesHttpRequests.php(397): Illuminate\\Foundation\\Testing\\TestCase->call()
#79 /home/zein/surat-ibrahimy/tests/Feature/SuratMasukTest.php(35): Illuminate\\Foundation\\Testing\\TestCase->post()
#80 /home/zein/surat-ibrahimy/vendor/phpunit/phpunit/src/Framework/TestCase.php(1332): Tests\\Feature\\SuratMasukTest->test_admin_dapat_mencatat_surat_masuk()
#81 /home/zein/surat-ibrahimy/vendor/phpunit/phpunit/src/Framework/TestCase.php(519): PHPUnit\\Framework\\TestCase->runTest()
#82 /home/zein/surat-ibrahimy/vendor/phpunit/phpunit/src/Framework/TestRunner/TestRunner.php(99): PHPUnit\\Framework\\TestCase->runBare()
#83 /home/zein/surat-ibrahimy/vendor/phpunit/phpunit/src/Framework/TestCase.php(359): PHPUnit\\Framework\\TestRunner->run()
#84 /home/zein/surat-ibrahimy/vendor/phpunit/phpunit/src/Framework/TestSuite.php(374): PHPUnit\\Framework\\TestCase->run()
#85 /home/zein/surat-ibrahimy/vendor/phpunit/phpunit/src/Framework/TestSuite.php(374): PHPUnit\\Framework\\TestSuite->run()
#86 /home/zein/surat-ibrahimy/vendor/phpunit/phpunit/src/Framework/TestSuite.php(374): PHPUnit\\Framework\\TestSuite->run()
#87 /home/zein/surat-ibrahimy/vendor/phpunit/phpunit/src/TextUI/TestRunner.php(64): PHPUnit\\Framework\\TestSuite->run()
#88 /home/zein/surat-ibrahimy/vendor/phpunit/phpunit/src/TextUI/Application.php(229): PHPUnit\\TextUI\\TestRunner->run()
#89 /home/zein/surat-ibrahimy/vendor/phpunit/phpunit/phpunit(104): PHPUnit\\TextUI\\Application->run()
#90 {main}

[previous exception] [object] (PDOException(code: HY000): SQLSTATE[HY000]: General error: 1366 Incorrect integer value: 'admin-test' for column 'created_by' at row 1 at /home/zein/surat-ibrahimy/vendor/laravel/framework/src/Illuminate/Database/MySqlConnection.php:53)
[stacktrace]
#0 /home/zein/surat-ibrahimy/vendor/laravel/framework/src/Illuminate/Database/MySqlConnection.php(53): PDOStatement->execute()
#1 /home/zein/surat-ibrahimy/vendor/laravel/framework/src/Illuminate/Database/Connection.php(830): Illuminate\\Database\\MySqlConnection->{closure:Illuminate\\Database\\MySqlConnection::insert():42}()
#2 /home/zein/surat-ibrahimy/vendor/laravel/framework/src/Illuminate/Database/Connection.php(797): Illuminate\\Database\\Connection->runQueryCallback()
#3 /home/zein/surat-ibrahimy/vendor/laravel/framework/src/Illuminate/Database/MySqlConnection.php(42): Illuminate\\Database\\Connection->run()
#4 /home/zein/surat-ibrahimy/vendor/laravel/framework/src/Illuminate/Database/Query/Processors/MySqlProcessor.php(35): Illuminate\\Database\\MySqlConnection->insert()
#5 /home/zein/surat-ibrahimy/vendor/laravel/framework/src/Illuminate/Database/Query/Builder.php(4246): Illuminate\\Database\\Query\\Processors\\MySqlProcessor->processInsertGetId()
#6 /home/zein/surat-ibrahimy/vendor/laravel/framework/src/Illuminate/Database/Eloquent/Builder.php(2242): Illuminate\\Database\\Query\\Builder->insertGetId()
#7 /home/zein/surat-ibrahimy/vendor/laravel/framework/src/Illuminate/Database/Eloquent/Model.php(1580): Illuminate\\Database\\Eloquent\\Builder->__call()
#8 /home/zein/surat-ibrahimy/vendor/laravel/framework/src/Illuminate/Database/Eloquent/Model.php(1496): Illuminate\\Database\\Eloquent\\Model->insertAndSetId()
#9 /home/zein/surat-ibrahimy/vendor/laravel/framework/src/Illuminate/Database/Eloquent/Model.php(1300): Illuminate\\Database\\Eloquent\\Model->performInsert()
#10 /home/zein/surat-ibrahimy/vendor/laravel/framework/src/Illuminate/Database/Eloquent/Builder.php(1224): Illuminate\\Database\\Eloquent\\Model->save()
#11 /home/zein/surat-ibrahimy/vendor/laravel/framework/src/Illuminate/Support/helpers.php(393): Illuminate\\Database\\Eloquent\\Builder->{closure:Illuminate\\Database\\Eloquent\\Builder::create():1223}()
#12 /home/zein/surat-ibrahimy/vendor/laravel/framework/src/Illuminate/Database/Eloquent/Builder.php(1223): tap()
#13 /home/zein/surat-ibrahimy/vendor/laravel/framework/src/Illuminate/Support/Traits/ForwardsCalls.php(23): Illuminate\\Database\\Eloquent\\Builder->create()
#14 /home/zein/surat-ibrahimy/vendor/laravel/framework/src/Illuminate/Database/Eloquent/Model.php(2723): Illuminate\\Database\\Eloquent\\Model->forwardCallTo()
#15 /home/zein/surat-ibrahimy/vendor/laravel/framework/src/Illuminate/Database/Eloquent/Model.php(2739): Illuminate\\Database\\Eloquent\\Model->__call()
#16 /home/zein/surat-ibrahimy/app/Http/Controllers/SuratController.php(99): Illuminate\\Database\\Eloquent\\Model::__callStatic()
#17 /home/zein/surat-ibrahimy/vendor/laravel/framework/src/Illuminate/Database/Concerns/ManagesTransactions.php(35): App\\Http\\Controllers\\SuratController->{closure:App\\Http\\Controllers\\SuratController::store():88}()
#18 /home/zein/surat-ibrahimy/vendor/laravel/framework/src/Illuminate/Database/DatabaseManager.php(496): Illuminate\\Database\\Connection->transaction()
#19 /home/zein/surat-ibrahimy/vendor/laravel/framework/src/Illuminate/Support/Facades/Facade.php(363): Illuminate\\Database\\DatabaseManager->__call()
#20 /home/zein/surat-ibrahimy/app/Http/Controllers/SuratController.php(88): Illuminate\\Support\\Facades\\Facade::__callStatic()
#21 /home/zein/surat-ibrahimy/vendor/laravel/framework/src/Illuminate/Routing/ControllerDispatcher.php(46): App\\Http\\Controllers\\SuratController->store()
#22 /home/zein/surat-ibrahimy/vendor/laravel/framework/src/Illuminate/Routing/Route.php(269): Illuminate\\Routing\\ControllerDispatcher->dispatch()
#23 /home/zein/surat-ibrahimy/vendor/laravel/framework/src/Illuminate/Routing/Route.php(215): Illuminate\\Routing\\Route->runController()
#24 /home/zein/surat-ibrahimy/vendor/laravel/framework/src/Illuminate/Routing/Router.php(822): Illuminate\\Routing\\Route->run()
#25 /home/zein/surat-ibrahimy/vendor/laravel/framework/src/Illuminate/Pipeline/Pipeline.php(180): Illuminate\\Routing\\Router->{closure:Illuminate\\Routing\\Router::runRouteWithinStack():821}()
#26 /home/zein/surat-ibrahimy/vendor/spatie/laravel-permission/src/Middleware/PermissionMiddleware.php(41): Illuminate\\Pipeline\\Pipeline->{closure:Illuminate\\Pipeline\\Pipeline::prepareDestination():178}()
#27 /home/zein/surat-ibrahimy/vendor/laravel/framework/src/Illuminate/Pipeline/Pipeline.php(219): Spatie\\Permission\\Middleware\\PermissionMiddleware->handle()
#28 /home/zein/surat-ibrahimy/vendor/laravel/framework/src/Illuminate/Auth/Middleware/EnsureEmailIsVerified.php(41): Illuminate\\Pipeline\\Pipeline->{closure:{closure:Illuminate\\Pipeline\\Pipeline::carry():194}:195}()
#29 /home/zein/surat-ibrahimy/vendor/laravel/framework/src/Illuminate/Pipeline/Pipeline.php(219): Illuminate\\Auth\\Middleware\\EnsureEmailIsVerified->handle()
#30 /home/zein/surat-ibrahimy/vendor/laravel/framework/src/Illuminate/Http/Middleware/AddLinkHeadersForPreloadedAssets.php(32): Illuminate\\Pipeline\\Pipeline->{closure:{closure:Illuminate\\Pipeline\\Pipeline::carry():194}:195}()
#31 /home/zein/surat-ibrahimy/vendor/laravel/framework/src/Illuminate/Pipeline/Pipeline.php(219): Illuminate\\Http\\Middleware\\AddLinkHeadersForPreloadedAssets->handle()
#32 /home/zein/surat-ibrahimy/app/Http/Middleware/HandleAppearance.php(21): Illuminate\\Pipeline\\Pipeline->{closure:{closure:Illuminate\\Pipeline\\Pipeline::carry():194}:195}()
#33 /home/zein/surat-ibrahimy/vendor/laravel/framework/src/Illuminate/Pipeline/Pipeline.php(219): App\\Http\\Middleware\\HandleAppearance->handle()
#34 /home/zein/surat-ibrahimy/vendor/laravel/framework/src/Illuminate/Routing/Middleware/SubstituteBindings.php(52): Illuminate\\Pipeline\\Pipeline->{closure:{closure:Illuminate\\Pipeline\\Pipeline::carry():194}:195}()
#35 /home/zein/surat-ibrahimy/vendor/laravel/framework/src/Illuminate/Pipeline/Pipeline.php(219): Illuminate\\Routing\\Middleware\\SubstituteBindings->handle()
#36 /home/zein/surat-ibrahimy/vendor/laravel/framework/src/Illuminate/Auth/Middleware/Authenticate.php(63): Illuminate\\Pipeline\\Pipeline->{closure:{closure:Illuminate\\Pipeline\\Pipeline::carry():194}:195}()
#37 /home/zein/surat-ibrahimy/vendor/laravel/framework/src/Illuminate/Pipeline/Pipeline.php(219): Illuminate\\Auth\\Middleware\\Authenticate->handle()
#38 /home/zein/surat-ibrahimy/vendor/laravel/framework/src/Illuminate/Foundation/Http/Middleware/PreventRequestForgery.php(104): Illuminate\\Pipeline\\Pipeline->{closure:{closure:Illuminate\\Pipeline\\Pipeline::carry():194}:195}()
#39 /home/zein/surat-ibrahimy/vendor/laravel/framework/src/Illuminate/Pipeline/Pipeline.php(219): Illuminate\\Foundation\\Http\\Middleware\\PreventRequestForgery->handle()
#40 /home/zein/surat-ibrahimy/vendor/laravel/framework/src/Illuminate/View/Middleware/ShareErrorsFromSession.php(48): Illuminate\\Pipeline\\Pipeline->{closure:{closure:Illuminate\\Pipeline\\Pipeline::carry():194}:195}()
#41 /home/zein/surat-ibrahimy/vendor/laravel/framework/src/Illuminate/Pipeline/Pipeline.php(219): Illuminate\\View\\Middleware\\ShareErrorsFromSession->handle()
#42 /home/zein/surat-ibrahimy/vendor/inertiajs/inertia-laravel/src/Middleware.php(138): Illuminate\\Pipeline\\Pipeline->{closure:{closure:Illuminate\\Pipeline\\Pipeline::carry():194}:195}()
#43 /home/zein/surat-ibrahimy/vendor/laravel/framework/src/Illuminate/Pipeline/Pipeline.php(219): Inertia\\Middleware->handle()
#44 /home/zein/surat-ibrahimy/vendor/laravel/framework/src/Illuminate/Session/Middleware/StartSession.php(120): Illuminate\\Pipeline\\Pipeline->{closure:{closure:Illuminate\\Pipeline\\Pipeline::carry():194}:195}()
#45 /home/zein/surat-ibrahimy/vendor/laravel/framework/src/Illuminate/Session/Middleware/StartSession.php(63): Illuminate\\Session\\Middleware\\StartSession->handleStatefulRequest()
#46 /home/zein/surat-ibrahimy/vendor/laravel/framework/src/Illuminate/Pipeline/Pipeline.php(219): Illuminate\\Session\\Middleware\\StartSession->handle()
#47 /home/zein/surat-ibrahimy/vendor/laravel/framework/src/Illuminate/Cookie/Middleware/AddQueuedCookiesToResponse.php(36): Illuminate\\Pipeline\\Pipeline->{closure:{closure:Illuminate\\Pipeline\\Pipeline::carry():194}:195}()
#48 /home/zein/surat-ibrahimy/vendor/laravel/framework/src/Illuminate/Pipeline/Pipeline.php(219): Illuminate\\Cookie\\Middleware\\AddQueuedCookiesToResponse->handle()
#49 /home/zein/surat-ibrahimy/vendor/laravel/framework/src/Illuminate/Cookie/Middleware/EncryptCookies.php(74): Illuminate\\Pipeline\\Pipeline->{closure:{closure:Illuminate\\Pipeline\\Pipeline::carry():194}:195}()
#50 /home/zein/surat-ibrahimy/vendor/laravel/framework/src/Illuminate/Pipeline/Pipeline.php(219): Illuminate\\Cookie\\Middleware\\EncryptCookies->handle()
#51 /home/zein/surat-ibrahimy/vendor/laravel/framework/src/Illuminate/Pipeline/Pipeline.php(137): Illuminate\\Pipeline\\Pipeline->{closure:{closure:Illuminate\\Pipeline\\Pipeline::carry():194}:195}()
#52 /home/zein/surat-ibrahimy/vendor/laravel/framework/src/Illuminate/Routing/Router.php(821): Illuminate\\Pipeline\\Pipeline->then()
#53 /home/zein/surat-ibrahimy/vendor/laravel/framework/src/Illuminate/Routing/Router.php(800): Illuminate\\Routing\\Router->runRouteWithinStack()
#54 /home/zein/surat-ibrahimy/vendor/laravel/framework/src/Illuminate/Routing/Router.php(764): Illuminate\\Routing\\Router->runRoute()
#55 /home/zein/surat-ibrahimy/vendor/laravel/framework/src/Illuminate/Routing/Router.php(753): Illuminate\\Routing\\Router->dispatchToRoute()
#56 /home/zein/surat-ibrahimy/vendor/laravel/framework/src/Illuminate/Foundation/Http/Kernel.php(200): Illuminate\\Routing\\Router->dispatch()
#57 /home/zein/surat-ibrahimy/vendor/laravel/framework/src/Illuminate/Pipeline/Pipeline.php(180): Illuminate\\Foundation\\Http\\Kernel->{closure:Illuminate\\Foundation\\Http\\Kernel::dispatchToRouter():197}()
#58 /home/zein/surat-ibrahimy/vendor/laravel/framework/src/Illuminate/Foundation/Http/Middleware/TransformsRequest.php(21): Illuminate\\Pipeline\\Pipeline->{closure:Illuminate\\Pipeline\\Pipeline::prepareDestination():178}()
#59 /home/zein/surat-ibrahimy/vendor/laravel/framework/src/Illuminate/Foundation/Http/Middleware/ConvertEmptyStringsToNull.php(31): Illuminate\\Foundation\\Http\\Middleware\\TransformsRequest->handle()
#60 /home/zein/surat-ibrahimy/vendor/laravel/framework/src/Illuminate/Pipeline/Pipeline.php(219): Illuminate\\Foundation\\Http\\Middleware\\ConvertEmptyStringsToNull->handle()
#61 /home/zein/surat-ibrahimy/vendor/laravel/framework/src/Illuminate/Foundation/Http/Middleware/TransformsRequest.php(21): Illuminate\\Pipeline\\Pipeline->{closure:{closure:Illuminate\\Pipeline\\Pipeline::carry():194}:195}()
#62 /home/zein/surat-ibrahimy/vendor/laravel/framework/src/Illuminate/Foundation/Http/Middleware/TrimStrings.php(51): Illuminate\\Foundation\\Http\\Middleware\\TransformsRequest->handle()
#63 /home/zein/surat-ibrahimy/vendor/laravel/framework/src/Illuminate/Pipeline/Pipeline.php(219): Illuminate\\Foundation\\Http\\Middleware\\TrimStrings->handle()
#64 /home/zein/surat-ibrahimy/vendor/laravel/framework/src/Illuminate/Http/Middleware/ValidatePostSize.php(27): Illuminate\\Pipeline\\Pipeline->{closure:{closure:Illuminate\\Pipeline\\Pipeline::carry():194}:195}()
#65 /home/zein/surat-ibrahimy/vendor/laravel/framework/src/Illuminate/Pipeline/Pipeline.php(219): Illuminate\\Http\\Middleware\\ValidatePostSize->handle()
#66 /home/zein/surat-ibrahimy/vendor/laravel/framework/src/Illuminate/Foundation/Http/Middleware/PreventRequestsDuringMaintenance.php(109): Illuminate\\Pipeline\\Pipeline->{closure:{closure:Illuminate\\Pipeline\\Pipeline::carry():194}:195}()
#67 /home/zein/surat-ibrahimy/vendor/laravel/framework/src/Illuminate/Pipeline/Pipeline.php(219): Illuminate\\Foundation\\Http\\Middleware\\PreventRequestsDuringMaintenance->handle()
#68 /home/zein/surat-ibrahimy/vendor/laravel/framework/src/Illuminate/Http/Middleware/HandleCors.php(61): Illuminate\\Pipeline\\Pipeline->{closure:{closure:Illuminate\\Pipeline\\Pipeline::carry():194}:195}()
#69 /home/zein/surat-ibrahimy/vendor/laravel/framework/src/Illuminate/Pipeline/Pipeline.php(219): Illuminate\\Http\\Middleware\\HandleCors->handle()
#70 /home/zein/surat-ibrahimy/vendor/laravel/framework/src/Illuminate/Http/Middleware/TrustProxies.php(58): Illuminate\\Pipeline\\Pipeline->{closure:{closure:Illuminate\\Pipeline\\Pipeline::carry():194}:195}()
#71 /home/zein/surat-ibrahimy/vendor/laravel/framework/src/Illuminate/Pipeline/Pipeline.php(219): Illuminate\\Http\\Middleware\\TrustProxies->handle()
#72 /home/zein/surat-ibrahimy/vendor/laravel/framework/src/Illuminate/Foundation/Http/Middleware/InvokeDeferredCallbacks.php(22): Illuminate\\Pipeline\\Pipeline->{closure:{closure:Illuminate\\Pipeline\\Pipeline::carry():194}:195}()
#73 /home/zein/surat-ibrahimy/vendor/laravel/framework/src/Illuminate/Pipeline/Pipeline.php(219): Illuminate\\Foundation\\Http\\Middleware\\InvokeDeferredCallbacks->handle()
#74 /home/zein/surat-ibrahimy/vendor/laravel/framework/src/Illuminate/Http/Middleware/ValidatePathEncoding.php(28): Illuminate\\Pipeline\\Pipeline->{closure:{closure:Illuminate\\Pipeline\\Pipeline::carry():194}:195}()
#75 /home/zein/surat-ibrahimy/vendor/laravel/framework/src/Illuminate/Pipeline/Pipeline.php(219): Illuminate\\Http\\Middleware\\ValidatePathEncoding->handle()
#76 /home/zein/surat-ibrahimy/vendor/laravel/framework/src/Illuminate/Pipeline/Pipeline.php(137): Illuminate\\Pipeline\\Pipeline->{closure:{closure:Illuminate\\Pipeline\\Pipeline::carry():194}:195}()
#77 /home/zein/surat-ibrahimy/vendor/laravel/framework/src/Illuminate/Foundation/Http/Kernel.php(175): Illuminate\\Pipeline\\Pipeline->then()
#78 /home/zein/surat-ibrahimy/vendor/laravel/framework/src/Illuminate/Foundation/Http/Kernel.php(144): Illuminate\\Foundation\\Http\\Kernel->sendRequestThroughRouter()
#79 /home/zein/surat-ibrahimy/vendor/laravel/framework/src/Illuminate/Foundation/Testing/Concerns/MakesHttpRequests.php(607): Illuminate\\Foundation\\Http\\Kernel->handle()
#80 /home/zein/surat-ibrahimy/vendor/laravel/framework/src/Illuminate/Foundation/Testing/Concerns/MakesHttpRequests.php(397): Illuminate\\Foundation\\Testing\\TestCase->call()
#81 /home/zein/surat-ibrahimy/tests/Feature/SuratMasukTest.php(35): Illuminate\\Foundation\\Testing\\TestCase->post()
#82 /home/zein/surat-ibrahimy/vendor/phpunit/phpunit/src/Framework/TestCase.php(1332): Tests\\Feature\\SuratMasukTest->test_admin_dapat_mencatat_surat_masuk()
#83 /home/zein/surat-ibrahimy/vendor/phpunit/phpunit/src/Framework/TestCase.php(519): PHPUnit\\Framework\\TestCase->runTest()
#84 /home/zein/surat-ibrahimy/vendor/phpunit/phpunit/src/Framework/TestRunner/TestRunner.php(99): PHPUnit\\Framework\\TestCase->runBare()
#85 /home/zein/surat-ibrahimy/vendor/phpunit/phpunit/src/Framework/TestCase.php(359): PHPUnit\\Framework\\TestRunner->run()
#86 /home/zein/surat-ibrahimy/vendor/phpunit/phpunit/src/Framework/TestSuite.php(374): PHPUnit\\Framework\\TestCase->run()
#87 /home/zein/surat-ibrahimy/vendor/phpunit/phpunit/src/Framework/TestSuite.php(374): PHPUnit\\Framework\\TestSuite->run()
#88 /home/zein/surat-ibrahimy/vendor/phpunit/phpunit/src/Framework/TestSuite.php(374): PHPUnit\\Framework\\TestSuite->run()
#89 /home/zein/surat-ibrahimy/vendor/phpunit/phpunit/src/TextUI/TestRunner.php(64): PHPUnit\\Framework\\TestSuite->run()
#90 /home/zein/surat-ibrahimy/vendor/phpunit/phpunit/src/TextUI/Application.php(229): PHPUnit\\TextUI\\TestRunner->run()
#91 /home/zein/surat-ibrahimy/vendor/phpunit/phpunit/phpunit(104): PHPUnit\\TextUI\\Application->run()
#92 {main}
"} 
[2026-08-08 07:08:31] local.ERROR: Undefined array key "avatar" {"userId":1,"exception":"[object] (ErrorException(code: 0): Undefined array key \"avatar\" at /var/www/html/app/Models/User.php:34)
[stacktrace]
#0 /var/www/html/vendor/laravel/framework/src/Illuminate/Foundation/Bootstrap/HandleExceptions.php(258): Illuminate\\Foundation\\Bootstrap\\HandleExceptions->handleError()
#1 /var/www/html/app/Models/User.php(34): Illuminate\\Foundation\\Bootstrap\\HandleExceptions->{closure:Illuminate\\Foundation\\Bootstrap\\HandleExceptions::forwardsTo():257}()
#2 /var/www/html/vendor/laravel/framework/src/Illuminate/Database/Eloquent/Concerns/HasAttributes.php(733): App\\Models\\User->getAvatarUrlAttribute()
#3 /var/www/html/vendor/laravel/framework/src/Illuminate/Database/Eloquent/Concerns/HasAttributes.php(785): Illuminate\\Database\\Eloquent\\Model->mutateAttribute()
#4 /var/www/html/vendor/laravel/framework/src/Illuminate/Database/Eloquent/Concerns/HasAttributes.php(251): Illuminate\\Database\\Eloquent\\Model->mutateAttributeForArray()
#5 /var/www/html/vendor/laravel/framework/src/Illuminate/Database/Eloquent/Model.php(1925): Illuminate\\Database\\Eloquent\\Model->attributesToArray()
#6 [internal function]: Illuminate\\Database\\Eloquent\\Model->{closure:Illuminate\\Database\\Eloquent\\Model::toArray():1925}()
#7 /var/www/html/vendor/laravel/framework/src/Illuminate/Database/Eloquent/Concerns/PreventsCircularRecursion.php(46): call_user_func()
#8 /var/www/html/vendor/laravel/framework/src/Illuminate/Database/Eloquent/Model.php(1924): Illuminate\\Database\\Eloquent\\Model->withoutRecursion()
#9 /var/www/html/vendor/laravel/framework/src/Illuminate/Collections/Traits/EnumeratesValues.php(978): Illuminate\\Database\\Eloquent\\Model->toArray()
#10 [internal function]: Illuminate\\Support\\Collection->{closure:Illuminate\\Support\\Traits\\EnumeratesValues::toArray():978}()
#11 /var/www/html/vendor/laravel/framework/src/Illuminate/Collections/Arr.php(841): array_map()
#12 /var/www/html/vendor/laravel/framework/src/Illuminate/Collections/Collection.php(815): Illuminate\\Support\\Arr::map()
#13 /var/www/html/vendor/laravel/framework/src/Illuminate/Database/Eloquent/Collection.php(421): Illuminate\\Support\\Collection->map()
#14 /var/www/html/vendor/laravel/framework/src/Illuminate/Collections/Traits/EnumeratesValues.php(978): Illuminate\\Database\\Eloquent\\Collection->map()
#15 /var/www/html/vendor/inertiajs/inertia-laravel/src/PropsResolver.php(429): Illuminate\\Support\\Collection->toArray()
#16 /var/www/html/vendor/inertiajs/inertia-laravel/src/PropsResolver.php(262): Inertia\\PropsResolver->resolveValue()
#17 /var/www/html/vendor/inertiajs/inertia-laravel/src/PropsResolver.php(158): Inertia\\PropsResolver->resolveProps()
#18 /var/www/html/vendor/inertiajs/inertia-laravel/src/Response.php(189): Inertia\\PropsResolver->resolve()
#19 /var/www/html/vendor/laravel/framework/src/Illuminate/Routing/Router.php(921): Inertia\\Response->toResponse()
#20 /var/www/html/vendor/laravel/framework/src/Illuminate/Routing/Router.php(906): Illuminate\\Routing\\Router::toResponse()
#21 /var/www/html/vendor/laravel/framework/src/Illuminate/Routing/Router.php(821): Illuminate\\Routing\\Router->prepareResponse()
#22 /var/www/html/vendor/laravel/framework/src/Illuminate/Pipeline/Pipeline.php(180): Illuminate\\Routing\\Router->{closure:Illuminate\\Routing\\Router::runRouteWithinStack():821}()
#23 /var/www/html/vendor/spatie/laravel-permission/src/Middleware/PermissionMiddleware.php(41): Illuminate\\Pipeline\\Pipeline->{closure:Illuminate\\Pipeline\\Pipeline::prepareDestination():178}()
#24 /var/www/html/vendor/laravel/framework/src/Illuminate/Pipeline/Pipeline.php(219): Spatie\\Permission\\Middleware\\PermissionMiddleware->handle()
#25 /var/www/html/vendor/laravel/framework/src/Illuminate/Auth/Middleware/EnsureEmailIsVerified.php(41): Illuminate\\Pipeline\\Pipeline->{closure:{closure:Illuminate\\Pipeline\\Pipeline::carry():194}:195}()
#26 /var/www/html/vendor/laravel/framework/src/Illuminate/Pipeline/Pipeline.php(219): Illuminate\\Auth\\Middleware\\EnsureEmailIsVerified->handle()
#27 /var/www/html/vendor/laravel/framework/src/Illuminate/Http/Middleware/AddLinkHeadersForPreloadedAssets.php(32): Illuminate\\Pipeline\\Pipeline->{closure:{closure:Illuminate\\Pipeline\\Pipeline::carry():194}:195}()
#28 /var/www/html/vendor/laravel/framework/src/Illuminate/Pipeline/Pipeline.php(219): Illuminate\\Http\\Middleware\\AddLinkHeadersForPreloadedAssets->handle()
#29 /var/www/html/vendor/inertiajs/inertia-laravel/src/Middleware.php(138): Illuminate\\Pipeline\\Pipeline->{closure:{closure:Illuminate\\Pipeline\\Pipeline::carry():194}:195}()
#30 /var/www/html/vendor/laravel/framework/src/Illuminate/Pipeline/Pipeline.php(219): Inertia\\Middleware->handle()
#31 /var/www/html/app/Http/Middleware/HandleAppearance.php(21): Illuminate\\Pipeline\\Pipeline->{closure:{closure:Illuminate\\Pipeline\\Pipeline::carry():194}:195}()
#32 /var/www/html/vendor/laravel/framework/src/Illuminate/Pipeline/Pipeline.php(219): App\\Http\\Middleware\\HandleAppearance->handle()
#33 /var/www/html/vendor/laravel/framework/src/Illuminate/Routing/Middleware/SubstituteBindings.php(52): Illuminate\\Pipeline\\Pipeline->{closure:{closure:Illuminate\\Pipeline\\Pipeline::carry():194}:195}()
#34 /var/www/html/vendor/laravel/framework/src/Illuminate/Pipeline/Pipeline.php(219): Illuminate\\Routing\\Middleware\\SubstituteBindings->handle()
#35 /var/www/html/vendor/laravel/framework/src/Illuminate/Auth/Middleware/Authenticate.php(63): Illuminate\\Pipeline\\Pipeline->{closure:{closure:Illuminate\\Pipeline\\Pipeline::carry():194}:195}()
#36 /var/www/html/vendor/laravel/framework/src/Illuminate/Pipeline/Pipeline.php(219): Illuminate\\Auth\\Middleware\\Authenticate->handle()
#37 /var/www/html/vendor/laravel/framework/src/Illuminate/Foundation/Http/Middleware/PreventRequestForgery.php(104): Illuminate\\Pipeline\\Pipeline->{closure:{closure:Illuminate\\Pipeline\\Pipeline::carry():194}:195}()
#38 /var/www/html/vendor/laravel/framework/src/Illuminate/Pipeline/Pipeline.php(219): Illuminate\\Foundation\\Http\\Middleware\\PreventRequestForgery->handle()
#39 /var/www/html/vendor/laravel/framework/src/Illuminate/View/Middleware/ShareErrorsFromSession.php(48): Illuminate\\Pipeline\\Pipeline->{closure:{closure:Illuminate\\Pipeline\\Pipeline::carry():194}:195}()
#40 /var/www/html/vendor/laravel/framework/src/Illuminate/Pipeline/Pipeline.php(219): Illuminate\\View\\Middleware\\ShareErrorsFromSession->handle()
#41 /var/www/html/vendor/laravel/framework/src/Illuminate/Session/Middleware/StartSession.php(120): Illuminate\\Pipeline\\Pipeline->{closure:{closure:Illuminate\\Pipeline\\Pipeline::carry():194}:195}()
#42 /var/www/html/vendor/laravel/framework/src/Illuminate/Session/Middleware/StartSession.php(63): Illuminate\\Session\\Middleware\\StartSession->handleStatefulRequest()
#43 /var/www/html/vendor/laravel/framework/src/Illuminate/Pipeline/Pipeline.php(219): Illuminate\\Session\\Middleware\\StartSession->handle()
#44 /var/www/html/vendor/laravel/framework/src/Illuminate/Cookie/Middleware/AddQueuedCookiesToResponse.php(36): Illuminate\\Pipeline\\Pipeline->{closure:{closure:Illuminate\\Pipeline\\Pipeline::carry():194}:195}()
#45 /var/www/html/vendor/laravel/framework/src/Illuminate/Pipeline/Pipeline.php(219): Illuminate\\Cookie\\Middleware\\AddQueuedCookiesToResponse->handle()
#46 /var/www/html/vendor/laravel/framework/src/Illuminate/Cookie/Middleware/EncryptCookies.php(74): Illuminate\\Pipeline\\Pipeline->{closure:{closure:Illuminate\\Pipeline\\Pipeline::carry():194}:195}()
#47 /var/www/html/vendor/laravel/framework/src/Illuminate/Pipeline/Pipeline.php(219): Illuminate\\Cookie\\Middleware\\EncryptCookies->handle()
#48 /var/www/html/vendor/laravel/framework/src/Illuminate/Pipeline/Pipeline.php(137): Illuminate\\Pipeline\\Pipeline->{closure:{closure:Illuminate\\Pipeline\\Pipeline::carry():194}:195}()
#49 /var/www/html/vendor/laravel/framework/src/Illuminate/Routing/Router.php(821): Illuminate\\Pipeline\\Pipeline->then()
#50 /var/www/html/vendor/laravel/framework/src/Illuminate/Routing/Router.php(800): Illuminate\\Routing\\Router->runRouteWithinStack()
#51 /var/www/html/vendor/laravel/framework/src/Illuminate/Routing/Router.php(764): Illuminate\\Routing\\Router->runRoute()
#52 /var/www/html/vendor/laravel/framework/src/Illuminate/Routing/Router.php(753): Illuminate\\Routing\\Router->dispatchToRoute()
#53 /var/www/html/vendor/laravel/framework/src/Illuminate/Foundation/Http/Kernel.php(200): Illuminate\\Routing\\Router->dispatch()
#54 /var/www/html/vendor/laravel/framework/src/Illuminate/Pipeline/Pipeline.php(180): Illuminate\\Foundation\\Http\\Kernel->{closure:Illuminate\\Foundation\\Http\\Kernel::dispatchToRouter():197}()
#55 /var/www/html/vendor/laravel/framework/src/Illuminate/Foundation/Http/Middleware/TransformsRequest.php(21): Illuminate\\Pipeline\\Pipeline->{closure:Illuminate\\Pipeline\\Pipeline::prepareDestination():178}()
#56 /var/www/html/vendor/laravel/framework/src/Illuminate/Foundation/Http/Middleware/ConvertEmptyStringsToNull.php(31): Illuminate\\Foundation\\Http\\Middleware\\TransformsRequest->handle()
#57 /var/www/html/vendor/laravel/framework/src/Illuminate/Pipeline/Pipeline.php(219): Illuminate\\Foundation\\Http\\Middleware\\ConvertEmptyStringsToNull->handle()
#58 /var/www/html/vendor/laravel/framework/src/Illuminate/Foundation/Http/Middleware/TransformsRequest.php(21): Illuminate\\Pipeline\\Pipeline->{closure:{closure:Illuminate\\Pipeline\\Pipeline::carry():194}:195}()
#59 /var/www/html/vendor/laravel/framework/src/Illuminate/Foundation/Http/Middleware/TrimStrings.php(51): Illuminate\\Foundation\\Http\\Middleware\\TransformsRequest->handle()
#60 /var/www/html/vendor/laravel/framework/src/Illuminate/Pipeline/Pipeline.php(219): Illuminate\\Foundation\\Http\\Middleware\\TrimStrings->handle()
#61 /var/www/html/vendor/laravel/framework/src/Illuminate/Http/Middleware/ValidatePostSize.php(27): Illuminate\\Pipeline\\Pipeline->{closure:{closure:Illuminate\\Pipeline\\Pipeline::carry():194}:195}()
#62 /var/www/html/vendor/laravel/framework/src/Illuminate/Pipeline/Pipeline.php(219): Illuminate\\Http\\Middleware\\ValidatePostSize->handle()
#63 /var/www/html/vendor/laravel/framework/src/Illuminate/Foundation/Http/Middleware/PreventRequestsDuringMaintenance.php(109): Illuminate\\Pipeline\\Pipeline->{closure:{closure:Illuminate\\Pipeline\\Pipeline::carry():194}:195}()
#64 /var/www/html/vendor/laravel/framework/src/Illuminate/Pipeline/Pipeline.php(219): Illuminate\\Foundation\\Http\\Middleware\\PreventRequestsDuringMaintenance->handle()
#65 /var/www/html/vendor/laravel/framework/src/Illuminate/Http/Middleware/HandleCors.php(61): Illuminate\\Pipeline\\Pipeline->{closure:{closure:Illuminate\\Pipeline\\Pipeline::carry():194}:195}()
#66 /var/www/html/vendor/laravel/framework/src/Illuminate/Pipeline/Pipeline.php(219): Illuminate\\Http\\Middleware\\HandleCors->handle()
#67 /var/www/html/vendor/laravel/framework/src/Illuminate/Http/Middleware/TrustProxies.php(58): Illuminate\\Pipeline\\Pipeline->{closure:{closure:Illuminate\\Pipeline\\Pipeline::carry():194}:195}()
#68 /var/www/html/vendor/laravel/framework/src/Illuminate/Pipeline/Pipeline.php(219): Illuminate\\Http\\Middleware\\TrustProxies->handle()
#69 /var/www/html/vendor/laravel/framework/src/Illuminate/Foundation/Http/Middleware/InvokeDeferredCallbacks.php(22): Illuminate\\Pipeline\\Pipeline->{closure:{closure:Illuminate\\Pipeline\\Pipeline::carry():194}:195}()
#70 /var/www/html/vendor/laravel/framework/src/Illuminate/Pipeline/Pipeline.php(219): Illuminate\\Foundation\\Http\\Middleware\\InvokeDeferredCallbacks->handle()
#71 /var/www/html/vendor/laravel/framework/src/Illuminate/Http/Middleware/ValidatePathEncoding.php(28): Illuminate\\Pipeline\\Pipeline->{closure:{closure:Illuminate\\Pipeline\\Pipeline::carry():194}:195}()
#72 /var/www/html/vendor/laravel/framework/src/Illuminate/Pipeline/Pipeline.php(219): Illuminate\\Http\\Middleware\\ValidatePathEncoding->handle()
#73 /var/www/html/vendor/laravel/framework/src/Illuminate/Pipeline/Pipeline.php(137): Illuminate\\Pipeline\\Pipeline->{closure:{closure:Illuminate\\Pipeline\\Pipeline::carry():194}:195}()
#74 /var/www/html/vendor/laravel/framework/src/Illuminate/Foundation/Http/Kernel.php(175): Illuminate\\Pipeline\\Pipeline->then()
#75 /var/www/html/vendor/laravel/framework/src/Illuminate/Foundation/Http/Kernel.php(144): Illuminate\\Foundation\\Http\\Kernel->sendRequestThroughRouter()
#76 /var/www/html/vendor/laravel/framework/src/Illuminate/Foundation/Application.php(1220): Illuminate\\Foundation\\Http\\Kernel->handle()
#77 /var/www/html/public/index.php(20): Illuminate\\Foundation\\Application->handleRequest()
#78 /var/www/html/vendor/laravel/framework/src/Illuminate/Foundation/resources/server.php(23): require_once('...')
#79 {main}
"} 
[2026-08-08 07:08:46] local.ERROR: Undefined array key "avatar" {"userId":1,"exception":"[object] (ErrorException(code: 0): Undefined array key \"avatar\" at /var/www/html/app/Models/User.php:34)
[stacktrace]
#0 /var/www/html/vendor/laravel/framework/src/Illuminate/Foundation/Bootstrap/HandleExceptions.php(258): Illuminate\\Foundation\\Bootstrap\\HandleExceptions->handleError()
#1 /var/www/html/app/Models/User.php(34): Illuminate\\Foundation\\Bootstrap\\HandleExceptions->{closure:Illuminate\\Foundation\\Bootstrap\\HandleExceptions::forwardsTo():257}()
#2 /var/www/html/vendor/laravel/framework/src/Illuminate/Database/Eloquent/Concerns/HasAttributes.php(733): App\\Models\\User->getAvatarUrlAttribute()
#3 /var/www/html/vendor/laravel/framework/src/Illuminate/Database/Eloquent/Concerns/HasAttributes.php(785): Illuminate\\Database\\Eloquent\\Model->mutateAttribute()
#4 /var/www/html/vendor/laravel/framework/src/Illuminate/Database/Eloquent/Concerns/HasAttributes.php(251): Illuminate\\Database\\Eloquent\\Model->mutateAttributeForArray()
#5 /var/www/html/vendor/laravel/framework/src/Illuminate/Database/Eloquent/Model.php(1925): Illuminate\\Database\\Eloquent\\Model->attributesToArray()
#6 [internal function]: Illuminate\\Database\\Eloquent\\Model->{closure:Illuminate\\Database\\Eloquent\\Model::toArray():1925}()
#7 /var/www/html/vendor/laravel/framework/src/Illuminate/Database/Eloquent/Concerns/PreventsCircularRecursion.php(46): call_user_func()
#8 /var/www/html/vendor/laravel/framework/src/Illuminate/Database/Eloquent/Model.php(1924): Illuminate\\Database\\Eloquent\\Model->withoutRecursion()
#9 /var/www/html/vendor/laravel/framework/src/Illuminate/Collections/Traits/EnumeratesValues.php(978): Illuminate\\Database\\Eloquent\\Model->toArray()
#10 [internal function]: Illuminate\\Support\\Collection->{closure:Illuminate\\Support\\Traits\\EnumeratesValues::toArray():978}()
#11 /var/www/html/vendor/laravel/framework/src/Illuminate/Collections/Arr.php(841): array_map()
#12 /var/www/html/vendor/laravel/framework/src/Illuminate/Collections/Collection.php(815): Illuminate\\Support\\Arr::map()
#13 /var/www/html/vendor/laravel/framework/src/Illuminate/Database/Eloquent/Collection.php(421): Illuminate\\Support\\Collection->map()
#14 /var/www/html/vendor/laravel/framework/src/Illuminate/Collections/Traits/EnumeratesValues.php(978): Illuminate\\Database\\Eloquent\\Collection->map()
#15 /var/www/html/vendor/inertiajs/inertia-laravel/src/PropsResolver.php(429): Illuminate\\Support\\Collection->toArray()
#16 /var/www/html/vendor/inertiajs/inertia-laravel/src/PropsResolver.php(262): Inertia\\PropsResolver->resolveValue()
#17 /var/www/html/vendor/inertiajs/inertia-laravel/src/PropsResolver.php(158): Inertia\\PropsResolver->resolveProps()
#18 /var/www/html/vendor/inertiajs/inertia-laravel/src/Response.php(189): Inertia\\PropsResolver->resolve()
#19 /var/www/html/vendor/laravel/framework/src/Illuminate/Routing/Router.php(921): Inertia\\Response->toResponse()
#20 /var/www/html/vendor/laravel/framework/src/Illuminate/Routing/Router.php(906): Illuminate\\Routing\\Router::toResponse()
#21 /var/www/html/vendor/laravel/framework/src/Illuminate/Routing/Router.php(821): Illuminate\\Routing\\Router->prepareResponse()
#22 /var/www/html/vendor/laravel/framework/src/Illuminate/Pipeline/Pipeline.php(180): Illuminate\\Routing\\Router->{closure:Illuminate\\Routing\\Router::runRouteWithinStack():821}()
#23 /var/www/html/vendor/spatie/laravel-permission/src/Middleware/PermissionMiddleware.php(41): Illuminate\\Pipeline\\Pipeline->{closure:Illuminate\\Pipeline\\Pipeline::prepareDestination():178}()
#24 /var/www/html/vendor/laravel/framework/src/Illuminate/Pipeline/Pipeline.php(219): Spatie\\Permission\\Middleware\\PermissionMiddleware->handle()
#25 /var/www/html/vendor/laravel/framework/src/Illuminate/Auth/Middleware/EnsureEmailIsVerified.php(41): Illuminate\\Pipeline\\Pipeline->{closure:{closure:Illuminate\\Pipeline\\Pipeline::carry():194}:195}()
#26 /var/www/html/vendor/laravel/framework/src/Illuminate/Pipeline/Pipeline.php(219): Illuminate\\Auth\\Middleware\\EnsureEmailIsVerified->handle()
#27 /var/www/html/vendor/laravel/framework/src/Illuminate/Http/Middleware/AddLinkHeadersForPreloadedAssets.php(32): Illuminate\\Pipeline\\Pipeline->{closure:{closure:Illuminate\\Pipeline\\Pipeline::carry():194}:195}()
#28 /var/www/html/vendor/laravel/framework/src/Illuminate/Pipeline/Pipeline.php(219): Illuminate\\Http\\Middleware\\AddLinkHeadersForPreloadedAssets->handle()
#29 /var/www/html/vendor/inertiajs/inertia-laravel/src/Middleware.php(138): Illuminate\\Pipeline\\Pipeline->{closure:{closure:Illuminate\\Pipeline\\Pipeline::carry():194}:195}()
#30 /var/www/html/vendor/laravel/framework/src/Illuminate/Pipeline/Pipeline.php(219): Inertia\\Middleware->handle()
#31 /var/www/html/app/Http/Middleware/HandleAppearance.php(21): Illuminate\\Pipeline\\Pipeline->{closure:{closure:Illuminate\\Pipeline\\Pipeline::carry():194}:195}()
#32 /var/www/html/vendor/laravel/framework/src/Illuminate/Pipeline/Pipeline.php(219): App\\Http\\Middleware\\HandleAppearance->handle()
#33 /var/www/html/vendor/laravel/framework/src/Illuminate/Routing/Middleware/SubstituteBindings.php(52): Illuminate\\Pipeline\\Pipeline->{closure:{closure:Illuminate\\Pipeline\\Pipeline::carry():194}:195}()
#34 /var/www/html/vendor/laravel/framework/src/Illuminate/Pipeline/Pipeline.php(219): Illuminate\\Routing\\Middleware\\SubstituteBindings->handle()
#35 /var/www/html/vendor/laravel/framework/src/Illuminate/Auth/Middleware/Authenticate.php(63): Illuminate\\Pipeline\\Pipeline->{closure:{closure:Illuminate\\Pipeline\\Pipeline::carry():194}:195}()
#36 /var/www/html/vendor/laravel/framework/src/Illuminate/Pipeline/Pipeline.php(219): Illuminate\\Auth\\Middleware\\Authenticate->handle()
#37 /var/www/html/vendor/laravel/framework/src/Illuminate/Foundation/Http/Middleware/PreventRequestForgery.php(104): Illuminate\\Pipeline\\Pipeline->{closure:{closure:Illuminate\\Pipeline\\Pipeline::carry():194}:195}()
#38 /var/www/html/vendor/laravel/framework/src/Illuminate/Pipeline/Pipeline.php(219): Illuminate\\Foundation\\Http\\Middleware\\PreventRequestForgery->handle()
#39 /var/www/html/vendor/laravel/framework/src/Illuminate/View/Middleware/ShareErrorsFromSession.php(48): Illuminate\\Pipeline\\Pipeline->{closure:{closure:Illuminate\\Pipeline\\Pipeline::carry():194}:195}()
#40 /var/www/html/vendor/laravel/framework/src/Illuminate/Pipeline/Pipeline.php(219): Illuminate\\View\\Middleware\\ShareErrorsFromSession->handle()
#41 /var/www/html/vendor/laravel/framework/src/Illuminate/Session/Middleware/StartSession.php(120): Illuminate\\Pipeline\\Pipeline->{closure:{closure:Illuminate\\Pipeline\\Pipeline::carry():194}:195}()
#42 /var/www/html/vendor/laravel/framework/src/Illuminate/Session/Middleware/StartSession.php(63): Illuminate\\Session\\Middleware\\StartSession->handleStatefulRequest()
#43 /var/www/html/vendor/laravel/framework/src/Illuminate/Pipeline/Pipeline.php(219): Illuminate\\Session\\Middleware\\StartSession->handle()
#44 /var/www/html/vendor/laravel/framework/src/Illuminate/Cookie/Middleware/AddQueuedCookiesToResponse.php(36): Illuminate\\Pipeline\\Pipeline->{closure:{closure:Illuminate\\Pipeline\\Pipeline::carry():194}:195}()
#45 /var/www/html/vendor/laravel/framework/src/Illuminate/Pipeline/Pipeline.php(219): Illuminate\\Cookie\\Middleware\\AddQueuedCookiesToResponse->handle()
#46 /var/www/html/vendor/laravel/framework/src/Illuminate/Cookie/Middleware/EncryptCookies.php(74): Illuminate\\Pipeline\\Pipeline->{closure:{closure:Illuminate\\Pipeline\\Pipeline::carry():194}:195}()
#47 /var/www/html/vendor/laravel/framework/src/Illuminate/Pipeline/Pipeline.php(219): Illuminate\\Cookie\\Middleware\\EncryptCookies->handle()
#48 /var/www/html/vendor/laravel/framework/src/Illuminate/Pipeline/Pipeline.php(137): Illuminate\\Pipeline\\Pipeline->{closure:{closure:Illuminate\\Pipeline\\Pipeline::carry():194}:195}()
#49 /var/www/html/vendor/laravel/framework/src/Illuminate/Routing/Router.php(821): Illuminate\\Pipeline\\Pipeline->then()
#50 /var/www/html/vendor/laravel/framework/src/Illuminate/Routing/Router.php(800): Illuminate\\Routing\\Router->runRouteWithinStack()
#51 /var/www/html/vendor/laravel/framework/src/Illuminate/Routing/Router.php(764): Illuminate\\Routing\\Router->runRoute()
#52 /var/www/html/vendor/laravel/framework/src/Illuminate/Routing/Router.php(753): Illuminate\\Routing\\Router->dispatchToRoute()
#53 /var/www/html/vendor/laravel/framework/src/Illuminate/Foundation/Http/Kernel.php(200): Illuminate\\Routing\\Router->dispatch()
#54 /var/www/html/vendor/laravel/framework/src/Illuminate/Pipeline/Pipeline.php(180): Illuminate\\Foundation\\Http\\Kernel->{closure:Illuminate\\Foundation\\Http\\Kernel::dispatchToRouter():197}()
#55 /var/www/html/vendor/laravel/framework/src/Illuminate/Foundation/Http/Middleware/TransformsRequest.php(21): Illuminate\\Pipeline\\Pipeline->{closure:Illuminate\\Pipeline\\Pipeline::prepareDestination():178}()
#56 /var/www/html/vendor/laravel/framework/src/Illuminate/Foundation/Http/Middleware/ConvertEmptyStringsToNull.php(31): Illuminate\\Foundation\\Http\\Middleware\\TransformsRequest->handle()
#57 /var/www/html/vendor/laravel/framework/src/Illuminate/Pipeline/Pipeline.php(219): Illuminate\\Foundation\\Http\\Middleware\\ConvertEmptyStringsToNull->handle()
#58 /var/www/html/vendor/laravel/framework/src/Illuminate/Foundation/Http/Middleware/TransformsRequest.php(21): Illuminate\\Pipeline\\Pipeline->{closure:{closure:Illuminate\\Pipeline\\Pipeline::carry():194}:195}()
#59 /var/www/html/vendor/laravel/framework/src/Illuminate/Foundation/Http/Middleware/TrimStrings.php(51): Illuminate\\Foundation\\Http\\Middleware\\TransformsRequest->handle()
#60 /var/www/html/vendor/laravel/framework/src/Illuminate/Pipeline/Pipeline.php(219): Illuminate\\Foundation\\Http\\Middleware\\TrimStrings->handle()
#61 /var/www/html/vendor/laravel/framework/src/Illuminate/Http/Middleware/ValidatePostSize.php(27): Illuminate\\Pipeline\\Pipeline->{closure:{closure:Illuminate\\Pipeline\\Pipeline::carry():194}:195}()
#62 /var/www/html/vendor/laravel/framework/src/Illuminate/Pipeline/Pipeline.php(219): Illuminate\\Http\\Middleware\\ValidatePostSize->handle()
#63 /var/www/html/vendor/laravel/framework/src/Illuminate/Foundation/Http/Middleware/PreventRequestsDuringMaintenance.php(109): Illuminate\\Pipeline\\Pipeline->{closure:{closure:Illuminate\\Pipeline\\Pipeline::carry():194}:195}()
#64 /var/www/html/vendor/laravel/framework/src/Illuminate/Pipeline/Pipeline.php(219): Illuminate\\Foundation\\Http\\Middleware\\PreventRequestsDuringMaintenance->handle()
#65 /var/www/html/vendor/laravel/framework/src/Illuminate/Http/Middleware/HandleCors.php(61): Illuminate\\Pipeline\\Pipeline->{closure:{closure:Illuminate\\Pipeline\\Pipeline::carry():194}:195}()
#66 /var/www/html/vendor/laravel/framework/src/Illuminate/Pipeline/Pipeline.php(219): Illuminate\\Http\\Middleware\\HandleCors->handle()
#67 /var/www/html/vendor/laravel/framework/src/Illuminate/Http/Middleware/TrustProxies.php(58): Illuminate\\Pipeline\\Pipeline->{closure:{closure:Illuminate\\Pipeline\\Pipeline::carry():194}:195}()
#68 /var/www/html/vendor/laravel/framework/src/Illuminate/Pipeline/Pipeline.php(219): Illuminate\\Http\\Middleware\\TrustProxies->handle()
#69 /var/www/html/vendor/laravel/framework/src/Illuminate/Foundation/Http/Middleware/InvokeDeferredCallbacks.php(22): Illuminate\\Pipeline\\Pipeline->{closure:{closure:Illuminate\\Pipeline\\Pipeline::carry():194}:195}()
#70 /var/www/html/vendor/laravel/framework/src/Illuminate/Pipeline/Pipeline.php(219): Illuminate\\Foundation\\Http\\Middleware\\InvokeDeferredCallbacks->handle()
#71 /var/www/html/vendor/laravel/framework/src/Illuminate/Http/Middleware/ValidatePathEncoding.php(28): Illuminate\\Pipeline\\Pipeline->{closure:{closure:Illuminate\\Pipeline\\Pipeline::carry():194}:195}()
#72 /var/www/html/vendor/laravel/framework/src/Illuminate/Pipeline/Pipeline.php(219): Illuminate\\Http\\Middleware\\ValidatePathEncoding->handle()
#73 /var/www/html/vendor/laravel/framework/src/Illuminate/Pipeline/Pipeline.php(137): Illuminate\\Pipeline\\Pipeline->{closure:{closure:Illuminate\\Pipeline\\Pipeline::carry():194}:195}()
#74 /var/www/html/vendor/laravel/framework/src/Illuminate/Foundation/Http/Kernel.php(175): Illuminate\\Pipeline\\Pipeline->then()
#75 /var/www/html/vendor/laravel/framework/src/Illuminate/Foundation/Http/Kernel.php(144): Illuminate\\Foundation\\Http\\Kernel->sendRequestThroughRouter()
#76 /var/www/html/vendor/laravel/framework/src/Illuminate/Foundation/Application.php(1220): Illuminate\\Foundation\\Http\\Kernel->handle()
#77 /var/www/html/public/index.php(20): Illuminate\\Foundation\\Application->handleRequest()
#78 /var/www/html/vendor/laravel/framework/src/Illuminate/Foundation/resources/server.php(23): require_once('...')
#79 {main}
"} 
[2026-08-08 07:09:08] local.ERROR: Undefined array key "avatar" {"userId":1,"exception":"[object] (ErrorException(code: 0): Undefined array key \"avatar\" at /var/www/html/app/Models/User.php:34)
[stacktrace]
#0 /var/www/html/vendor/laravel/framework/src/Illuminate/Foundation/Bootstrap/HandleExceptions.php(258): Illuminate\\Foundation\\Bootstrap\\HandleExceptions->handleError()
#1 /var/www/html/app/Models/User.php(34): Illuminate\\Foundation\\Bootstrap\\HandleExceptions->{closure:Illuminate\\Foundation\\Bootstrap\\HandleExceptions::forwardsTo():257}()
#2 /var/www/html/vendor/laravel/framework/src/Illuminate/Database/Eloquent/Concerns/HasAttributes.php(733): App\\Models\\User->getAvatarUrlAttribute()
#3 /var/www/html/vendor/laravel/framework/src/Illuminate/Database/Eloquent/Concerns/HasAttributes.php(785): Illuminate\\Database\\Eloquent\\Model->mutateAttribute()
#4 /var/www/html/vendor/laravel/framework/src/Illuminate/Database/Eloquent/Concerns/HasAttributes.php(251): Illuminate\\Database\\Eloquent\\Model->mutateAttributeForArray()
#5 /var/www/html/vendor/laravel/framework/src/Illuminate/Database/Eloquent/Model.php(1925): Illuminate\\Database\\Eloquent\\Model->attributesToArray()
#6 [internal function]: Illuminate\\Database\\Eloquent\\Model->{closure:Illuminate\\Database\\Eloquent\\Model::toArray():1925}()
#7 /var/www/html/vendor/laravel/framework/src/Illuminate/Database/Eloquent/Concerns/PreventsCircularRecursion.php(46): call_user_func()
#8 /var/www/html/vendor/laravel/framework/src/Illuminate/Database/Eloquent/Model.php(1924): Illuminate\\Database\\Eloquent\\Model->withoutRecursion()
#9 /var/www/html/vendor/laravel/framework/src/Illuminate/Collections/Traits/EnumeratesValues.php(978): Illuminate\\Database\\Eloquent\\Model->toArray()
#10 [internal function]: Illuminate\\Support\\Collection->{closure:Illuminate\\Support\\Traits\\EnumeratesValues::toArray():978}()
#11 /var/www/html/vendor/laravel/framework/src/Illuminate/Collections/Arr.php(841): array_map()
#12 /var/www/html/vendor/laravel/framework/src/Illuminate/Collections/Collection.php(815): Illuminate\\Support\\Arr::map()
#13 /var/www/html/vendor/laravel/framework/src/Illuminate/Database/Eloquent/Collection.php(421): Illuminate\\Support\\Collection->map()
#14 /var/www/html/vendor/laravel/framework/src/Illuminate/Collections/Traits/EnumeratesValues.php(978): Illuminate\\Database\\Eloquent\\Collection->map()
#15 /var/www/html/vendor/inertiajs/inertia-laravel/src/PropsResolver.php(429): Illuminate\\Support\\Collection->toArray()
#16 /var/www/html/vendor/inertiajs/inertia-laravel/src/PropsResolver.php(262): Inertia\\PropsResolver->resolveValue()
#17 /var/www/html/vendor/inertiajs/inertia-laravel/src/PropsResolver.php(158): Inertia\\PropsResolver->resolveProps()
#18 /var/www/html/vendor/inertiajs/inertia-laravel/src/Response.php(189): Inertia\\PropsResolver->resolve()
#19 /var/www/html/vendor/laravel/framework/src/Illuminate/Routing/Router.php(921): Inertia\\Response->toResponse()
#20 /var/www/html/vendor/laravel/framework/src/Illuminate/Routing/Router.php(906): Illuminate\\Routing\\Router::toResponse()
#21 /var/www/html/vendor/laravel/framework/src/Illuminate/Routing/Router.php(821): Illuminate\\Routing\\Router->prepareResponse()
#22 /var/www/html/vendor/laravel/framework/src/Illuminate/Pipeline/Pipeline.php(180): Illuminate\\Routing\\Router->{closure:Illuminate\\Routing\\Router::runRouteWithinStack():821}()
#23 /var/www/html/vendor/spatie/laravel-permission/src/Middleware/PermissionMiddleware.php(41): Illuminate\\Pipeline\\Pipeline->{closure:Illuminate\\Pipeline\\Pipeline::prepareDestination():178}()
#24 /var/www/html/vendor/laravel/framework/src/Illuminate/Pipeline/Pipeline.php(219): Spatie\\Permission\\Middleware\\PermissionMiddleware->handle()
#25 /var/www/html/vendor/laravel/framework/src/Illuminate/Auth/Middleware/EnsureEmailIsVerified.php(41): Illuminate\\Pipeline\\Pipeline->{closure:{closure:Illuminate\\Pipeline\\Pipeline::carry():194}:195}()
#26 /var/www/html/vendor/laravel/framework/src/Illuminate/Pipeline/Pipeline.php(219): Illuminate\\Auth\\Middleware\\EnsureEmailIsVerified->handle()
#27 /var/www/html/vendor/laravel/framework/src/Illuminate/Http/Middleware/AddLinkHeadersForPreloadedAssets.php(32): Illuminate\\Pipeline\\Pipeline->{closure:{closure:Illuminate\\Pipeline\\Pipeline::carry():194}:195}()
#28 /var/www/html/vendor/laravel/framework/src/Illuminate/Pipeline/Pipeline.php(219): Illuminate\\Http\\Middleware\\AddLinkHeadersForPreloadedAssets->handle()
#29 /var/www/html/vendor/inertiajs/inertia-laravel/src/Middleware.php(138): Illuminate\\Pipeline\\Pipeline->{closure:{closure:Illuminate\\Pipeline\\Pipeline::carry():194}:195}()
#30 /var/www/html/vendor/laravel/framework/src/Illuminate/Pipeline/Pipeline.php(219): Inertia\\Middleware->handle()
#31 /var/www/html/app/Http/Middleware/HandleAppearance.php(21): Illuminate\\Pipeline\\Pipeline->{closure:{closure:Illuminate\\Pipeline\\Pipeline::carry():194}:195}()
#32 /var/www/html/vendor/laravel/framework/src/Illuminate/Pipeline/Pipeline.php(219): App\\Http\\Middleware\\HandleAppearance->handle()
#33 /var/www/html/vendor/laravel/framework/src/Illuminate/Routing/Middleware/SubstituteBindings.php(52): Illuminate\\Pipeline\\Pipeline->{closure:{closure:Illuminate\\Pipeline\\Pipeline::carry():194}:195}()
#34 /var/www/html/vendor/laravel/framework/src/Illuminate/Pipeline/Pipeline.php(219): Illuminate\\Routing\\Middleware\\SubstituteBindings->handle()
#35 /var/www/html/vendor/laravel/framework/src/Illuminate/Auth/Middleware/Authenticate.php(63): Illuminate\\Pipeline\\Pipeline->{closure:{closure:Illuminate\\Pipeline\\Pipeline::carry():194}:195}()
#36 /var/www/html/vendor/laravel/framework/src/Illuminate/Pipeline/Pipeline.php(219): Illuminate\\Auth\\Middleware\\Authenticate->handle()
#37 /var/www/html/vendor/laravel/framework/src/Illuminate/Foundation/Http/Middleware/PreventRequestForgery.php(104): Illuminate\\Pipeline\\Pipeline->{closure:{closure:Illuminate\\Pipeline\\Pipeline::carry():194}:195}()
#38 /var/www/html/vendor/laravel/framework/src/Illuminate/Pipeline/Pipeline.php(219): Illuminate\\Foundation\\Http\\Middleware\\PreventRequestForgery->handle()
#39 /var/www/html/vendor/laravel/framework/src/Illuminate/View/Middleware/ShareErrorsFromSession.php(48): Illuminate\\Pipeline\\Pipeline->{closure:{closure:Illuminate\\Pipeline\\Pipeline::carry():194}:195}()
#40 /var/www/html/vendor/laravel/framework/src/Illuminate/Pipeline/Pipeline.php(219): Illuminate\\View\\Middleware\\ShareErrorsFromSession->handle()
#41 /var/www/html/vendor/laravel/framework/src/Illuminate/Session/Middleware/StartSession.php(120): Illuminate\\Pipeline\\Pipeline->{closure:{closure:Illuminate\\Pipeline\\Pipeline::carry():194}:195}()
#42 /var/www/html/vendor/laravel/framework/src/Illuminate/Session/Middleware/StartSession.php(63): Illuminate\\Session\\Middleware\\StartSession->handleStatefulRequest()
#43 /var/www/html/vendor/laravel/framework/src/Illuminate/Pipeline/Pipeline.php(219): Illuminate\\Session\\Middleware\\StartSession->handle()
#44 /var/www/html/vendor/laravel/framework/src/Illuminate/Cookie/Middleware/AddQueuedCookiesToResponse.php(36): Illuminate\\Pipeline\\Pipeline->{closure:{closure:Illuminate\\Pipeline\\Pipeline::carry():194}:195}()
#45 /var/www/html/vendor/laravel/framework/src/Illuminate/Pipeline/Pipeline.php(219): Illuminate\\Cookie\\Middleware\\AddQueuedCookiesToResponse->handle()
#46 /var/www/html/vendor/laravel/framework/src/Illuminate/Cookie/Middleware/EncryptCookies.php(74): Illuminate\\Pipeline\\Pipeline->{closure:{closure:Illuminate\\Pipeline\\Pipeline::carry():194}:195}()
#47 /var/www/html/vendor/laravel/framework/src/Illuminate/Pipeline/Pipeline.php(219): Illuminate\\Cookie\\Middleware\\EncryptCookies->handle()
#48 /var/www/html/vendor/laravel/framework/src/Illuminate/Pipeline/Pipeline.php(137): Illuminate\\Pipeline\\Pipeline->{closure:{closure:Illuminate\\Pipeline\\Pipeline::carry():194}:195}()
#49 /var/www/html/vendor/laravel/framework/src/Illuminate/Routing/Router.php(821): Illuminate\\Pipeline\\Pipeline->then()
#50 /var/www/html/vendor/laravel/framework/src/Illuminate/Routing/Router.php(800): Illuminate\\Routing\\Router->runRouteWithinStack()
#51 /var/www/html/vendor/laravel/framework/src/Illuminate/Routing/Router.php(764): Illuminate\\Routing\\Router->runRoute()
#52 /var/www/html/vendor/laravel/framework/src/Illuminate/Routing/Router.php(753): Illuminate\\Routing\\Router->dispatchToRoute()
#53 /var/www/html/vendor/laravel/framework/src/Illuminate/Foundation/Http/Kernel.php(200): Illuminate\\Routing\\Router->dispatch()
#54 /var/www/html/vendor/laravel/framework/src/Illuminate/Pipeline/Pipeline.php(180): Illuminate\\Foundation\\Http\\Kernel->{closure:Illuminate\\Foundation\\Http\\Kernel::dispatchToRouter():197}()
#55 /var/www/html/vendor/laravel/framework/src/Illuminate/Foundation/Http/Middleware/TransformsRequest.php(21): Illuminate\\Pipeline\\Pipeline->{closure:Illuminate\\Pipeline\\Pipeline::prepareDestination():178}()
#56 /var/www/html/vendor/laravel/framework/src/Illuminate/Foundation/Http/Middleware/ConvertEmptyStringsToNull.php(31): Illuminate\\Foundation\\Http\\Middleware\\TransformsRequest->handle()
#57 /var/www/html/vendor/laravel/framework/src/Illuminate/Pipeline/Pipeline.php(219): Illuminate\\Foundation\\Http\\Middleware\\ConvertEmptyStringsToNull->handle()
#58 /var/www/html/vendor/laravel/framework/src/Illuminate/Foundation/Http/Middleware/TransformsRequest.php(21): Illuminate\\Pipeline\\Pipeline->{closure:{closure:Illuminate\\Pipeline\\Pipeline::carry():194}:195}()
#59 /var/www/html/vendor/laravel/framework/src/Illuminate/Foundation/Http/Middleware/TrimStrings.php(51): Illuminate\\Foundation\\Http\\Middleware\\TransformsRequest->handle()
#60 /var/www/html/vendor/laravel/framework/src/Illuminate/Pipeline/Pipeline.php(219): Illuminate\\Foundation\\Http\\Middleware\\TrimStrings->handle()
#61 /var/www/html/vendor/laravel/framework/src/Illuminate/Http/Middleware/ValidatePostSize.php(27): Illuminate\\Pipeline\\Pipeline->{closure:{closure:Illuminate\\Pipeline\\Pipeline::carry():194}:195}()
#62 /var/www/html/vendor/laravel/framework/src/Illuminate/Pipeline/Pipeline.php(219): Illuminate\\Http\\Middleware\\ValidatePostSize->handle()
#63 /var/www/html/vendor/laravel/framework/src/Illuminate/Foundation/Http/Middleware/PreventRequestsDuringMaintenance.php(109): Illuminate\\Pipeline\\Pipeline->{closure:{closure:Illuminate\\Pipeline\\Pipeline::carry():194}:195}()
#64 /var/www/html/vendor/laravel/framework/src/Illuminate/Pipeline/Pipeline.php(219): Illuminate\\Foundation\\Http\\Middleware\\PreventRequestsDuringMaintenance->handle()
#65 /var/www/html/vendor/laravel/framework/src/Illuminate/Http/Middleware/HandleCors.php(61): Illuminate\\Pipeline\\Pipeline->{closure:{closure:Illuminate\\Pipeline\\Pipeline::carry():194}:195}()
#66 /var/www/html/vendor/laravel/framework/src/Illuminate/Pipeline/Pipeline.php(219): Illuminate\\Http\\Middleware\\HandleCors->handle()
#67 /var/www/html/vendor/laravel/framework/src/Illuminate/Http/Middleware/TrustProxies.php(58): Illuminate\\Pipeline\\Pipeline->{closure:{closure:Illuminate\\Pipeline\\Pipeline::carry():194}:195}()
#68 /var/www/html/vendor/laravel/framework/src/Illuminate/Pipeline/Pipeline.php(219): Illuminate\\Http\\Middleware\\TrustProxies->handle()
#69 /var/www/html/vendor/laravel/framework/src/Illuminate/Foundation/Http/Middleware/InvokeDeferredCallbacks.php(22): Illuminate\\Pipeline\\Pipeline->{closure:{closure:Illuminate\\Pipeline\\Pipeline::carry():194}:195}()
#70 /var/www/html/vendor/laravel/framework/src/Illuminate/Pipeline/Pipeline.php(219): Illuminate\\Foundation\\Http\\Middleware\\InvokeDeferredCallbacks->handle()
#71 /var/www/html/vendor/laravel/framework/src/Illuminate/Http/Middleware/ValidatePathEncoding.php(28): Illuminate\\Pipeline\\Pipeline->{closure:{closure:Illuminate\\Pipeline\\Pipeline::carry():194}:195}()
#72 /var/www/html/vendor/laravel/framework/src/Illuminate/Pipeline/Pipeline.php(219): Illuminate\\Http\\Middleware\\ValidatePathEncoding->handle()
#73 /var/www/html/vendor/laravel/framework/src/Illuminate/Pipeline/Pipeline.php(137): Illuminate\\Pipeline\\Pipeline->{closure:{closure:Illuminate\\Pipeline\\Pipeline::carry():194}:195}()
#74 /var/www/html/vendor/laravel/framework/src/Illuminate/Foundation/Http/Kernel.php(175): Illuminate\\Pipeline\\Pipeline->then()
#75 /var/www/html/vendor/laravel/framework/src/Illuminate/Foundation/Http/Kernel.php(144): Illuminate\\Foundation\\Http\\Kernel->sendRequestThroughRouter()
#76 /var/www/html/vendor/laravel/framework/src/Illuminate/Foundation/Application.php(1220): Illuminate\\Foundation\\Http\\Kernel->handle()
#77 /var/www/html/public/index.php(20): Illuminate\\Foundation\\Application->handleRequest()
#78 /var/www/html/vendor/laravel/framework/src/Illuminate/Foundation/resources/server.php(23): require_once('...')
#79 {main}
"} 
[2026-08-08 07:09:10] local.ERROR: Undefined array key "avatar" {"userId":1,"exception":"[object] (ErrorException(code: 0): Undefined array key \"avatar\" at /var/www/html/app/Models/User.php:34)
[stacktrace]
#0 /var/www/html/vendor/laravel/framework/src/Illuminate/Foundation/Bootstrap/HandleExceptions.php(258): Illuminate\\Foundation\\Bootstrap\\HandleExceptions->handleError()
#1 /var/www/html/app/Models/User.php(34): Illuminate\\Foundation\\Bootstrap\\HandleExceptions->{closure:Illuminate\\Foundation\\Bootstrap\\HandleExceptions::forwardsTo():257}()
#2 /var/www/html/vendor/laravel/framework/src/Illuminate/Database/Eloquent/Concerns/HasAttributes.php(733): App\\Models\\User->getAvatarUrlAttribute()
#3 /var/www/html/vendor/laravel/framework/src/Illuminate/Database/Eloquent/Concerns/HasAttributes.php(785): Illuminate\\Database\\Eloquent\\Model->mutateAttribute()
#4 /var/www/html/vendor/laravel/framework/src/Illuminate/Database/Eloquent/Concerns/HasAttributes.php(251): Illuminate\\Database\\Eloquent\\Model->mutateAttributeForArray()
#5 /var/www/html/vendor/laravel/framework/src/Illuminate/Database/Eloquent/Model.php(1925): Illuminate\\Database\\Eloquent\\Model->attributesToArray()
#6 [internal function]: Illuminate\\Database\\Eloquent\\Model->{closure:Illuminate\\Database\\Eloquent\\Model::toArray():1925}()
#7 /var/www/html/vendor/laravel/framework/src/Illuminate/Database/Eloquent/Concerns/PreventsCircularRecursion.php(46): call_user_func()
#8 /var/www/html/vendor/laravel/framework/src/Illuminate/Database/Eloquent/Model.php(1924): Illuminate\\Database\\Eloquent\\Model->withoutRecursion()
#9 /var/www/html/vendor/laravel/framework/src/Illuminate/Collections/Traits/EnumeratesValues.php(978): Illuminate\\Database\\Eloquent\\Model->toArray()
#10 [internal function]: Illuminate\\Support\\Collection->{closure:Illuminate\\Support\\Traits\\EnumeratesValues::toArray():978}()
#11 /var/www/html/vendor/laravel/framework/src/Illuminate/Collections/Arr.php(841): array_map()
#12 /var/www/html/vendor/laravel/framework/src/Illuminate/Collections/Collection.php(815): Illuminate\\Support\\Arr::map()
#13 /var/www/html/vendor/laravel/framework/src/Illuminate/Database/Eloquent/Collection.php(421): Illuminate\\Support\\Collection->map()
#14 /var/www/html/vendor/laravel/framework/src/Illuminate/Collections/Traits/EnumeratesValues.php(978): Illuminate\\Database\\Eloquent\\Collection->map()
#15 /var/www/html/vendor/inertiajs/inertia-laravel/src/PropsResolver.php(429): Illuminate\\Support\\Collection->toArray()
#16 /var/www/html/vendor/inertiajs/inertia-laravel/src/PropsResolver.php(262): Inertia\\PropsResolver->resolveValue()
#17 /var/www/html/vendor/inertiajs/inertia-laravel/src/PropsResolver.php(158): Inertia\\PropsResolver->resolveProps()
#18 /var/www/html/vendor/inertiajs/inertia-laravel/src/Response.php(189): Inertia\\PropsResolver->resolve()
#19 /var/www/html/vendor/laravel/framework/src/Illuminate/Routing/Router.php(921): Inertia\\Response->toResponse()
#20 /var/www/html/vendor/laravel/framework/src/Illuminate/Routing/Router.php(906): Illuminate\\Routing\\Router::toResponse()
#21 /var/www/html/vendor/laravel/framework/src/Illuminate/Routing/Router.php(821): Illuminate\\Routing\\Router->prepareResponse()
#22 /var/www/html/vendor/laravel/framework/src/Illuminate/Pipeline/Pipeline.php(180): Illuminate\\Routing\\Router->{closure:Illuminate\\Routing\\Router::runRouteWithinStack():821}()
#23 /var/www/html/vendor/spatie/laravel-permission/src/Middleware/PermissionMiddleware.php(41): Illuminate\\Pipeline\\Pipeline->{closure:Illuminate\\Pipeline\\Pipeline::prepareDestination():178}()
#24 /var/www/html/vendor/laravel/framework/src/Illuminate/Pipeline/Pipeline.php(219): Spatie\\Permission\\Middleware\\PermissionMiddleware->handle()
#25 /var/www/html/vendor/laravel/framework/src/Illuminate/Auth/Middleware/EnsureEmailIsVerified.php(41): Illuminate\\Pipeline\\Pipeline->{closure:{closure:Illuminate\\Pipeline\\Pipeline::carry():194}:195}()
#26 /var/www/html/vendor/laravel/framework/src/Illuminate/Pipeline/Pipeline.php(219): Illuminate\\Auth\\Middleware\\EnsureEmailIsVerified->handle()
#27 /var/www/html/vendor/laravel/framework/src/Illuminate/Http/Middleware/AddLinkHeadersForPreloadedAssets.php(32): Illuminate\\Pipeline\\Pipeline->{closure:{closure:Illuminate\\Pipeline\\Pipeline::carry():194}:195}()
#28 /var/www/html/vendor/laravel/framework/src/Illuminate/Pipeline/Pipeline.php(219): Illuminate\\Http\\Middleware\\AddLinkHeadersForPreloadedAssets->handle()
#29 /var/www/html/vendor/inertiajs/inertia-laravel/src/Middleware.php(138): Illuminate\\Pipeline\\Pipeline->{closure:{closure:Illuminate\\Pipeline\\Pipeline::carry():194}:195}()
#30 /var/www/html/vendor/laravel/framework/src/Illuminate/Pipeline/Pipeline.php(219): Inertia\\Middleware->handle()
#31 /var/www/html/app/Http/Middleware/HandleAppearance.php(21): Illuminate\\Pipeline\\Pipeline->{closure:{closure:Illuminate\\Pipeline\\Pipeline::carry():194}:195}()
#32 /var/www/html/vendor/laravel/framework/src/Illuminate/Pipeline/Pipeline.php(219): App\\Http\\Middleware\\HandleAppearance->handle()
#33 /var/www/html/vendor/laravel/framework/src/Illuminate/Routing/Middleware/SubstituteBindings.php(52): Illuminate\\Pipeline\\Pipeline->{closure:{closure:Illuminate\\Pipeline\\Pipeline::carry():194}:195}()
#34 /var/www/html/vendor/laravel/framework/src/Illuminate/Pipeline/Pipeline.php(219): Illuminate\\Routing\\Middleware\\SubstituteBindings->handle()
#35 /var/www/html/vendor/laravel/framework/src/Illuminate/Auth/Middleware/Authenticate.php(63): Illuminate\\Pipeline\\Pipeline->{closure:{closure:Illuminate\\Pipeline\\Pipeline::carry():194}:195}()
#36 /var/www/html/vendor/laravel/framework/src/Illuminate/Pipeline/Pipeline.php(219): Illuminate\\Auth\\Middleware\\Authenticate->handle()
#37 /var/www/html/vendor/laravel/framework/src/Illuminate/Foundation/Http/Middleware/PreventRequestForgery.php(104): Illuminate\\Pipeline\\Pipeline->{closure:{closure:Illuminate\\Pipeline\\Pipeline::carry():194}:195}()
#38 /var/www/html/vendor/laravel/framework/src/Illuminate/Pipeline/Pipeline.php(219): Illuminate\\Foundation\\Http\\Middleware\\PreventRequestForgery->handle()
#39 /var/www/html/vendor/laravel/framework/src/Illuminate/View/Middleware/ShareErrorsFromSession.php(48): Illuminate\\Pipeline\\Pipeline->{closure:{closure:Illuminate\\Pipeline\\Pipeline::carry():194}:195}()
#40 /var/www/html/vendor/laravel/framework/src/Illuminate/Pipeline/Pipeline.php(219): Illuminate\\View\\Middleware\\ShareErrorsFromSession->handle()
#41 /var/www/html/vendor/laravel/framework/src/Illuminate/Session/Middleware/StartSession.php(120): Illuminate\\Pipeline\\Pipeline->{closure:{closure:Illuminate\\Pipeline\\Pipeline::carry():194}:195}()
#42 /var/www/html/vendor/laravel/framework/src/Illuminate/Session/Middleware/StartSession.php(63): Illuminate\\Session\\Middleware\\StartSession->handleStatefulRequest()
#43 /var/www/html/vendor/laravel/framework/src/Illuminate/Pipeline/Pipeline.php(219): Illuminate\\Session\\Middleware\\StartSession->handle()
#44 /var/www/html/vendor/laravel/framework/src/Illuminate/Cookie/Middleware/AddQueuedCookiesToResponse.php(36): Illuminate\\Pipeline\\Pipeline->{closure:{closure:Illuminate\\Pipeline\\Pipeline::carry():194}:195}()
#45 /var/www/html/vendor/laravel/framework/src/Illuminate/Pipeline/Pipeline.php(219): Illuminate\\Cookie\\Middleware\\AddQueuedCookiesToResponse->handle()
#46 /var/www/html/vendor/laravel/framework/src/Illuminate/Cookie/Middleware/EncryptCookies.php(74): Illuminate\\Pipeline\\Pipeline->{closure:{closure:Illuminate\\Pipeline\\Pipeline::carry():194}:195}()
#47 /var/www/html/vendor/laravel/framework/src/Illuminate/Pipeline/Pipeline.php(219): Illuminate\\Cookie\\Middleware\\EncryptCookies->handle()
#48 /var/www/html/vendor/laravel/framework/src/Illuminate/Pipeline/Pipeline.php(137): Illuminate\\Pipeline\\Pipeline->{closure:{closure:Illuminate\\Pipeline\\Pipeline::carry():194}:195}()
#49 /var/www/html/vendor/laravel/framework/src/Illuminate/Routing/Router.php(821): Illuminate\\Pipeline\\Pipeline->then()
#50 /var/www/html/vendor/laravel/framework/src/Illuminate/Routing/Router.php(800): Illuminate\\Routing\\Router->runRouteWithinStack()
#51 /var/www/html/vendor/laravel/framework/src/Illuminate/Routing/Router.php(764): Illuminate\\Routing\\Router->runRoute()
#52 /var/www/html/vendor/laravel/framework/src/Illuminate/Routing/Router.php(753): Illuminate\\Routing\\Router->dispatchToRoute()
#53 /var/www/html/vendor/laravel/framework/src/Illuminate/Foundation/Http/Kernel.php(200): Illuminate\\Routing\\Router->dispatch()
#54 /var/www/html/vendor/laravel/framework/src/Illuminate/Pipeline/Pipeline.php(180): Illuminate\\Foundation\\Http\\Kernel->{closure:Illuminate\\Foundation\\Http\\Kernel::dispatchToRouter():197}()
#55 /var/www/html/vendor/laravel/framework/src/Illuminate/Foundation/Http/Middleware/TransformsRequest.php(21): Illuminate\\Pipeline\\Pipeline->{closure:Illuminate\\Pipeline\\Pipeline::prepareDestination():178}()
#56 /var/www/html/vendor/laravel/framework/src/Illuminate/Foundation/Http/Middleware/ConvertEmptyStringsToNull.php(31): Illuminate\\Foundation\\Http\\Middleware\\TransformsRequest->handle()
#57 /var/www/html/vendor/laravel/framework/src/Illuminate/Pipeline/Pipeline.php(219): Illuminate\\Foundation\\Http\\Middleware\\ConvertEmptyStringsToNull->handle()
#58 /var/www/html/vendor/laravel/framework/src/Illuminate/Foundation/Http/Middleware/TransformsRequest.php(21): Illuminate\\Pipeline\\Pipeline->{closure:{closure:Illuminate\\Pipeline\\Pipeline::carry():194}:195}()
#59 /var/www/html/vendor/laravel/framework/src/Illuminate/Foundation/Http/Middleware/TrimStrings.php(51): Illuminate\\Foundation\\Http\\Middleware\\TransformsRequest->handle()
#60 /var/www/html/vendor/laravel/framework/src/Illuminate/Pipeline/Pipeline.php(219): Illuminate\\Foundation\\Http\\Middleware\\TrimStrings->handle()
#61 /var/www/html/vendor/laravel/framework/src/Illuminate/Http/Middleware/ValidatePostSize.php(27): Illuminate\\Pipeline\\Pipeline->{closure:{closure:Illuminate\\Pipeline\\Pipeline::carry():194}:195}()
#62 /var/www/html/vendor/laravel/framework/src/Illuminate/Pipeline/Pipeline.php(219): Illuminate\\Http\\Middleware\\ValidatePostSize->handle()
#63 /var/www/html/vendor/laravel/framework/src/Illuminate/Foundation/Http/Middleware/PreventRequestsDuringMaintenance.php(109): Illuminate\\Pipeline\\Pipeline->{closure:{closure:Illuminate\\Pipeline\\Pipeline::carry():194}:195}()
#64 /var/www/html/vendor/laravel/framework/src/Illuminate/Pipeline/Pipeline.php(219): Illuminate\\Foundation\\Http\\Middleware\\PreventRequestsDuringMaintenance->handle()
#65 /var/www/html/vendor/laravel/framework/src/Illuminate/Http/Middleware/HandleCors.php(61): Illuminate\\Pipeline\\Pipeline->{closure:{closure:Illuminate\\Pipeline\\Pipeline::carry():194}:195}()
#66 /var/www/html/vendor/laravel/framework/src/Illuminate/Pipeline/Pipeline.php(219): Illuminate\\Http\\Middleware\\HandleCors->handle()
#67 /var/www/html/vendor/laravel/framework/src/Illuminate/Http/Middleware/TrustProxies.php(58): Illuminate\\Pipeline\\Pipeline->{closure:{closure:Illuminate\\Pipeline\\Pipeline::carry():194}:195}()
#68 /var/www/html/vendor/laravel/framework/src/Illuminate/Pipeline/Pipeline.php(219): Illuminate\\Http\\Middleware\\TrustProxies->handle()
#69 /var/www/html/vendor/laravel/framework/src/Illuminate/Foundation/Http/Middleware/InvokeDeferredCallbacks.php(22): Illuminate\\Pipeline\\Pipeline->{closure:{closure:Illuminate\\Pipeline\\Pipeline::carry():194}:195}()
#70 /var/www/html/vendor/laravel/framework/src/Illuminate/Pipeline/Pipeline.php(219): Illuminate\\Foundation\\Http\\Middleware\\InvokeDeferredCallbacks->handle()
#71 /var/www/html/vendor/laravel/framework/src/Illuminate/Http/Middleware/ValidatePathEncoding.php(28): Illuminate\\Pipeline\\Pipeline->{closure:{closure:Illuminate\\Pipeline\\Pipeline::carry():194}:195}()
#72 /var/www/html/vendor/laravel/framework/src/Illuminate/Pipeline/Pipeline.php(219): Illuminate\\Http\\Middleware\\ValidatePathEncoding->handle()
#73 /var/www/html/vendor/laravel/framework/src/Illuminate/Pipeline/Pipeline.php(137): Illuminate\\Pipeline\\Pipeline->{closure:{closure:Illuminate\\Pipeline\\Pipeline::carry():194}:195}()
#74 /var/www/html/vendor/laravel/framework/src/Illuminate/Foundation/Http/Kernel.php(175): Illuminate\\Pipeline\\Pipeline->then()
#75 /var/www/html/vendor/laravel/framework/src/Illuminate/Foundation/Http/Kernel.php(144): Illuminate\\Foundation\\Http\\Kernel->sendRequestThroughRouter()
#76 /var/www/html/vendor/laravel/framework/src/Illuminate/Foundation/Application.php(1220): Illuminate\\Foundation\\Http\\Kernel->handle()
#77 /var/www/html/public/index.php(20): Illuminate\\Foundation\\Application->handleRequest()
#78 /var/www/html/vendor/laravel/framework/src/Illuminate/Foundation/resources/server.php(23): require_once('...')
#79 {main}
"} 
[2026-08-08 07:09:11] local.ERROR: Undefined array key "avatar" {"userId":1,"exception":"[object] (ErrorException(code: 0): Undefined array key \"avatar\" at /var/www/html/app/Models/User.php:34)
[stacktrace]
#0 /var/www/html/vendor/laravel/framework/src/Illuminate/Foundation/Bootstrap/HandleExceptions.php(258): Illuminate\\Foundation\\Bootstrap\\HandleExceptions->handleError()
#1 /var/www/html/app/Models/User.php(34): Illuminate\\Foundation\\Bootstrap\\HandleExceptions->{closure:Illuminate\\Foundation\\Bootstrap\\HandleExceptions::forwardsTo():257}()
#2 /var/www/html/vendor/laravel/framework/src/Illuminate/Database/Eloquent/Concerns/HasAttributes.php(733): App\\Models\\User->getAvatarUrlAttribute()
#3 /var/www/html/vendor/laravel/framework/src/Illuminate/Database/Eloquent/Concerns/HasAttributes.php(785): Illuminate\\Database\\Eloquent\\Model->mutateAttribute()
#4 /var/www/html/vendor/laravel/framework/src/Illuminate/Database/Eloquent/Concerns/HasAttributes.php(251): Illuminate\\Database\\Eloquent\\Model->mutateAttributeForArray()
#5 /var/www/html/vendor/laravel/framework/src/Illuminate/Database/Eloquent/Model.php(1925): Illuminate\\Database\\Eloquent\\Model->attributesToArray()
#6 [internal function]: Illuminate\\Database\\Eloquent\\Model->{closure:Illuminate\\Database\\Eloquent\\Model::toArray():1925}()
#7 /var/www/html/vendor/laravel/framework/src/Illuminate/Database/Eloquent/Concerns/PreventsCircularRecursion.php(46): call_user_func()
#8 /var/www/html/vendor/laravel/framework/src/Illuminate/Database/Eloquent/Model.php(1924): Illuminate\\Database\\Eloquent\\Model->withoutRecursion()
#9 /var/www/html/vendor/laravel/framework/src/Illuminate/Collections/Traits/EnumeratesValues.php(978): Illuminate\\Database\\Eloquent\\Model->toArray()
#10 [internal function]: Illuminate\\Support\\Collection->{closure:Illuminate\\Support\\Traits\\EnumeratesValues::toArray():978}()
#11 /var/www/html/vendor/laravel/framework/src/Illuminate/Collections/Arr.php(841): array_map()
#12 /var/www/html/vendor/laravel/framework/src/Illuminate/Collections/Collection.php(815): Illuminate\\Support\\Arr::map()
#13 /var/www/html/vendor/laravel/framework/src/Illuminate/Database/Eloquent/Collection.php(421): Illuminate\\Support\\Collection->map()
#14 /var/www/html/vendor/laravel/framework/src/Illuminate/Collections/Traits/EnumeratesValues.php(978): Illuminate\\Database\\Eloquent\\Collection->map()
#15 /var/www/html/vendor/inertiajs/inertia-laravel/src/PropsResolver.php(429): Illuminate\\Support\\Collection->toArray()
#16 /var/www/html/vendor/inertiajs/inertia-laravel/src/PropsResolver.php(262): Inertia\\PropsResolver->resolveValue()
#17 /var/www/html/vendor/inertiajs/inertia-laravel/src/PropsResolver.php(158): Inertia\\PropsResolver->resolveProps()
#18 /var/www/html/vendor/inertiajs/inertia-laravel/src/Response.php(189): Inertia\\PropsResolver->resolve()
#19 /var/www/html/vendor/laravel/framework/src/Illuminate/Routing/Router.php(921): Inertia\\Response->toResponse()
#20 /var/www/html/vendor/laravel/framework/src/Illuminate/Routing/Router.php(906): Illuminate\\Routing\\Router::toResponse()
#21 /var/www/html/vendor/laravel/framework/src/Illuminate/Routing/Router.php(821): Illuminate\\Routing\\Router->prepareResponse()
#22 /var/www/html/vendor/laravel/framework/src/Illuminate/Pipeline/Pipeline.php(180): Illuminate\\Routing\\Router->{closure:Illuminate\\Routing\\Router::runRouteWithinStack():821}()
#23 /var/www/html/vendor/spatie/laravel-permission/src/Middleware/PermissionMiddleware.php(41): Illuminate\\Pipeline\\Pipeline->{closure:Illuminate\\Pipeline\\Pipeline::prepareDestination():178}()
#24 /var/www/html/vendor/laravel/framework/src/Illuminate/Pipeline/Pipeline.php(219): Spatie\\Permission\\Middleware\\PermissionMiddleware->handle()
#25 /var/www/html/vendor/laravel/framework/src/Illuminate/Auth/Middleware/EnsureEmailIsVerified.php(41): Illuminate\\Pipeline\\Pipeline->{closure:{closure:Illuminate\\Pipeline\\Pipeline::carry():194}:195}()
#26 /var/www/html/vendor/laravel/framework/src/Illuminate/Pipeline/Pipeline.php(219): Illuminate\\Auth\\Middleware\\EnsureEmailIsVerified->handle()
#27 /var/www/html/vendor/laravel/framework/src/Illuminate/Http/Middleware/AddLinkHeadersForPreloadedAssets.php(32): Illuminate\\Pipeline\\Pipeline->{closure:{closure:Illuminate\\Pipeline\\Pipeline::carry():194}:195}()
#28 /var/www/html/vendor/laravel/framework/src/Illuminate/Pipeline/Pipeline.php(219): Illuminate\\Http\\Middleware\\AddLinkHeadersForPreloadedAssets->handle()
#29 /var/www/html/vendor/inertiajs/inertia-laravel/src/Middleware.php(138): Illuminate\\Pipeline\\Pipeline->{closure:{closure:Illuminate\\Pipeline\\Pipeline::carry():194}:195}()
#30 /var/www/html/vendor/laravel/framework/src/Illuminate/Pipeline/Pipeline.php(219): Inertia\\Middleware->handle()
#31 /var/www/html/app/Http/Middleware/HandleAppearance.php(21): Illuminate\\Pipeline\\Pipeline->{closure:{closure:Illuminate\\Pipeline\\Pipeline::carry():194}:195}()
#32 /var/www/html/vendor/laravel/framework/src/Illuminate/Pipeline/Pipeline.php(219): App\\Http\\Middleware\\HandleAppearance->handle()
#33 /var/www/html/vendor/laravel/framework/src/Illuminate/Routing/Middleware/SubstituteBindings.php(52): Illuminate\\Pipeline\\Pipeline->{closure:{closure:Illuminate\\Pipeline\\Pipeline::carry():194}:195}()
#34 /var/www/html/vendor/laravel/framework/src/Illuminate/Pipeline/Pipeline.php(219): Illuminate\\Routing\\Middleware\\SubstituteBindings->handle()
#35 /var/www/html/vendor/laravel/framework/src/Illuminate/Auth/Middleware/Authenticate.php(63): Illuminate\\Pipeline\\Pipeline->{closure:{closure:Illuminate\\Pipeline\\Pipeline::carry():194}:195}()
#36 /var/www/html/vendor/laravel/framework/src/Illuminate/Pipeline/Pipeline.php(219): Illuminate\\Auth\\Middleware\\Authenticate->handle()
#37 /var/www/html/vendor/laravel/framework/src/Illuminate/Foundation/Http/Middleware/PreventRequestForgery.php(104): Illuminate\\Pipeline\\Pipeline->{closure:{closure:Illuminate\\Pipeline\\Pipeline::carry():194}:195}()
#38 /var/www/html/vendor/laravel/framework/src/Illuminate/Pipeline/Pipeline.php(219): Illuminate\\Foundation\\Http\\Middleware\\PreventRequestForgery->handle()
#39 /var/www/html/vendor/laravel/framework/src/Illuminate/View/Middleware/ShareErrorsFromSession.php(48): Illuminate\\Pipeline\\Pipeline->{closure:{closure:Illuminate\\Pipeline\\Pipeline::carry():194}:195}()
#40 /var/www/html/vendor/laravel/framework/src/Illuminate/Pipeline/Pipeline.php(219): Illuminate\\View\\Middleware\\ShareErrorsFromSession->handle()
#41 /var/www/html/vendor/laravel/framework/src/Illuminate/Session/Middleware/StartSession.php(120): Illuminate\\Pipeline\\Pipeline->{closure:{closure:Illuminate\\Pipeline\\Pipeline::carry():194}:195}()
#42 /var/www/html/vendor/laravel/framework/src/Illuminate/Session/Middleware/StartSession.php(63): Illuminate\\Session\\Middleware\\StartSession->handleStatefulRequest()
#43 /var/www/html/vendor/laravel/framework/src/Illuminate/Pipeline/Pipeline.php(219): Illuminate\\Session\\Middleware\\StartSession->handle()
#44 /var/www/html/vendor/laravel/framework/src/Illuminate/Cookie/Middleware/AddQueuedCookiesToResponse.php(36): Illuminate\\Pipeline\\Pipeline->{closure:{closure:Illuminate\\Pipeline\\Pipeline::carry():194}:195}()
#45 /var/www/html/vendor/laravel/framework/src/Illuminate/Pipeline/Pipeline.php(219): Illuminate\\Cookie\\Middleware\\AddQueuedCookiesToResponse->handle()
#46 /var/www/html/vendor/laravel/framework/src/Illuminate/Cookie/Middleware/EncryptCookies.php(74): Illuminate\\Pipeline\\Pipeline->{closure:{closure:Illuminate\\Pipeline\\Pipeline::carry():194}:195}()
#47 /var/www/html/vendor/laravel/framework/src/Illuminate/Pipeline/Pipeline.php(219): Illuminate\\Cookie\\Middleware\\EncryptCookies->handle()
#48 /var/www/html/vendor/laravel/framework/src/Illuminate/Pipeline/Pipeline.php(137): Illuminate\\Pipeline\\Pipeline->{closure:{closure:Illuminate\\Pipeline\\Pipeline::carry():194}:195}()
#49 /var/www/html/vendor/laravel/framework/src/Illuminate/Routing/Router.php(821): Illuminate\\Pipeline\\Pipeline->then()
#50 /var/www/html/vendor/laravel/framework/src/Illuminate/Routing/Router.php(800): Illuminate\\Routing\\Router->runRouteWithinStack()
#51 /var/www/html/vendor/laravel/framework/src/Illuminate/Routing/Router.php(764): Illuminate\\Routing\\Router->runRoute()
#52 /var/www/html/vendor/laravel/framework/src/Illuminate/Routing/Router.php(753): Illuminate\\Routing\\Router->dispatchToRoute()
#53 /var/www/html/vendor/laravel/framework/src/Illuminate/Foundation/Http/Kernel.php(200): Illuminate\\Routing\\Router->dispatch()
#54 /var/www/html/vendor/laravel/framework/src/Illuminate/Pipeline/Pipeline.php(180): Illuminate\\Foundation\\Http\\Kernel->{closure:Illuminate\\Foundation\\Http\\Kernel::dispatchToRouter():197}()
#55 /var/www/html/vendor/laravel/framework/src/Illuminate/Foundation/Http/Middleware/TransformsRequest.php(21): Illuminate\\Pipeline\\Pipeline->{closure:Illuminate\\Pipeline\\Pipeline::prepareDestination():178}()
#56 /var/www/html/vendor/laravel/framework/src/Illuminate/Foundation/Http/Middleware/ConvertEmptyStringsToNull.php(31): Illuminate\\Foundation\\Http\\Middleware\\TransformsRequest->handle()
#57 /var/www/html/vendor/laravel/framework/src/Illuminate/Pipeline/Pipeline.php(219): Illuminate\\Foundation\\Http\\Middleware\\ConvertEmptyStringsToNull->handle()
#58 /var/www/html/vendor/laravel/framework/src/Illuminate/Foundation/Http/Middleware/TransformsRequest.php(21): Illuminate\\Pipeline\\Pipeline->{closure:{closure:Illuminate\\Pipeline\\Pipeline::carry():194}:195}()
#59 /var/www/html/vendor/laravel/framework/src/Illuminate/Foundation/Http/Middleware/TrimStrings.php(51): Illuminate\\Foundation\\Http\\Middleware\\TransformsRequest->handle()
#60 /var/www/html/vendor/laravel/framework/src/Illuminate/Pipeline/Pipeline.php(219): Illuminate\\Foundation\\Http\\Middleware\\TrimStrings->handle()
#61 /var/www/html/vendor/laravel/framework/src/Illuminate/Http/Middleware/ValidatePostSize.php(27): Illuminate\\Pipeline\\Pipeline->{closure:{closure:Illuminate\\Pipeline\\Pipeline::carry():194}:195}()
#62 /var/www/html/vendor/laravel/framework/src/Illuminate/Pipeline/Pipeline.php(219): Illuminate\\Http\\Middleware\\ValidatePostSize->handle()
#63 /var/www/html/vendor/laravel/framework/src/Illuminate/Foundation/Http/Middleware/PreventRequestsDuringMaintenance.php(109): Illuminate\\Pipeline\\Pipeline->{closure:{closure:Illuminate\\Pipeline\\Pipeline::carry():194}:195}()
#64 /var/www/html/vendor/laravel/framework/src/Illuminate/Pipeline/Pipeline.php(219): Illuminate\\Foundation\\Http\\Middleware\\PreventRequestsDuringMaintenance->handle()
#65 /var/www/html/vendor/laravel/framework/src/Illuminate/Http/Middleware/HandleCors.php(61): Illuminate\\Pipeline\\Pipeline->{closure:{closure:Illuminate\\Pipeline\\Pipeline::carry():194}:195}()
#66 /var/www/html/vendor/laravel/framework/src/Illuminate/Pipeline/Pipeline.php(219): Illuminate\\Http\\Middleware\\HandleCors->handle()
#67 /var/www/html/vendor/laravel/framework/src/Illuminate/Http/Middleware/TrustProxies.php(58): Illuminate\\Pipeline\\Pipeline->{closure:{closure:Illuminate\\Pipeline\\Pipeline::carry():194}:195}()
#68 /var/www/html/vendor/laravel/framework/src/Illuminate/Pipeline/Pipeline.php(219): Illuminate\\Http\\Middleware\\TrustProxies->handle()
#69 /var/www/html/vendor/laravel/framework/src/Illuminate/Foundation/Http/Middleware/InvokeDeferredCallbacks.php(22): Illuminate\\Pipeline\\Pipeline->{closure:{closure:Illuminate\\Pipeline\\Pipeline::carry():194}:195}()
#70 /var/www/html/vendor/laravel/framework/src/Illuminate/Pipeline/Pipeline.php(219): Illuminate\\Foundation\\Http\\Middleware\\InvokeDeferredCallbacks->handle()
#71 /var/www/html/vendor/laravel/framework/src/Illuminate/Http/Middleware/ValidatePathEncoding.php(28): Illuminate\\Pipeline\\Pipeline->{closure:{closure:Illuminate\\Pipeline\\Pipeline::carry():194}:195}()
#72 /var/www/html/vendor/laravel/framework/src/Illuminate/Pipeline/Pipeline.php(219): Illuminate\\Http\\Middleware\\ValidatePathEncoding->handle()
#73 /var/www/html/vendor/laravel/framework/src/Illuminate/Pipeline/Pipeline.php(137): Illuminate\\Pipeline\\Pipeline->{closure:{closure:Illuminate\\Pipeline\\Pipeline::carry():194}:195}()
#74 /var/www/html/vendor/laravel/framework/src/Illuminate/Foundation/Http/Kernel.php(175): Illuminate\\Pipeline\\Pipeline->then()
#75 /var/www/html/vendor/laravel/framework/src/Illuminate/Foundation/Http/Kernel.php(144): Illuminate\\Foundation\\Http\\Kernel->sendRequestThroughRouter()
#76 /var/www/html/vendor/laravel/framework/src/Illuminate/Foundation/Application.php(1220): Illuminate\\Foundation\\Http\\Kernel->handle()
#77 /var/www/html/public/index.php(20): Illuminate\\Foundation\\Application->handleRequest()
#78 /var/www/html/vendor/laravel/framework/src/Illuminate/Foundation/resources/server.php(23): require_once('...')
#79 {main}
"} 
[2026-08-08 07:12:05] local.ERROR: Undefined array key "avatar" {"userId":1,"exception":"[object] (ErrorException(code: 0): Undefined array key \"avatar\" at /var/www/html/app/Models/User.php:34)
[stacktrace]
#0 /var/www/html/vendor/laravel/framework/src/Illuminate/Foundation/Bootstrap/HandleExceptions.php(258): Illuminate\\Foundation\\Bootstrap\\HandleExceptions->handleError()
#1 /var/www/html/app/Models/User.php(34): Illuminate\\Foundation\\Bootstrap\\HandleExceptions->{closure:Illuminate\\Foundation\\Bootstrap\\HandleExceptions::forwardsTo():257}()
#2 /var/www/html/vendor/laravel/framework/src/Illuminate/Database/Eloquent/Concerns/HasAttributes.php(733): App\\Models\\User->getAvatarUrlAttribute()
#3 /var/www/html/vendor/laravel/framework/src/Illuminate/Database/Eloquent/Concerns/HasAttributes.php(785): Illuminate\\Database\\Eloquent\\Model->mutateAttribute()
#4 /var/www/html/vendor/laravel/framework/src/Illuminate/Database/Eloquent/Concerns/HasAttributes.php(251): Illuminate\\Database\\Eloquent\\Model->mutateAttributeForArray()
#5 /var/www/html/vendor/laravel/framework/src/Illuminate/Database/Eloquent/Model.php(1925): Illuminate\\Database\\Eloquent\\Model->attributesToArray()
#6 [internal function]: Illuminate\\Database\\Eloquent\\Model->{closure:Illuminate\\Database\\Eloquent\\Model::toArray():1925}()
#7 /var/www/html/vendor/laravel/framework/src/Illuminate/Database/Eloquent/Concerns/PreventsCircularRecursion.php(46): call_user_func()
#8 /var/www/html/vendor/laravel/framework/src/Illuminate/Database/Eloquent/Model.php(1924): Illuminate\\Database\\Eloquent\\Model->withoutRecursion()
#9 /var/www/html/vendor/laravel/framework/src/Illuminate/Collections/Traits/EnumeratesValues.php(978): Illuminate\\Database\\Eloquent\\Model->toArray()
#10 [internal function]: Illuminate\\Support\\Collection->{closure:Illuminate\\Support\\Traits\\EnumeratesValues::toArray():978}()
#11 /var/www/html/vendor/laravel/framework/src/Illuminate/Collections/Arr.php(841): array_map()
#12 /var/www/html/vendor/laravel/framework/src/Illuminate/Collections/Collection.php(815): Illuminate\\Support\\Arr::map()
#13 /var/www/html/vendor/laravel/framework/src/Illuminate/Database/Eloquent/Collection.php(421): Illuminate\\Support\\Collection->map()
#14 /var/www/html/vendor/laravel/framework/src/Illuminate/Collections/Traits/EnumeratesValues.php(978): Illuminate\\Database\\Eloquent\\Collection->map()
#15 /var/www/html/vendor/inertiajs/inertia-laravel/src/PropsResolver.php(429): Illuminate\\Support\\Collection->toArray()
#16 /var/www/html/vendor/inertiajs/inertia-laravel/src/PropsResolver.php(262): Inertia\\PropsResolver->resolveValue()
#17 /var/www/html/vendor/inertiajs/inertia-laravel/src/PropsResolver.php(158): Inertia\\PropsResolver->resolveProps()
#18 /var/www/html/vendor/inertiajs/inertia-laravel/src/Response.php(189): Inertia\\PropsResolver->resolve()
#19 /var/www/html/vendor/laravel/framework/src/Illuminate/Routing/Router.php(921): Inertia\\Response->toResponse()
#20 /var/www/html/vendor/laravel/framework/src/Illuminate/Routing/Router.php(906): Illuminate\\Routing\\Router::toResponse()
#21 /var/www/html/vendor/laravel/framework/src/Illuminate/Routing/Router.php(821): Illuminate\\Routing\\Router->prepareResponse()
#22 /var/www/html/vendor/laravel/framework/src/Illuminate/Pipeline/Pipeline.php(180): Illuminate\\Routing\\Router->{closure:Illuminate\\Routing\\Router::runRouteWithinStack():821}()
#23 /var/www/html/vendor/spatie/laravel-permission/src/Middleware/PermissionMiddleware.php(41): Illuminate\\Pipeline\\Pipeline->{closure:Illuminate\\Pipeline\\Pipeline::prepareDestination():178}()
#24 /var/www/html/vendor/laravel/framework/src/Illuminate/Pipeline/Pipeline.php(219): Spatie\\Permission\\Middleware\\PermissionMiddleware->handle()
#25 /var/www/html/vendor/laravel/framework/src/Illuminate/Auth/Middleware/EnsureEmailIsVerified.php(41): Illuminate\\Pipeline\\Pipeline->{closure:{closure:Illuminate\\Pipeline\\Pipeline::carry():194}:195}()
#26 /var/www/html/vendor/laravel/framework/src/Illuminate/Pipeline/Pipeline.php(219): Illuminate\\Auth\\Middleware\\EnsureEmailIsVerified->handle()
#27 /var/www/html/vendor/laravel/framework/src/Illuminate/Http/Middleware/AddLinkHeadersForPreloadedAssets.php(32): Illuminate\\Pipeline\\Pipeline->{closure:{closure:Illuminate\\Pipeline\\Pipeline::carry():194}:195}()
#28 /var/www/html/vendor/laravel/framework/src/Illuminate/Pipeline/Pipeline.php(219): Illuminate\\Http\\Middleware\\AddLinkHeadersForPreloadedAssets->handle()
#29 /var/www/html/vendor/inertiajs/inertia-laravel/src/Middleware.php(138): Illuminate\\Pipeline\\Pipeline->{closure:{closure:Illuminate\\Pipeline\\Pipeline::carry():194}:195}()
#30 /var/www/html/vendor/laravel/framework/src/Illuminate/Pipeline/Pipeline.php(219): Inertia\\Middleware->handle()
#31 /var/www/html/app/Http/Middleware/HandleAppearance.php(21): Illuminate\\Pipeline\\Pipeline->{closure:{closure:Illuminate\\Pipeline\\Pipeline::carry():194}:195}()
#32 /var/www/html/vendor/laravel/framework/src/Illuminate/Pipeline/Pipeline.php(219): App\\Http\\Middleware\\HandleAppearance->handle()
#33 /var/www/html/vendor/laravel/framework/src/Illuminate/Routing/Middleware/SubstituteBindings.php(52): Illuminate\\Pipeline\\Pipeline->{closure:{closure:Illuminate\\Pipeline\\Pipeline::carry():194}:195}()
#34 /var/www/html/vendor/laravel/framework/src/Illuminate/Pipeline/Pipeline.php(219): Illuminate\\Routing\\Middleware\\SubstituteBindings->handle()
#35 /var/www/html/vendor/laravel/framework/src/Illuminate/Auth/Middleware/Authenticate.php(63): Illuminate\\Pipeline\\Pipeline->{closure:{closure:Illuminate\\Pipeline\\Pipeline::carry():194}:195}()
#36 /var/www/html/vendor/laravel/framework/src/Illuminate/Pipeline/Pipeline.php(219): Illuminate\\Auth\\Middleware\\Authenticate->handle()
#37 /var/www/html/vendor/laravel/framework/src/Illuminate/Foundation/Http/Middleware/PreventRequestForgery.php(104): Illuminate\\Pipeline\\Pipeline->{closure:{closure:Illuminate\\Pipeline\\Pipeline::carry():194}:195}()
#38 /var/www/html/vendor/laravel/framework/src/Illuminate/Pipeline/Pipeline.php(219): Illuminate\\Foundation\\Http\\Middleware\\PreventRequestForgery->handle()
#39 /var/www/html/vendor/laravel/framework/src/Illuminate/View/Middleware/ShareErrorsFromSession.php(48): Illuminate\\Pipeline\\Pipeline->{closure:{closure:Illuminate\\Pipeline\\Pipeline::carry():194}:195}()
#40 /var/www/html/vendor/laravel/framework/src/Illuminate/Pipeline/Pipeline.php(219): Illuminate\\View\\Middleware\\ShareErrorsFromSession->handle()
#41 /var/www/html/vendor/laravel/framework/src/Illuminate/Session/Middleware/StartSession.php(120): Illuminate\\Pipeline\\Pipeline->{closure:{closure:Illuminate\\Pipeline\\Pipeline::carry():194}:195}()
#42 /var/www/html/vendor/laravel/framework/src/Illuminate/Session/Middleware/StartSession.php(63): Illuminate\\Session\\Middleware\\StartSession->handleStatefulRequest()
#43 /var/www/html/vendor/laravel/framework/src/Illuminate/Pipeline/Pipeline.php(219): Illuminate\\Session\\Middleware\\StartSession->handle()
#44 /var/www/html/vendor/laravel/framework/src/Illuminate/Cookie/Middleware/AddQueuedCookiesToResponse.php(36): Illuminate\\Pipeline\\Pipeline->{closure:{closure:Illuminate\\Pipeline\\Pipeline::carry():194}:195}()
#45 /var/www/html/vendor/laravel/framework/src/Illuminate/Pipeline/Pipeline.php(219): Illuminate\\Cookie\\Middleware\\AddQueuedCookiesToResponse->handle()
#46 /var/www/html/vendor/laravel/framework/src/Illuminate/Cookie/Middleware/EncryptCookies.php(74): Illuminate\\Pipeline\\Pipeline->{closure:{closure:Illuminate\\Pipeline\\Pipeline::carry():194}:195}()
#47 /var/www/html/vendor/laravel/framework/src/Illuminate/Pipeline/Pipeline.php(219): Illuminate\\Cookie\\Middleware\\EncryptCookies->handle()
#48 /var/www/html/vendor/laravel/framework/src/Illuminate/Pipeline/Pipeline.php(137): Illuminate\\Pipeline\\Pipeline->{closure:{closure:Illuminate\\Pipeline\\Pipeline::carry():194}:195}()
#49 /var/www/html/vendor/laravel/framework/src/Illuminate/Routing/Router.php(821): Illuminate\\Pipeline\\Pipeline->then()
#50 /var/www/html/vendor/laravel/framework/src/Illuminate/Routing/Router.php(800): Illuminate\\Routing\\Router->runRouteWithinStack()
#51 /var/www/html/vendor/laravel/framework/src/Illuminate/Routing/Router.php(764): Illuminate\\Routing\\Router->runRoute()
#52 /var/www/html/vendor/laravel/framework/src/Illuminate/Routing/Router.php(753): Illuminate\\Routing\\Router->dispatchToRoute()
#53 /var/www/html/vendor/laravel/framework/src/Illuminate/Foundation/Http/Kernel.php(200): Illuminate\\Routing\\Router->dispatch()
#54 /var/www/html/vendor/laravel/framework/src/Illuminate/Pipeline/Pipeline.php(180): Illuminate\\Foundation\\Http\\Kernel->{closure:Illuminate\\Foundation\\Http\\Kernel::dispatchToRouter():197}()
#55 /var/www/html/vendor/laravel/framework/src/Illuminate/Foundation/Http/Middleware/TransformsRequest.php(21): Illuminate\\Pipeline\\Pipeline->{closure:Illuminate\\Pipeline\\Pipeline::prepareDestination():178}()
#56 /var/www/html/vendor/laravel/framework/src/Illuminate/Foundation/Http/Middleware/ConvertEmptyStringsToNull.php(31): Illuminate\\Foundation\\Http\\Middleware\\TransformsRequest->handle()
#57 /var/www/html/vendor/laravel/framework/src/Illuminate/Pipeline/Pipeline.php(219): Illuminate\\Foundation\\Http\\Middleware\\ConvertEmptyStringsToNull->handle()
#58 /var/www/html/vendor/laravel/framework/src/Illuminate/Foundation/Http/Middleware/TransformsRequest.php(21): Illuminate\\Pipeline\\Pipeline->{closure:{closure:Illuminate\\Pipeline\\Pipeline::carry():194}:195}()
#59 /var/www/html/vendor/laravel/framework/src/Illuminate/Foundation/Http/Middleware/TrimStrings.php(51): Illuminate\\Foundation\\Http\\Middleware\\TransformsRequest->handle()
#60 /var/www/html/vendor/laravel/framework/src/Illuminate/Pipeline/Pipeline.php(219): Illuminate\\Foundation\\Http\\Middleware\\TrimStrings->handle()
#61 /var/www/html/vendor/laravel/framework/src/Illuminate/Http/Middleware/ValidatePostSize.php(27): Illuminate\\Pipeline\\Pipeline->{closure:{closure:Illuminate\\Pipeline\\Pipeline::carry():194}:195}()
#62 /var/www/html/vendor/laravel/framework/src/Illuminate/Pipeline/Pipeline.php(219): Illuminate\\Http\\Middleware\\ValidatePostSize->handle()
#63 /var/www/html/vendor/laravel/framework/src/Illuminate/Foundation/Http/Middleware/PreventRequestsDuringMaintenance.php(109): Illuminate\\Pipeline\\Pipeline->{closure:{closure:Illuminate\\Pipeline\\Pipeline::carry():194}:195}()
#64 /var/www/html/vendor/laravel/framework/src/Illuminate/Pipeline/Pipeline.php(219): Illuminate\\Foundation\\Http\\Middleware\\PreventRequestsDuringMaintenance->handle()
#65 /var/www/html/vendor/laravel/framework/src/Illuminate/Http/Middleware/HandleCors.php(61): Illuminate\\Pipeline\\Pipeline->{closure:{closure:Illuminate\\Pipeline\\Pipeline::carry():194}:195}()
#66 /var/www/html/vendor/laravel/framework/src/Illuminate/Pipeline/Pipeline.php(219): Illuminate\\Http\\Middleware\\HandleCors->handle()
#67 /var/www/html/vendor/laravel/framework/src/Illuminate/Http/Middleware/TrustProxies.php(58): Illuminate\\Pipeline\\Pipeline->{closure:{closure:Illuminate\\Pipeline\\Pipeline::carry():194}:195}()
#68 /var/www/html/vendor/laravel/framework/src/Illuminate/Pipeline/Pipeline.php(219): Illuminate\\Http\\Middleware\\TrustProxies->handle()
#69 /var/www/html/vendor/laravel/framework/src/Illuminate/Foundation/Http/Middleware/InvokeDeferredCallbacks.php(22): Illuminate\\Pipeline\\Pipeline->{closure:{closure:Illuminate\\Pipeline\\Pipeline::carry():194}:195}()
#70 /var/www/html/vendor/laravel/framework/src/Illuminate/Pipeline/Pipeline.php(219): Illuminate\\Foundation\\Http\\Middleware\\InvokeDeferredCallbacks->handle()
#71 /var/www/html/vendor/laravel/framework/src/Illuminate/Http/Middleware/ValidatePathEncoding.php(28): Illuminate\\Pipeline\\Pipeline->{closure:{closure:Illuminate\\Pipeline\\Pipeline::carry():194}:195}()
#72 /var/www/html/vendor/laravel/framework/src/Illuminate/Pipeline/Pipeline.php(219): Illuminate\\Http\\Middleware\\ValidatePathEncoding->handle()
#73 /var/www/html/vendor/laravel/framework/src/Illuminate/Pipeline/Pipeline.php(137): Illuminate\\Pipeline\\Pipeline->{closure:{closure:Illuminate\\Pipeline\\Pipeline::carry():194}:195}()
#74 /var/www/html/vendor/laravel/framework/src/Illuminate/Foundation/Http/Kernel.php(175): Illuminate\\Pipeline\\Pipeline->then()
#75 /var/www/html/vendor/laravel/framework/src/Illuminate/Foundation/Http/Kernel.php(144): Illuminate\\Foundation\\Http\\Kernel->sendRequestThroughRouter()
#76 /var/www/html/vendor/laravel/framework/src/Illuminate/Foundation/Application.php(1220): Illuminate\\Foundation\\Http\\Kernel->handle()
#77 /var/www/html/public/index.php(20): Illuminate\\Foundation\\Application->handleRequest()
#78 /var/www/html/vendor/laravel/framework/src/Illuminate/Foundation/resources/server.php(23): require_once('...')
#79 {main}
"} 
[2026-08-08 07:12:07] local.ERROR: Undefined array key "avatar" {"userId":1,"exception":"[object] (ErrorException(code: 0): Undefined array key \"avatar\" at /var/www/html/app/Models/User.php:34)
[stacktrace]
#0 /var/www/html/vendor/laravel/framework/src/Illuminate/Foundation/Bootstrap/HandleExceptions.php(258): Illuminate\\Foundation\\Bootstrap\\HandleExceptions->handleError()
#1 /var/www/html/app/Models/User.php(34): Illuminate\\Foundation\\Bootstrap\\HandleExceptions->{closure:Illuminate\\Foundation\\Bootstrap\\HandleExceptions::forwardsTo():257}()
#2 /var/www/html/vendor/laravel/framework/src/Illuminate/Database/Eloquent/Concerns/HasAttributes.php(733): App\\Models\\User->getAvatarUrlAttribute()
#3 /var/www/html/vendor/laravel/framework/src/Illuminate/Database/Eloquent/Concerns/HasAttributes.php(785): Illuminate\\Database\\Eloquent\\Model->mutateAttribute()
#4 /var/www/html/vendor/laravel/framework/src/Illuminate/Database/Eloquent/Concerns/HasAttributes.php(251): Illuminate\\Database\\Eloquent\\Model->mutateAttributeForArray()
#5 /var/www/html/vendor/laravel/framework/src/Illuminate/Database/Eloquent/Model.php(1925): Illuminate\\Database\\Eloquent\\Model->attributesToArray()
#6 [internal function]: Illuminate\\Database\\Eloquent\\Model->{closure:Illuminate\\Database\\Eloquent\\Model::toArray():1925}()
#7 /var/www/html/vendor/laravel/framework/src/Illuminate/Database/Eloquent/Concerns/PreventsCircularRecursion.php(46): call_user_func()
#8 /var/www/html/vendor/laravel/framework/src/Illuminate/Database/Eloquent/Model.php(1924): Illuminate\\Database\\Eloquent\\Model->withoutRecursion()
#9 /var/www/html/vendor/laravel/framework/src/Illuminate/Collections/Traits/EnumeratesValues.php(978): Illuminate\\Database\\Eloquent\\Model->toArray()
#10 [internal function]: Illuminate\\Support\\Collection->{closure:Illuminate\\Support\\Traits\\EnumeratesValues::toArray():978}()
#11 /var/www/html/vendor/laravel/framework/src/Illuminate/Collections/Arr.php(841): array_map()
#12 /var/www/html/vendor/laravel/framework/src/Illuminate/Collections/Collection.php(815): Illuminate\\Support\\Arr::map()
#13 /var/www/html/vendor/laravel/framework/src/Illuminate/Database/Eloquent/Collection.php(421): Illuminate\\Support\\Collection->map()
#14 /var/www/html/vendor/laravel/framework/src/Illuminate/Collections/Traits/EnumeratesValues.php(978): Illuminate\\Database\\Eloquent\\Collection->map()
#15 /var/www/html/vendor/inertiajs/inertia-laravel/src/PropsResolver.php(429): Illuminate\\Support\\Collection->toArray()
#16 /var/www/html/vendor/inertiajs/inertia-laravel/src/PropsResolver.php(262): Inertia\\PropsResolver->resolveValue()
#17 /var/www/html/vendor/inertiajs/inertia-laravel/src/PropsResolver.php(158): Inertia\\PropsResolver->resolveProps()
#18 /var/www/html/vendor/inertiajs/inertia-laravel/src/Response.php(189): Inertia\\PropsResolver->resolve()
#19 /var/www/html/vendor/laravel/framework/src/Illuminate/Routing/Router.php(921): Inertia\\Response->toResponse()
#20 /var/www/html/vendor/laravel/framework/src/Illuminate/Routing/Router.php(906): Illuminate\\Routing\\Router::toResponse()
#21 /var/www/html/vendor/laravel/framework/src/Illuminate/Routing/Router.php(821): Illuminate\\Routing\\Router->prepareResponse()
#22 /var/www/html/vendor/laravel/framework/src/Illuminate/Pipeline/Pipeline.php(180): Illuminate\\Routing\\Router->{closure:Illuminate\\Routing\\Router::runRouteWithinStack():821}()
#23 /var/www/html/vendor/spatie/laravel-permission/src/Middleware/PermissionMiddleware.php(41): Illuminate\\Pipeline\\Pipeline->{closure:Illuminate\\Pipeline\\Pipeline::prepareDestination():178}()
#24 /var/www/html/vendor/laravel/framework/src/Illuminate/Pipeline/Pipeline.php(219): Spatie\\Permission\\Middleware\\PermissionMiddleware->handle()
#25 /var/www/html/vendor/laravel/framework/src/Illuminate/Auth/Middleware/EnsureEmailIsVerified.php(41): Illuminate\\Pipeline\\Pipeline->{closure:{closure:Illuminate\\Pipeline\\Pipeline::carry():194}:195}()
#26 /var/www/html/vendor/laravel/framework/src/Illuminate/Pipeline/Pipeline.php(219): Illuminate\\Auth\\Middleware\\EnsureEmailIsVerified->handle()
#27 /var/www/html/vendor/laravel/framework/src/Illuminate/Http/Middleware/AddLinkHeadersForPreloadedAssets.php(32): Illuminate\\Pipeline\\Pipeline->{closure:{closure:Illuminate\\Pipeline\\Pipeline::carry():194}:195}()
#28 /var/www/html/vendor/laravel/framework/src/Illuminate/Pipeline/Pipeline.php(219): Illuminate\\Http\\Middleware\\AddLinkHeadersForPreloadedAssets->handle()
#29 /var/www/html/vendor/inertiajs/inertia-laravel/src/Middleware.php(138): Illuminate\\Pipeline\\Pipeline->{closure:{closure:Illuminate\\Pipeline\\Pipeline::carry():194}:195}()
#30 /var/www/html/vendor/laravel/framework/src/Illuminate/Pipeline/Pipeline.php(219): Inertia\\Middleware->handle()
#31 /var/www/html/app/Http/Middleware/HandleAppearance.php(21): Illuminate\\Pipeline\\Pipeline->{closure:{closure:Illuminate\\Pipeline\\Pipeline::carry():194}:195}()
#32 /var/www/html/vendor/laravel/framework/src/Illuminate/Pipeline/Pipeline.php(219): App\\Http\\Middleware\\HandleAppearance->handle()
#33 /var/www/html/vendor/laravel/framework/src/Illuminate/Routing/Middleware/SubstituteBindings.php(52): Illuminate\\Pipeline\\Pipeline->{closure:{closure:Illuminate\\Pipeline\\Pipeline::carry():194}:195}()
#34 /var/www/html/vendor/laravel/framework/src/Illuminate/Pipeline/Pipeline.php(219): Illuminate\\Routing\\Middleware\\SubstituteBindings->handle()
#35 /var/www/html/vendor/laravel/framework/src/Illuminate/Auth/Middleware/Authenticate.php(63): Illuminate\\Pipeline\\Pipeline->{closure:{closure:Illuminate\\Pipeline\\Pipeline::carry():194}:195}()
#36 /var/www/html/vendor/laravel/framework/src/Illuminate/Pipeline/Pipeline.php(219): Illuminate\\Auth\\Middleware\\Authenticate->handle()
#37 /var/www/html/vendor/laravel/framework/src/Illuminate/Foundation/Http/Middleware/PreventRequestForgery.php(104): Illuminate\\Pipeline\\Pipeline->{closure:{closure:Illuminate\\Pipeline\\Pipeline::carry():194}:195}()
#38 /var/www/html/vendor/laravel/framework/src/Illuminate/Pipeline/Pipeline.php(219): Illuminate\\Foundation\\Http\\Middleware\\PreventRequestForgery->handle()
#39 /var/www/html/vendor/laravel/framework/src/Illuminate/View/Middleware/ShareErrorsFromSession.php(48): Illuminate\\Pipeline\\Pipeline->{closure:{closure:Illuminate\\Pipeline\\Pipeline::carry():194}:195}()
#40 /var/www/html/vendor/laravel/framework/src/Illuminate/Pipeline/Pipeline.php(219): Illuminate\\View\\Middleware\\ShareErrorsFromSession->handle()
#41 /var/www/html/vendor/laravel/framework/src/Illuminate/Session/Middleware/StartSession.php(120): Illuminate\\Pipeline\\Pipeline->{closure:{closure:Illuminate\\Pipeline\\Pipeline::carry():194}:195}()
#42 /var/www/html/vendor/laravel/framework/src/Illuminate/Session/Middleware/StartSession.php(63): Illuminate\\Session\\Middleware\\StartSession->handleStatefulRequest()
#43 /var/www/html/vendor/laravel/framework/src/Illuminate/Pipeline/Pipeline.php(219): Illuminate\\Session\\Middleware\\StartSession->handle()
#44 /var/www/html/vendor/laravel/framework/src/Illuminate/Cookie/Middleware/AddQueuedCookiesToResponse.php(36): Illuminate\\Pipeline\\Pipeline->{closure:{closure:Illuminate\\Pipeline\\Pipeline::carry():194}:195}()
#45 /var/www/html/vendor/laravel/framework/src/Illuminate/Pipeline/Pipeline.php(219): Illuminate\\Cookie\\Middleware\\AddQueuedCookiesToResponse->handle()
#46 /var/www/html/vendor/laravel/framework/src/Illuminate/Cookie/Middleware/EncryptCookies.php(74): Illuminate\\Pipeline\\Pipeline->{closure:{closure:Illuminate\\Pipeline\\Pipeline::carry():194}:195}()
#47 /var/www/html/vendor/laravel/framework/src/Illuminate/Pipeline/Pipeline.php(219): Illuminate\\Cookie\\Middleware\\EncryptCookies->handle()
#48 /var/www/html/vendor/laravel/framework/src/Illuminate/Pipeline/Pipeline.php(137): Illuminate\\Pipeline\\Pipeline->{closure:{closure:Illuminate\\Pipeline\\Pipeline::carry():194}:195}()
#49 /var/www/html/vendor/laravel/framework/src/Illuminate/Routing/Router.php(821): Illuminate\\Pipeline\\Pipeline->then()
#50 /var/www/html/vendor/laravel/framework/src/Illuminate/Routing/Router.php(800): Illuminate\\Routing\\Router->runRouteWithinStack()
#51 /var/www/html/vendor/laravel/framework/src/Illuminate/Routing/Router.php(764): Illuminate\\Routing\\Router->runRoute()
#52 /var/www/html/vendor/laravel/framework/src/Illuminate/Routing/Router.php(753): Illuminate\\Routing\\Router->dispatchToRoute()
#53 /var/www/html/vendor/laravel/framework/src/Illuminate/Foundation/Http/Kernel.php(200): Illuminate\\Routing\\Router->dispatch()
#54 /var/www/html/vendor/laravel/framework/src/Illuminate/Pipeline/Pipeline.php(180): Illuminate\\Foundation\\Http\\Kernel->{closure:Illuminate\\Foundation\\Http\\Kernel::dispatchToRouter():197}()
#55 /var/www/html/vendor/laravel/framework/src/Illuminate/Foundation/Http/Middleware/TransformsRequest.php(21): Illuminate\\Pipeline\\Pipeline->{closure:Illuminate\\Pipeline\\Pipeline::prepareDestination():178}()
#56 /var/www/html/vendor/laravel/framework/src/Illuminate/Foundation/Http/Middleware/ConvertEmptyStringsToNull.php(31): Illuminate\\Foundation\\Http\\Middleware\\TransformsRequest->handle()
#57 /var/www/html/vendor/laravel/framework/src/Illuminate/Pipeline/Pipeline.php(219): Illuminate\\Foundation\\Http\\Middleware\\ConvertEmptyStringsToNull->handle()
#58 /var/www/html/vendor/laravel/framework/src/Illuminate/Foundation/Http/Middleware/TransformsRequest.php(21): Illuminate\\Pipeline\\Pipeline->{closure:{closure:Illuminate\\Pipeline\\Pipeline::carry():194}:195}()
#59 /var/www/html/vendor/laravel/framework/src/Illuminate/Foundation/Http/Middleware/TrimStrings.php(51): Illuminate\\Foundation\\Http\\Middleware\\TransformsRequest->handle()
#60 /var/www/html/vendor/laravel/framework/src/Illuminate/Pipeline/Pipeline.php(219): Illuminate\\Foundation\\Http\\Middleware\\TrimStrings->handle()
#61 /var/www/html/vendor/laravel/framework/src/Illuminate/Http/Middleware/ValidatePostSize.php(27): Illuminate\\Pipeline\\Pipeline->{closure:{closure:Illuminate\\Pipeline\\Pipeline::carry():194}:195}()
#62 /var/www/html/vendor/laravel/framework/src/Illuminate/Pipeline/Pipeline.php(219): Illuminate\\Http\\Middleware\\ValidatePostSize->handle()
#63 /var/www/html/vendor/laravel/framework/src/Illuminate/Foundation/Http/Middleware/PreventRequestsDuringMaintenance.php(109): Illuminate\\Pipeline\\Pipeline->{closure:{closure:Illuminate\\Pipeline\\Pipeline::carry():194}:195}()
#64 /var/www/html/vendor/laravel/framework/src/Illuminate/Pipeline/Pipeline.php(219): Illuminate\\Foundation\\Http\\Middleware\\PreventRequestsDuringMaintenance->handle()
#65 /var/www/html/vendor/laravel/framework/src/Illuminate/Http/Middleware/HandleCors.php(61): Illuminate\\Pipeline\\Pipeline->{closure:{closure:Illuminate\\Pipeline\\Pipeline::carry():194}:195}()
#66 /var/www/html/vendor/laravel/framework/src/Illuminate/Pipeline/Pipeline.php(219): Illuminate\\Http\\Middleware\\HandleCors->handle()
#67 /var/www/html/vendor/laravel/framework/src/Illuminate/Http/Middleware/TrustProxies.php(58): Illuminate\\Pipeline\\Pipeline->{closure:{closure:Illuminate\\Pipeline\\Pipeline::carry():194}:195}()
#68 /var/www/html/vendor/laravel/framework/src/Illuminate/Pipeline/Pipeline.php(219): Illuminate\\Http\\Middleware\\TrustProxies->handle()
#69 /var/www/html/vendor/laravel/framework/src/Illuminate/Foundation/Http/Middleware/InvokeDeferredCallbacks.php(22): Illuminate\\Pipeline\\Pipeline->{closure:{closure:Illuminate\\Pipeline\\Pipeline::carry():194}:195}()
#70 /var/www/html/vendor/laravel/framework/src/Illuminate/Pipeline/Pipeline.php(219): Illuminate\\Foundation\\Http\\Middleware\\InvokeDeferredCallbacks->handle()
#71 /var/www/html/vendor/laravel/framework/src/Illuminate/Http/Middleware/ValidatePathEncoding.php(28): Illuminate\\Pipeline\\Pipeline->{closure:{closure:Illuminate\\Pipeline\\Pipeline::carry():194}:195}()
#72 /var/www/html/vendor/laravel/framework/src/Illuminate/Pipeline/Pipeline.php(219): Illuminate\\Http\\Middleware\\ValidatePathEncoding->handle()
#73 /var/www/html/vendor/laravel/framework/src/Illuminate/Pipeline/Pipeline.php(137): Illuminate\\Pipeline\\Pipeline->{closure:{closure:Illuminate\\Pipeline\\Pipeline::carry():194}:195}()
#74 /var/www/html/vendor/laravel/framework/src/Illuminate/Foundation/Http/Kernel.php(175): Illuminate\\Pipeline\\Pipeline->then()
#75 /var/www/html/vendor/laravel/framework/src/Illuminate/Foundation/Http/Kernel.php(144): Illuminate\\Foundation\\Http\\Kernel->sendRequestThroughRouter()
#76 /var/www/html/vendor/laravel/framework/src/Illuminate/Foundation/Application.php(1220): Illuminate\\Foundation\\Http\\Kernel->handle()
#77 /var/www/html/public/index.php(20): Illuminate\\Foundation\\Application->handleRequest()
#78 /var/www/html/vendor/laravel/framework/src/Illuminate/Foundation/resources/server.php(23): require_once('...')
#79 {main}
"} 
[2026-08-08 07:12:09] local.ERROR: Undefined array key "avatar" {"userId":1,"exception":"[object] (ErrorException(code: 0): Undefined array key \"avatar\" at /var/www/html/app/Models/User.php:34)
[stacktrace]
#0 /var/www/html/vendor/laravel/framework/src/Illuminate/Foundation/Bootstrap/HandleExceptions.php(258): Illuminate\\Foundation\\Bootstrap\\HandleExceptions->handleError()
#1 /var/www/html/app/Models/User.php(34): Illuminate\\Foundation\\Bootstrap\\HandleExceptions->{closure:Illuminate\\Foundation\\Bootstrap\\HandleExceptions::forwardsTo():257}()
#2 /var/www/html/vendor/laravel/framework/src/Illuminate/Database/Eloquent/Concerns/HasAttributes.php(733): App\\Models\\User->getAvatarUrlAttribute()
#3 /var/www/html/vendor/laravel/framework/src/Illuminate/Database/Eloquent/Concerns/HasAttributes.php(785): Illuminate\\Database\\Eloquent\\Model->mutateAttribute()
#4 /var/www/html/vendor/laravel/framework/src/Illuminate/Database/Eloquent/Concerns/HasAttributes.php(251): Illuminate\\Database\\Eloquent\\Model->mutateAttributeForArray()
#5 /var/www/html/vendor/laravel/framework/src/Illuminate/Database/Eloquent/Model.php(1925): Illuminate\\Database\\Eloquent\\Model->attributesToArray()
#6 [internal function]: Illuminate\\Database\\Eloquent\\Model->{closure:Illuminate\\Database\\Eloquent\\Model::toArray():1925}()
#7 /var/www/html/vendor/laravel/framework/src/Illuminate/Database/Eloquent/Concerns/PreventsCircularRecursion.php(46): call_user_func()
#8 /var/www/html/vendor/laravel/framework/src/Illuminate/Database/Eloquent/Model.php(1924): Illuminate\\Database\\Eloquent\\Model->withoutRecursion()
#9 /var/www/html/vendor/laravel/framework/src/Illuminate/Collections/Traits/EnumeratesValues.php(978): Illuminate\\Database\\Eloquent\\Model->toArray()
#10 [internal function]: Illuminate\\Support\\Collection->{closure:Illuminate\\Support\\Traits\\EnumeratesValues::toArray():978}()
#11 /var/www/html/vendor/laravel/framework/src/Illuminate/Collections/Arr.php(841): array_map()
#12 /var/www/html/vendor/laravel/framework/src/Illuminate/Collections/Collection.php(815): Illuminate\\Support\\Arr::map()
#13 /var/www/html/vendor/laravel/framework/src/Illuminate/Database/Eloquent/Collection.php(421): Illuminate\\Support\\Collection->map()
#14 /var/www/html/vendor/laravel/framework/src/Illuminate/Collections/Traits/EnumeratesValues.php(978): Illuminate\\Database\\Eloquent\\Collection->map()
#15 /var/www/html/vendor/inertiajs/inertia-laravel/src/PropsResolver.php(429): Illuminate\\Support\\Collection->toArray()
#16 /var/www/html/vendor/inertiajs/inertia-laravel/src/PropsResolver.php(262): Inertia\\PropsResolver->resolveValue()
#17 /var/www/html/vendor/inertiajs/inertia-laravel/src/PropsResolver.php(158): Inertia\\PropsResolver->resolveProps()
#18 /var/www/html/vendor/inertiajs/inertia-laravel/src/Response.php(189): Inertia\\PropsResolver->resolve()
#19 /var/www/html/vendor/laravel/framework/src/Illuminate/Routing/Router.php(921): Inertia\\Response->toResponse()
#20 /var/www/html/vendor/laravel/framework/src/Illuminate/Routing/Router.php(906): Illuminate\\Routing\\Router::toResponse()
#21 /var/www/html/vendor/laravel/framework/src/Illuminate/Routing/Router.php(821): Illuminate\\Routing\\Router->prepareResponse()
#22 /var/www/html/vendor/laravel/framework/src/Illuminate/Pipeline/Pipeline.php(180): Illuminate\\Routing\\Router->{closure:Illuminate\\Routing\\Router::runRouteWithinStack():821}()
#23 /var/www/html/vendor/spatie/laravel-permission/src/Middleware/PermissionMiddleware.php(41): Illuminate\\Pipeline\\Pipeline->{closure:Illuminate\\Pipeline\\Pipeline::prepareDestination():178}()
#24 /var/www/html/vendor/laravel/framework/src/Illuminate/Pipeline/Pipeline.php(219): Spatie\\Permission\\Middleware\\PermissionMiddleware->handle()
#25 /var/www/html/vendor/laravel/framework/src/Illuminate/Auth/Middleware/EnsureEmailIsVerified.php(41): Illuminate\\Pipeline\\Pipeline->{closure:{closure:Illuminate\\Pipeline\\Pipeline::carry():194}:195}()
#26 /var/www/html/vendor/laravel/framework/src/Illuminate/Pipeline/Pipeline.php(219): Illuminate\\Auth\\Middleware\\EnsureEmailIsVerified->handle()
#27 /var/www/html/vendor/laravel/framework/src/Illuminate/Http/Middleware/AddLinkHeadersForPreloadedAssets.php(32): Illuminate\\Pipeline\\Pipeline->{closure:{closure:Illuminate\\Pipeline\\Pipeline::carry():194}:195}()
#28 /var/www/html/vendor/laravel/framework/src/Illuminate/Pipeline/Pipeline.php(219): Illuminate\\Http\\Middleware\\AddLinkHeadersForPreloadedAssets->handle()
#29 /var/www/html/vendor/inertiajs/inertia-laravel/src/Middleware.php(138): Illuminate\\Pipeline\\Pipeline->{closure:{closure:Illuminate\\Pipeline\\Pipeline::carry():194}:195}()
#30 /var/www/html/vendor/laravel/framework/src/Illuminate/Pipeline/Pipeline.php(219): Inertia\\Middleware->handle()
#31 /var/www/html/app/Http/Middleware/HandleAppearance.php(21): Illuminate\\Pipeline\\Pipeline->{closure:{closure:Illuminate\\Pipeline\\Pipeline::carry():194}:195}()
#32 /var/www/html/vendor/laravel/framework/src/Illuminate/Pipeline/Pipeline.php(219): App\\Http\\Middleware\\HandleAppearance->handle()
#33 /var/www/html/vendor/laravel/framework/src/Illuminate/Routing/Middleware/SubstituteBindings.php(52): Illuminate\\Pipeline\\Pipeline->{closure:{closure:Illuminate\\Pipeline\\Pipeline::carry():194}:195}()
#34 /var/www/html/vendor/laravel/framework/src/Illuminate/Pipeline/Pipeline.php(219): Illuminate\\Routing\\Middleware\\SubstituteBindings->handle()
#35 /var/www/html/vendor/laravel/framework/src/Illuminate/Auth/Middleware/Authenticate.php(63): Illuminate\\Pipeline\\Pipeline->{closure:{closure:Illuminate\\Pipeline\\Pipeline::carry():194}:195}()
#36 /var/www/html/vendor/laravel/framework/src/Illuminate/Pipeline/Pipeline.php(219): Illuminate\\Auth\\Middleware\\Authenticate->handle()
#37 /var/www/html/vendor/laravel/framework/src/Illuminate/Foundation/Http/Middleware/PreventRequestForgery.php(104): Illuminate\\Pipeline\\Pipeline->{closure:{closure:Illuminate\\Pipeline\\Pipeline::carry():194}:195}()
#38 /var/www/html/vendor/laravel/framework/src/Illuminate/Pipeline/Pipeline.php(219): Illuminate\\Foundation\\Http\\Middleware\\PreventRequestForgery->handle()
#39 /var/www/html/vendor/laravel/framework/src/Illuminate/View/Middleware/ShareErrorsFromSession.php(48): Illuminate\\Pipeline\\Pipeline->{closure:{closure:Illuminate\\Pipeline\\Pipeline::carry():194}:195}()
#40 /var/www/html/vendor/laravel/framework/src/Illuminate/Pipeline/Pipeline.php(219): Illuminate\\View\\Middleware\\ShareErrorsFromSession->handle()
#41 /var/www/html/vendor/laravel/framework/src/Illuminate/Session/Middleware/StartSession.php(120): Illuminate\\Pipeline\\Pipeline->{closure:{closure:Illuminate\\Pipeline\\Pipeline::carry():194}:195}()
#42 /var/www/html/vendor/laravel/framework/src/Illuminate/Session/Middleware/StartSession.php(63): Illuminate\\Session\\Middleware\\StartSession->handleStatefulRequest()
#43 /var/www/html/vendor/laravel/framework/src/Illuminate/Pipeline/Pipeline.php(219): Illuminate\\Session\\Middleware\\StartSession->handle()
#44 /var/www/html/vendor/laravel/framework/src/Illuminate/Cookie/Middleware/AddQueuedCookiesToResponse.php(36): Illuminate\\Pipeline\\Pipeline->{closure:{closure:Illuminate\\Pipeline\\Pipeline::carry():194}:195}()
#45 /var/www/html/vendor/laravel/framework/src/Illuminate/Pipeline/Pipeline.php(219): Illuminate\\Cookie\\Middleware\\AddQueuedCookiesToResponse->handle()
#46 /var/www/html/vendor/laravel/framework/src/Illuminate/Cookie/Middleware/EncryptCookies.php(74): Illuminate\\Pipeline\\Pipeline->{closure:{closure:Illuminate\\Pipeline\\Pipeline::carry():194}:195}()
#47 /var/www/html/vendor/laravel/framework/src/Illuminate/Pipeline/Pipeline.php(219): Illuminate\\Cookie\\Middleware\\EncryptCookies->handle()
#48 /var/www/html/vendor/laravel/framework/src/Illuminate/Pipeline/Pipeline.php(137): Illuminate\\Pipeline\\Pipeline->{closure:{closure:Illuminate\\Pipeline\\Pipeline::carry():194}:195}()
#49 /var/www/html/vendor/laravel/framework/src/Illuminate/Routing/Router.php(821): Illuminate\\Pipeline\\Pipeline->then()
#50 /var/www/html/vendor/laravel/framework/src/Illuminate/Routing/Router.php(800): Illuminate\\Routing\\Router->runRouteWithinStack()
#51 /var/www/html/vendor/laravel/framework/src/Illuminate/Routing/Router.php(764): Illuminate\\Routing\\Router->runRoute()
#52 /var/www/html/vendor/laravel/framework/src/Illuminate/Routing/Router.php(753): Illuminate\\Routing\\Router->dispatchToRoute()
#53 /var/www/html/vendor/laravel/framework/src/Illuminate/Foundation/Http/Kernel.php(200): Illuminate\\Routing\\Router->dispatch()
#54 /var/www/html/vendor/laravel/framework/src/Illuminate/Pipeline/Pipeline.php(180): Illuminate\\Foundation\\Http\\Kernel->{closure:Illuminate\\Foundation\\Http\\Kernel::dispatchToRouter():197}()
#55 /var/www/html/vendor/laravel/framework/src/Illuminate/Foundation/Http/Middleware/TransformsRequest.php(21): Illuminate\\Pipeline\\Pipeline->{closure:Illuminate\\Pipeline\\Pipeline::prepareDestination():178}()
#56 /var/www/html/vendor/laravel/framework/src/Illuminate/Foundation/Http/Middleware/ConvertEmptyStringsToNull.php(31): Illuminate\\Foundation\\Http\\Middleware\\TransformsRequest->handle()
#57 /var/www/html/vendor/laravel/framework/src/Illuminate/Pipeline/Pipeline.php(219): Illuminate\\Foundation\\Http\\Middleware\\ConvertEmptyStringsToNull->handle()
#58 /var/www/html/vendor/laravel/framework/src/Illuminate/Foundation/Http/Middleware/TransformsRequest.php(21): Illuminate\\Pipeline\\Pipeline->{closure:{closure:Illuminate\\Pipeline\\Pipeline::carry():194}:195}()
#59 /var/www/html/vendor/laravel/framework/src/Illuminate/Foundation/Http/Middleware/TrimStrings.php(51): Illuminate\\Foundation\\Http\\Middleware\\TransformsRequest->handle()
#60 /var/www/html/vendor/laravel/framework/src/Illuminate/Pipeline/Pipeline.php(219): Illuminate\\Foundation\\Http\\Middleware\\TrimStrings->handle()
#61 /var/www/html/vendor/laravel/framework/src/Illuminate/Http/Middleware/ValidatePostSize.php(27): Illuminate\\Pipeline\\Pipeline->{closure:{closure:Illuminate\\Pipeline\\Pipeline::carry():194}:195}()
#62 /var/www/html/vendor/laravel/framework/src/Illuminate/Pipeline/Pipeline.php(219): Illuminate\\Http\\Middleware\\ValidatePostSize->handle()
#63 /var/www/html/vendor/laravel/framework/src/Illuminate/Foundation/Http/Middleware/PreventRequestsDuringMaintenance.php(109): Illuminate\\Pipeline\\Pipeline->{closure:{closure:Illuminate\\Pipeline\\Pipeline::carry():194}:195}()
#64 /var/www/html/vendor/laravel/framework/src/Illuminate/Pipeline/Pipeline.php(219): Illuminate\\Foundation\\Http\\Middleware\\PreventRequestsDuringMaintenance->handle()
#65 /var/www/html/vendor/laravel/framework/src/Illuminate/Http/Middleware/HandleCors.php(61): Illuminate\\Pipeline\\Pipeline->{closure:{closure:Illuminate\\Pipeline\\Pipeline::carry():194}:195}()
#66 /var/www/html/vendor/laravel/framework/src/Illuminate/Pipeline/Pipeline.php(219): Illuminate\\Http\\Middleware\\HandleCors->handle()
#67 /var/www/html/vendor/laravel/framework/src/Illuminate/Http/Middleware/TrustProxies.php(58): Illuminate\\Pipeline\\Pipeline->{closure:{closure:Illuminate\\Pipeline\\Pipeline::carry():194}:195}()
#68 /var/www/html/vendor/laravel/framework/src/Illuminate/Pipeline/Pipeline.php(219): Illuminate\\Http\\Middleware\\TrustProxies->handle()
#69 /var/www/html/vendor/laravel/framework/src/Illuminate/Foundation/Http/Middleware/InvokeDeferredCallbacks.php(22): Illuminate\\Pipeline\\Pipeline->{closure:{closure:Illuminate\\Pipeline\\Pipeline::carry():194}:195}()
#70 /var/www/html/vendor/laravel/framework/src/Illuminate/Pipeline/Pipeline.php(219): Illuminate\\Foundation\\Http\\Middleware\\InvokeDeferredCallbacks->handle()
#71 /var/www/html/vendor/laravel/framework/src/Illuminate/Http/Middleware/ValidatePathEncoding.php(28): Illuminate\\Pipeline\\Pipeline->{closure:{closure:Illuminate\\Pipeline\\Pipeline::carry():194}:195}()
#72 /var/www/html/vendor/laravel/framework/src/Illuminate/Pipeline/Pipeline.php(219): Illuminate\\Http\\Middleware\\ValidatePathEncoding->handle()
#73 /var/www/html/vendor/laravel/framework/src/Illuminate/Pipeline/Pipeline.php(137): Illuminate\\Pipeline\\Pipeline->{closure:{closure:Illuminate\\Pipeline\\Pipeline::carry():194}:195}()
#74 /var/www/html/vendor/laravel/framework/src/Illuminate/Foundation/Http/Kernel.php(175): Illuminate\\Pipeline\\Pipeline->then()
#75 /var/www/html/vendor/laravel/framework/src/Illuminate/Foundation/Http/Kernel.php(144): Illuminate\\Foundation\\Http\\Kernel->sendRequestThroughRouter()
#76 /var/www/html/vendor/laravel/framework/src/Illuminate/Foundation/Application.php(1220): Illuminate\\Foundation\\Http\\Kernel->handle()
#77 /var/www/html/public/index.php(20): Illuminate\\Foundation\\Application->handleRequest()
#78 /var/www/html/vendor/laravel/framework/src/Illuminate/Foundation/resources/server.php(23): require_once('...')
#79 {main}
"} 
[2026-08-08 07:12:19] local.ERROR: Undefined array key "avatar" {"userId":1,"exception":"[object] (ErrorException(code: 0): Undefined array key \"avatar\" at /var/www/html/app/Models/User.php:34)
[stacktrace]
#0 /var/www/html/vendor/laravel/framework/src/Illuminate/Foundation/Bootstrap/HandleExceptions.php(258): Illuminate\\Foundation\\Bootstrap\\HandleExceptions->handleError()
#1 /var/www/html/app/Models/User.php(34): Illuminate\\Foundation\\Bootstrap\\HandleExceptions->{closure:Illuminate\\Foundation\\Bootstrap\\HandleExceptions::forwardsTo():257}()
#2 /var/www/html/vendor/laravel/framework/src/Illuminate/Database/Eloquent/Concerns/HasAttributes.php(733): App\\Models\\User->getAvatarUrlAttribute()
#3 /var/www/html/vendor/laravel/framework/src/Illuminate/Database/Eloquent/Concerns/HasAttributes.php(785): Illuminate\\Database\\Eloquent\\Model->mutateAttribute()
#4 /var/www/html/vendor/laravel/framework/src/Illuminate/Database/Eloquent/Concerns/HasAttributes.php(251): Illuminate\\Database\\Eloquent\\Model->mutateAttributeForArray()
#5 /var/www/html/vendor/laravel/framework/src/Illuminate/Database/Eloquent/Model.php(1925): Illuminate\\Database\\Eloquent\\Model->attributesToArray()
#6 [internal function]: Illuminate\\Database\\Eloquent\\Model->{closure:Illuminate\\Database\\Eloquent\\Model::toArray():1925}()
#7 /var/www/html/vendor/laravel/framework/src/Illuminate/Database/Eloquent/Concerns/PreventsCircularRecursion.php(46): call_user_func()
#8 /var/www/html/vendor/laravel/framework/src/Illuminate/Database/Eloquent/Model.php(1924): Illuminate\\Database\\Eloquent\\Model->withoutRecursion()
#9 /var/www/html/vendor/laravel/framework/src/Illuminate/Collections/Traits/EnumeratesValues.php(978): Illuminate\\Database\\Eloquent\\Model->toArray()
#10 [internal function]: Illuminate\\Support\\Collection->{closure:Illuminate\\Support\\Traits\\EnumeratesValues::toArray():978}()
#11 /var/www/html/vendor/laravel/framework/src/Illuminate/Collections/Arr.php(841): array_map()
#12 /var/www/html/vendor/laravel/framework/src/Illuminate/Collections/Collection.php(815): Illuminate\\Support\\Arr::map()
#13 /var/www/html/vendor/laravel/framework/src/Illuminate/Database/Eloquent/Collection.php(421): Illuminate\\Support\\Collection->map()
#14 /var/www/html/vendor/laravel/framework/src/Illuminate/Collections/Traits/EnumeratesValues.php(978): Illuminate\\Database\\Eloquent\\Collection->map()
#15 /var/www/html/vendor/inertiajs/inertia-laravel/src/PropsResolver.php(429): Illuminate\\Support\\Collection->toArray()
#16 /var/www/html/vendor/inertiajs/inertia-laravel/src/PropsResolver.php(262): Inertia\\PropsResolver->resolveValue()
#17 /var/www/html/vendor/inertiajs/inertia-laravel/src/PropsResolver.php(158): Inertia\\PropsResolver->resolveProps()
#18 /var/www/html/vendor/inertiajs/inertia-laravel/src/Response.php(189): Inertia\\PropsResolver->resolve()
#19 /var/www/html/vendor/laravel/framework/src/Illuminate/Routing/Router.php(921): Inertia\\Response->toResponse()
#20 /var/www/html/vendor/laravel/framework/src/Illuminate/Routing/Router.php(906): Illuminate\\Routing\\Router::toResponse()
#21 /var/www/html/vendor/laravel/framework/src/Illuminate/Routing/Router.php(821): Illuminate\\Routing\\Router->prepareResponse()
#22 /var/www/html/vendor/laravel/framework/src/Illuminate/Pipeline/Pipeline.php(180): Illuminate\\Routing\\Router->{closure:Illuminate\\Routing\\Router::runRouteWithinStack():821}()
#23 /var/www/html/vendor/spatie/laravel-permission/src/Middleware/PermissionMiddleware.php(41): Illuminate\\Pipeline\\Pipeline->{closure:Illuminate\\Pipeline\\Pipeline::prepareDestination():178}()
#24 /var/www/html/vendor/laravel/framework/src/Illuminate/Pipeline/Pipeline.php(219): Spatie\\Permission\\Middleware\\PermissionMiddleware->handle()
#25 /var/www/html/vendor/laravel/framework/src/Illuminate/Auth/Middleware/EnsureEmailIsVerified.php(41): Illuminate\\Pipeline\\Pipeline->{closure:{closure:Illuminate\\Pipeline\\Pipeline::carry():194}:195}()
#26 /var/www/html/vendor/laravel/framework/src/Illuminate/Pipeline/Pipeline.php(219): Illuminate\\Auth\\Middleware\\EnsureEmailIsVerified->handle()
#27 /var/www/html/vendor/laravel/framework/src/Illuminate/Http/Middleware/AddLinkHeadersForPreloadedAssets.php(32): Illuminate\\Pipeline\\Pipeline->{closure:{closure:Illuminate\\Pipeline\\Pipeline::carry():194}:195}()
#28 /var/www/html/vendor/laravel/framework/src/Illuminate/Pipeline/Pipeline.php(219): Illuminate\\Http\\Middleware\\AddLinkHeadersForPreloadedAssets->handle()
#29 /var/www/html/vendor/inertiajs/inertia-laravel/src/Middleware.php(138): Illuminate\\Pipeline\\Pipeline->{closure:{closure:Illuminate\\Pipeline\\Pipeline::carry():194}:195}()
#30 /var/www/html/vendor/laravel/framework/src/Illuminate/Pipeline/Pipeline.php(219): Inertia\\Middleware->handle()
#31 /var/www/html/app/Http/Middleware/HandleAppearance.php(21): Illuminate\\Pipeline\\Pipeline->{closure:{closure:Illuminate\\Pipeline\\Pipeline::carry():194}:195}()
#32 /var/www/html/vendor/laravel/framework/src/Illuminate/Pipeline/Pipeline.php(219): App\\Http\\Middleware\\HandleAppearance->handle()
#33 /var/www/html/vendor/laravel/framework/src/Illuminate/Routing/Middleware/SubstituteBindings.php(52): Illuminate\\Pipeline\\Pipeline->{closure:{closure:Illuminate\\Pipeline\\Pipeline::carry():194}:195}()
#34 /var/www/html/vendor/laravel/framework/src/Illuminate/Pipeline/Pipeline.php(219): Illuminate\\Routing\\Middleware\\SubstituteBindings->handle()
#35 /var/www/html/vendor/laravel/framework/src/Illuminate/Auth/Middleware/Authenticate.php(63): Illuminate\\Pipeline\\Pipeline->{closure:{closure:Illuminate\\Pipeline\\Pipeline::carry():194}:195}()
#36 /var/www/html/vendor/laravel/framework/src/Illuminate/Pipeline/Pipeline.php(219): Illuminate\\Auth\\Middleware\\Authenticate->handle()
#37 /var/www/html/vendor/laravel/framework/src/Illuminate/Foundation/Http/Middleware/PreventRequestForgery.php(104): Illuminate\\Pipeline\\Pipeline->{closure:{closure:Illuminate\\Pipeline\\Pipeline::carry():194}:195}()
#38 /var/www/html/vendor/laravel/framework/src/Illuminate/Pipeline/Pipeline.php(219): Illuminate\\Foundation\\Http\\Middleware\\PreventRequestForgery->handle()
#39 /var/www/html/vendor/laravel/framework/src/Illuminate/View/Middleware/ShareErrorsFromSession.php(48): Illuminate\\Pipeline\\Pipeline->{closure:{closure:Illuminate\\Pipeline\\Pipeline::carry():194}:195}()
#40 /var/www/html/vendor/laravel/framework/src/Illuminate/Pipeline/Pipeline.php(219): Illuminate\\View\\Middleware\\ShareErrorsFromSession->handle()
#41 /var/www/html/vendor/laravel/framework/src/Illuminate/Session/Middleware/StartSession.php(120): Illuminate\\Pipeline\\Pipeline->{closure:{closure:Illuminate\\Pipeline\\Pipeline::carry():194}:195}()
#42 /var/www/html/vendor/laravel/framework/src/Illuminate/Session/Middleware/StartSession.php(63): Illuminate\\Session\\Middleware\\StartSession->handleStatefulRequest()
#43 /var/www/html/vendor/laravel/framework/src/Illuminate/Pipeline/Pipeline.php(219): Illuminate\\Session\\Middleware\\StartSession->handle()
#44 /var/www/html/vendor/laravel/framework/src/Illuminate/Cookie/Middleware/AddQueuedCookiesToResponse.php(36): Illuminate\\Pipeline\\Pipeline->{closure:{closure:Illuminate\\Pipeline\\Pipeline::carry():194}:195}()
#45 /var/www/html/vendor/laravel/framework/src/Illuminate/Pipeline/Pipeline.php(219): Illuminate\\Cookie\\Middleware\\AddQueuedCookiesToResponse->handle()
#46 /var/www/html/vendor/laravel/framework/src/Illuminate/Cookie/Middleware/EncryptCookies.php(74): Illuminate\\Pipeline\\Pipeline->{closure:{closure:Illuminate\\Pipeline\\Pipeline::carry():194}:195}()
#47 /var/www/html/vendor/laravel/framework/src/Illuminate/Pipeline/Pipeline.php(219): Illuminate\\Cookie\\Middleware\\EncryptCookies->handle()
#48 /var/www/html/vendor/laravel/framework/src/Illuminate/Pipeline/Pipeline.php(137): Illuminate\\Pipeline\\Pipeline->{closure:{closure:Illuminate\\Pipeline\\Pipeline::carry():194}:195}()
#49 /var/www/html/vendor/laravel/framework/src/Illuminate/Routing/Router.php(821): Illuminate\\Pipeline\\Pipeline->then()
#50 /var/www/html/vendor/laravel/framework/src/Illuminate/Routing/Router.php(800): Illuminate\\Routing\\Router->runRouteWithinStack()
#51 /var/www/html/vendor/laravel/framework/src/Illuminate/Routing/Router.php(764): Illuminate\\Routing\\Router->runRoute()
#52 /var/www/html/vendor/laravel/framework/src/Illuminate/Routing/Router.php(753): Illuminate\\Routing\\Router->dispatchToRoute()
#53 /var/www/html/vendor/laravel/framework/src/Illuminate/Foundation/Http/Kernel.php(200): Illuminate\\Routing\\Router->dispatch()
#54 /var/www/html/vendor/laravel/framework/src/Illuminate/Pipeline/Pipeline.php(180): Illuminate\\Foundation\\Http\\Kernel->{closure:Illuminate\\Foundation\\Http\\Kernel::dispatchToRouter():197}()
#55 /var/www/html/vendor/laravel/framework/src/Illuminate/Foundation/Http/Middleware/TransformsRequest.php(21): Illuminate\\Pipeline\\Pipeline->{closure:Illuminate\\Pipeline\\Pipeline::prepareDestination():178}()
#56 /var/www/html/vendor/laravel/framework/src/Illuminate/Foundation/Http/Middleware/ConvertEmptyStringsToNull.php(31): Illuminate\\Foundation\\Http\\Middleware\\TransformsRequest->handle()
#57 /var/www/html/vendor/laravel/framework/src/Illuminate/Pipeline/Pipeline.php(219): Illuminate\\Foundation\\Http\\Middleware\\ConvertEmptyStringsToNull->handle()
#58 /var/www/html/vendor/laravel/framework/src/Illuminate/Foundation/Http/Middleware/TransformsRequest.php(21): Illuminate\\Pipeline\\Pipeline->{closure:{closure:Illuminate\\Pipeline\\Pipeline::carry():194}:195}()
#59 /var/www/html/vendor/laravel/framework/src/Illuminate/Foundation/Http/Middleware/TrimStrings.php(51): Illuminate\\Foundation\\Http\\Middleware\\TransformsRequest->handle()
#60 /var/www/html/vendor/laravel/framework/src/Illuminate/Pipeline/Pipeline.php(219): Illuminate\\Foundation\\Http\\Middleware\\TrimStrings->handle()
#61 /var/www/html/vendor/laravel/framework/src/Illuminate/Http/Middleware/ValidatePostSize.php(27): Illuminate\\Pipeline\\Pipeline->{closure:{closure:Illuminate\\Pipeline\\Pipeline::carry():194}:195}()
#62 /var/www/html/vendor/laravel/framework/src/Illuminate/Pipeline/Pipeline.php(219): Illuminate\\Http\\Middleware\\ValidatePostSize->handle()
#63 /var/www/html/vendor/laravel/framework/src/Illuminate/Foundation/Http/Middleware/PreventRequestsDuringMaintenance.php(109): Illuminate\\Pipeline\\Pipeline->{closure:{closure:Illuminate\\Pipeline\\Pipeline::carry():194}:195}()
#64 /var/www/html/vendor/laravel/framework/src/Illuminate/Pipeline/Pipeline.php(219): Illuminate\\Foundation\\Http\\Middleware\\PreventRequestsDuringMaintenance->handle()
#65 /var/www/html/vendor/laravel/framework/src/Illuminate/Http/Middleware/HandleCors.php(61): Illuminate\\Pipeline\\Pipeline->{closure:{closure:Illuminate\\Pipeline\\Pipeline::carry():194}:195}()
#66 /var/www/html/vendor/laravel/framework/src/Illuminate/Pipeline/Pipeline.php(219): Illuminate\\Http\\Middleware\\HandleCors->handle()
#67 /var/www/html/vendor/laravel/framework/src/Illuminate/Http/Middleware/TrustProxies.php(58): Illuminate\\Pipeline\\Pipeline->{closure:{closure:Illuminate\\Pipeline\\Pipeline::carry():194}:195}()
#68 /var/www/html/vendor/laravel/framework/src/Illuminate/Pipeline/Pipeline.php(219): Illuminate\\Http\\Middleware\\TrustProxies->handle()
#69 /var/www/html/vendor/laravel/framework/src/Illuminate/Foundation/Http/Middleware/InvokeDeferredCallbacks.php(22): Illuminate\\Pipeline\\Pipeline->{closure:{closure:Illuminate\\Pipeline\\Pipeline::carry():194}:195}()
#70 /var/www/html/vendor/laravel/framework/src/Illuminate/Pipeline/Pipeline.php(219): Illuminate\\Foundation\\Http\\Middleware\\InvokeDeferredCallbacks->handle()
#71 /var/www/html/vendor/laravel/framework/src/Illuminate/Http/Middleware/ValidatePathEncoding.php(28): Illuminate\\Pipeline\\Pipeline->{closure:{closure:Illuminate\\Pipeline\\Pipeline::carry():194}:195}()
#72 /var/www/html/vendor/laravel/framework/src/Illuminate/Pipeline/Pipeline.php(219): Illuminate\\Http\\Middleware\\ValidatePathEncoding->handle()
#73 /var/www/html/vendor/laravel/framework/src/Illuminate/Pipeline/Pipeline.php(137): Illuminate\\Pipeline\\Pipeline->{closure:{closure:Illuminate\\Pipeline\\Pipeline::carry():194}:195}()
#74 /var/www/html/vendor/laravel/framework/src/Illuminate/Foundation/Http/Kernel.php(175): Illuminate\\Pipeline\\Pipeline->then()
#75 /var/www/html/vendor/laravel/framework/src/Illuminate/Foundation/Http/Kernel.php(144): Illuminate\\Foundation\\Http\\Kernel->sendRequestThroughRouter()
#76 /var/www/html/vendor/laravel/framework/src/Illuminate/Foundation/Application.php(1220): Illuminate\\Foundation\\Http\\Kernel->handle()
#77 /var/www/html/public/index.php(20): Illuminate\\Foundation\\Application->handleRequest()
#78 /var/www/html/vendor/laravel/framework/src/Illuminate/Foundation/resources/server.php(23): require_once('...')
#79 {main}
"} 
[2026-08-08 07:12:20] local.ERROR: Undefined array key "avatar" {"userId":1,"exception":"[object] (ErrorException(code: 0): Undefined array key \"avatar\" at /var/www/html/app/Models/User.php:34)
[stacktrace]
#0 /var/www/html/vendor/laravel/framework/src/Illuminate/Foundation/Bootstrap/HandleExceptions.php(258): Illuminate\\Foundation\\Bootstrap\\HandleExceptions->handleError()
#1 /var/www/html/app/Models/User.php(34): Illuminate\\Foundation\\Bootstrap\\HandleExceptions->{closure:Illuminate\\Foundation\\Bootstrap\\HandleExceptions::forwardsTo():257}()
#2 /var/www/html/vendor/laravel/framework/src/Illuminate/Database/Eloquent/Concerns/HasAttributes.php(733): App\\Models\\User->getAvatarUrlAttribute()
#3 /var/www/html/vendor/laravel/framework/src/Illuminate/Database/Eloquent/Concerns/HasAttributes.php(785): Illuminate\\Database\\Eloquent\\Model->mutateAttribute()
#4 /var/www/html/vendor/laravel/framework/src/Illuminate/Database/Eloquent/Concerns/HasAttributes.php(251): Illuminate\\Database\\Eloquent\\Model->mutateAttributeForArray()
#5 /var/www/html/vendor/laravel/framework/src/Illuminate/Database/Eloquent/Model.php(1925): Illuminate\\Database\\Eloquent\\Model->attributesToArray()
#6 [internal function]: Illuminate\\Database\\Eloquent\\Model->{closure:Illuminate\\Database\\Eloquent\\Model::toArray():1925}()
#7 /var/www/html/vendor/laravel/framework/src/Illuminate/Database/Eloquent/Concerns/PreventsCircularRecursion.php(46): call_user_func()
#8 /var/www/html/vendor/laravel/framework/src/Illuminate/Database/Eloquent/Model.php(1924): Illuminate\\Database\\Eloquent\\Model->withoutRecursion()
#9 /var/www/html/vendor/laravel/framework/src/Illuminate/Collections/Traits/EnumeratesValues.php(978): Illuminate\\Database\\Eloquent\\Model->toArray()
#10 [internal function]: Illuminate\\Support\\Collection->{closure:Illuminate\\Support\\Traits\\EnumeratesValues::toArray():978}()
#11 /var/www/html/vendor/laravel/framework/src/Illuminate/Collections/Arr.php(841): array_map()
#12 /var/www/html/vendor/laravel/framework/src/Illuminate/Collections/Collection.php(815): Illuminate\\Support\\Arr::map()
#13 /var/www/html/vendor/laravel/framework/src/Illuminate/Database/Eloquent/Collection.php(421): Illuminate\\Support\\Collection->map()
#14 /var/www/html/vendor/laravel/framework/src/Illuminate/Collections/Traits/EnumeratesValues.php(978): Illuminate\\Database\\Eloquent\\Collection->map()
#15 /var/www/html/vendor/inertiajs/inertia-laravel/src/PropsResolver.php(429): Illuminate\\Support\\Collection->toArray()
#16 /var/www/html/vendor/inertiajs/inertia-laravel/src/PropsResolver.php(262): Inertia\\PropsResolver->resolveValue()
#17 /var/www/html/vendor/inertiajs/inertia-laravel/src/PropsResolver.php(158): Inertia\\PropsResolver->resolveProps()
#18 /var/www/html/vendor/inertiajs/inertia-laravel/src/Response.php(189): Inertia\\PropsResolver->resolve()
#19 /var/www/html/vendor/laravel/framework/src/Illuminate/Routing/Router.php(921): Inertia\\Response->toResponse()
#20 /var/www/html/vendor/laravel/framework/src/Illuminate/Routing/Router.php(906): Illuminate\\Routing\\Router::toResponse()
#21 /var/www/html/vendor/laravel/framework/src/Illuminate/Routing/Router.php(821): Illuminate\\Routing\\Router->prepareResponse()
#22 /var/www/html/vendor/laravel/framework/src/Illuminate/Pipeline/Pipeline.php(180): Illuminate\\Routing\\Router->{closure:Illuminate\\Routing\\Router::runRouteWithinStack():821}()
#23 /var/www/html/vendor/spatie/laravel-permission/src/Middleware/PermissionMiddleware.php(41): Illuminate\\Pipeline\\Pipeline->{closure:Illuminate\\Pipeline\\Pipeline::prepareDestination():178}()
#24 /var/www/html/vendor/laravel/framework/src/Illuminate/Pipeline/Pipeline.php(219): Spatie\\Permission\\Middleware\\PermissionMiddleware->handle()
#25 /var/www/html/vendor/laravel/framework/src/Illuminate/Auth/Middleware/EnsureEmailIsVerified.php(41): Illuminate\\Pipeline\\Pipeline->{closure:{closure:Illuminate\\Pipeline\\Pipeline::carry():194}:195}()
#26 /var/www/html/vendor/laravel/framework/src/Illuminate/Pipeline/Pipeline.php(219): Illuminate\\Auth\\Middleware\\EnsureEmailIsVerified->handle()
#27 /var/www/html/vendor/laravel/framework/src/Illuminate/Http/Middleware/AddLinkHeadersForPreloadedAssets.php(32): Illuminate\\Pipeline\\Pipeline->{closure:{closure:Illuminate\\Pipeline\\Pipeline::carry():194}:195}()
#28 /var/www/html/vendor/laravel/framework/src/Illuminate/Pipeline/Pipeline.php(219): Illuminate\\Http\\Middleware\\AddLinkHeadersForPreloadedAssets->handle()
#29 /var/www/html/vendor/inertiajs/inertia-laravel/src/Middleware.php(138): Illuminate\\Pipeline\\Pipeline->{closure:{closure:Illuminate\\Pipeline\\Pipeline::carry():194}:195}()
#30 /var/www/html/vendor/laravel/framework/src/Illuminate/Pipeline/Pipeline.php(219): Inertia\\Middleware->handle()
#31 /var/www/html/app/Http/Middleware/HandleAppearance.php(21): Illuminate\\Pipeline\\Pipeline->{closure:{closure:Illuminate\\Pipeline\\Pipeline::carry():194}:195}()
#32 /var/www/html/vendor/laravel/framework/src/Illuminate/Pipeline/Pipeline.php(219): App\\Http\\Middleware\\HandleAppearance->handle()
#33 /var/www/html/vendor/laravel/framework/src/Illuminate/Routing/Middleware/SubstituteBindings.php(52): Illuminate\\Pipeline\\Pipeline->{closure:{closure:Illuminate\\Pipeline\\Pipeline::carry():194}:195}()
#34 /var/www/html/vendor/laravel/framework/src/Illuminate/Pipeline/Pipeline.php(219): Illuminate\\Routing\\Middleware\\SubstituteBindings->handle()
#35 /var/www/html/vendor/laravel/framework/src/Illuminate/Auth/Middleware/Authenticate.php(63): Illuminate\\Pipeline\\Pipeline->{closure:{closure:Illuminate\\Pipeline\\Pipeline::carry():194}:195}()
#36 /var/www/html/vendor/laravel/framework/src/Illuminate/Pipeline/Pipeline.php(219): Illuminate\\Auth\\Middleware\\Authenticate->handle()
#37 /var/www/html/vendor/laravel/framework/src/Illuminate/Foundation/Http/Middleware/PreventRequestForgery.php(104): Illuminate\\Pipeline\\Pipeline->{closure:{closure:Illuminate\\Pipeline\\Pipeline::carry():194}:195}()
#38 /var/www/html/vendor/laravel/framework/src/Illuminate/Pipeline/Pipeline.php(219): Illuminate\\Foundation\\Http\\Middleware\\PreventRequestForgery->handle()
#39 /var/www/html/vendor/laravel/framework/src/Illuminate/View/Middleware/ShareErrorsFromSession.php(48): Illuminate\\Pipeline\\Pipeline->{closure:{closure:Illuminate\\Pipeline\\Pipeline::carry():194}:195}()
#40 /var/www/html/vendor/laravel/framework/src/Illuminate/Pipeline/Pipeline.php(219): Illuminate\\View\\Middleware\\ShareErrorsFromSession->handle()
#41 /var/www/html/vendor/laravel/framework/src/Illuminate/Session/Middleware/StartSession.php(120): Illuminate\\Pipeline\\Pipeline->{closure:{closure:Illuminate\\Pipeline\\Pipeline::carry():194}:195}()
#42 /var/www/html/vendor/laravel/framework/src/Illuminate/Session/Middleware/StartSession.php(63): Illuminate\\Session\\Middleware\\StartSession->handleStatefulRequest()
#43 /var/www/html/vendor/laravel/framework/src/Illuminate/Pipeline/Pipeline.php(219): Illuminate\\Session\\Middleware\\StartSession->handle()
#44 /var/www/html/vendor/laravel/framework/src/Illuminate/Cookie/Middleware/AddQueuedCookiesToResponse.php(36): Illuminate\\Pipeline\\Pipeline->{closure:{closure:Illuminate\\Pipeline\\Pipeline::carry():194}:195}()
#45 /var/www/html/vendor/laravel/framework/src/Illuminate/Pipeline/Pipeline.php(219): Illuminate\\Cookie\\Middleware\\AddQueuedCookiesToResponse->handle()
#46 /var/www/html/vendor/laravel/framework/src/Illuminate/Cookie/Middleware/EncryptCookies.php(74): Illuminate\\Pipeline\\Pipeline->{closure:{closure:Illuminate\\Pipeline\\Pipeline::carry():194}:195}()
#47 /var/www/html/vendor/laravel/framework/src/Illuminate/Pipeline/Pipeline.php(219): Illuminate\\Cookie\\Middleware\\EncryptCookies->handle()
#48 /var/www/html/vendor/laravel/framework/src/Illuminate/Pipeline/Pipeline.php(137): Illuminate\\Pipeline\\Pipeline->{closure:{closure:Illuminate\\Pipeline\\Pipeline::carry():194}:195}()
#49 /var/www/html/vendor/laravel/framework/src/Illuminate/Routing/Router.php(821): Illuminate\\Pipeline\\Pipeline->then()
#50 /var/www/html/vendor/laravel/framework/src/Illuminate/Routing/Router.php(800): Illuminate\\Routing\\Router->runRouteWithinStack()
#51 /var/www/html/vendor/laravel/framework/src/Illuminate/Routing/Router.php(764): Illuminate\\Routing\\Router->runRoute()
#52 /var/www/html/vendor/laravel/framework/src/Illuminate/Routing/Router.php(753): Illuminate\\Routing\\Router->dispatchToRoute()
#53 /var/www/html/vendor/laravel/framework/src/Illuminate/Foundation/Http/Kernel.php(200): Illuminate\\Routing\\Router->dispatch()
#54 /var/www/html/vendor/laravel/framework/src/Illuminate/Pipeline/Pipeline.php(180): Illuminate\\Foundation\\Http\\Kernel->{closure:Illuminate\\Foundation\\Http\\Kernel::dispatchToRouter():197}()
#55 /var/www/html/vendor/laravel/framework/src/Illuminate/Foundation/Http/Middleware/TransformsRequest.php(21): Illuminate\\Pipeline\\Pipeline->{closure:Illuminate\\Pipeline\\Pipeline::prepareDestination():178}()
#56 /var/www/html/vendor/laravel/framework/src/Illuminate/Foundation/Http/Middleware/ConvertEmptyStringsToNull.php(31): Illuminate\\Foundation\\Http\\Middleware\\TransformsRequest->handle()
#57 /var/www/html/vendor/laravel/framework/src/Illuminate/Pipeline/Pipeline.php(219): Illuminate\\Foundation\\Http\\Middleware\\ConvertEmptyStringsToNull->handle()
#58 /var/www/html/vendor/laravel/framework/src/Illuminate/Foundation/Http/Middleware/TransformsRequest.php(21): Illuminate\\Pipeline\\Pipeline->{closure:{closure:Illuminate\\Pipeline\\Pipeline::carry():194}:195}()
#59 /var/www/html/vendor/laravel/framework/src/Illuminate/Foundation/Http/Middleware/TrimStrings.php(51): Illuminate\\Foundation\\Http\\Middleware\\TransformsRequest->handle()
#60 /var/www/html/vendor/laravel/framework/src/Illuminate/Pipeline/Pipeline.php(219): Illuminate\\Foundation\\Http\\Middleware\\TrimStrings->handle()
#61 /var/www/html/vendor/laravel/framework/src/Illuminate/Http/Middleware/ValidatePostSize.php(27): Illuminate\\Pipeline\\Pipeline->{closure:{closure:Illuminate\\Pipeline\\Pipeline::carry():194}:195}()
#62 /var/www/html/vendor/laravel/framework/src/Illuminate/Pipeline/Pipeline.php(219): Illuminate\\Http\\Middleware\\ValidatePostSize->handle()
#63 /var/www/html/vendor/laravel/framework/src/Illuminate/Foundation/Http/Middleware/PreventRequestsDuringMaintenance.php(109): Illuminate\\Pipeline\\Pipeline->{closure:{closure:Illuminate\\Pipeline\\Pipeline::carry():194}:195}()
#64 /var/www/html/vendor/laravel/framework/src/Illuminate/Pipeline/Pipeline.php(219): Illuminate\\Foundation\\Http\\Middleware\\PreventRequestsDuringMaintenance->handle()
#65 /var/www/html/vendor/laravel/framework/src/Illuminate/Http/Middleware/HandleCors.php(61): Illuminate\\Pipeline\\Pipeline->{closure:{closure:Illuminate\\Pipeline\\Pipeline::carry():194}:195}()
#66 /var/www/html/vendor/laravel/framework/src/Illuminate/Pipeline/Pipeline.php(219): Illuminate\\Http\\Middleware\\HandleCors->handle()
#67 /var/www/html/vendor/laravel/framework/src/Illuminate/Http/Middleware/TrustProxies.php(58): Illuminate\\Pipeline\\Pipeline->{closure:{closure:Illuminate\\Pipeline\\Pipeline::carry():194}:195}()
#68 /var/www/html/vendor/laravel/framework/src/Illuminate/Pipeline/Pipeline.php(219): Illuminate\\Http\\Middleware\\TrustProxies->handle()
#69 /var/www/html/vendor/laravel/framework/src/Illuminate/Foundation/Http/Middleware/InvokeDeferredCallbacks.php(22): Illuminate\\Pipeline\\Pipeline->{closure:{closure:Illuminate\\Pipeline\\Pipeline::carry():194}:195}()
#70 /var/www/html/vendor/laravel/framework/src/Illuminate/Pipeline/Pipeline.php(219): Illuminate\\Foundation\\Http\\Middleware\\InvokeDeferredCallbacks->handle()
#71 /var/www/html/vendor/laravel/framework/src/Illuminate/Http/Middleware/ValidatePathEncoding.php(28): Illuminate\\Pipeline\\Pipeline->{closure:{closure:Illuminate\\Pipeline\\Pipeline::carry():194}:195}()
#72 /var/www/html/vendor/laravel/framework/src/Illuminate/Pipeline/Pipeline.php(219): Illuminate\\Http\\Middleware\\ValidatePathEncoding->handle()
#73 /var/www/html/vendor/laravel/framework/src/Illuminate/Pipeline/Pipeline.php(137): Illuminate\\Pipeline\\Pipeline->{closure:{closure:Illuminate\\Pipeline\\Pipeline::carry():194}:195}()
#74 /var/www/html/vendor/laravel/framework/src/Illuminate/Foundation/Http/Kernel.php(175): Illuminate\\Pipeline\\Pipeline->then()
#75 /var/www/html/vendor/laravel/framework/src/Illuminate/Foundation/Http/Kernel.php(144): Illuminate\\Foundation\\Http\\Kernel->sendRequestThroughRouter()
#76 /var/www/html/vendor/laravel/framework/src/Illuminate/Foundation/Application.php(1220): Illuminate\\Foundation\\Http\\Kernel->handle()
#77 /var/www/html/public/index.php(20): Illuminate\\Foundation\\Application->handleRequest()
#78 /var/www/html/vendor/laravel/framework/src/Illuminate/Foundation/resources/server.php(23): require_once('...')
#79 {main}
"} 
[2026-08-08 07:12:22] local.ERROR: Undefined array key "avatar" {"userId":1,"exception":"[object] (ErrorException(code: 0): Undefined array key \"avatar\" at /var/www/html/app/Models/User.php:34)
[stacktrace]
#0 /var/www/html/vendor/laravel/framework/src/Illuminate/Foundation/Bootstrap/HandleExceptions.php(258): Illuminate\\Foundation\\Bootstrap\\HandleExceptions->handleError()
#1 /var/www/html/app/Models/User.php(34): Illuminate\\Foundation\\Bootstrap\\HandleExceptions->{closure:Illuminate\\Foundation\\Bootstrap\\HandleExceptions::forwardsTo():257}()
#2 /var/www/html/vendor/laravel/framework/src/Illuminate/Database/Eloquent/Concerns/HasAttributes.php(733): App\\Models\\User->getAvatarUrlAttribute()
#3 /var/www/html/vendor/laravel/framework/src/Illuminate/Database/Eloquent/Concerns/HasAttributes.php(785): Illuminate\\Database\\Eloquent\\Model->mutateAttribute()
#4 /var/www/html/vendor/laravel/framework/src/Illuminate/Database/Eloquent/Concerns/HasAttributes.php(251): Illuminate\\Database\\Eloquent\\Model->mutateAttributeForArray()
#5 /var/www/html/vendor/laravel/framework/src/Illuminate/Database/Eloquent/Model.php(1925): Illuminate\\Database\\Eloquent\\Model->attributesToArray()
#6 [internal function]: Illuminate\\Database\\Eloquent\\Model->{closure:Illuminate\\Database\\Eloquent\\Model::toArray():1925}()
#7 /var/www/html/vendor/laravel/framework/src/Illuminate/Database/Eloquent/Concerns/PreventsCircularRecursion.php(46): call_user_func()
#8 /var/www/html/vendor/laravel/framework/src/Illuminate/Database/Eloquent/Model.php(1924): Illuminate\\Database\\Eloquent\\Model->withoutRecursion()
#9 /var/www/html/vendor/laravel/framework/src/Illuminate/Collections/Traits/EnumeratesValues.php(978): Illuminate\\Database\\Eloquent\\Model->toArray()
#10 [internal function]: Illuminate\\Support\\Collection->{closure:Illuminate\\Support\\Traits\\EnumeratesValues::toArray():978}()
#11 /var/www/html/vendor/laravel/framework/src/Illuminate/Collections/Arr.php(841): array_map()
#12 /var/www/html/vendor/laravel/framework/src/Illuminate/Collections/Collection.php(815): Illuminate\\Support\\Arr::map()
#13 /var/www/html/vendor/laravel/framework/src/Illuminate/Database/Eloquent/Collection.php(421): Illuminate\\Support\\Collection->map()
#14 /var/www/html/vendor/laravel/framework/src/Illuminate/Collections/Traits/EnumeratesValues.php(978): Illuminate\\Database\\Eloquent\\Collection->map()
#15 /var/www/html/vendor/inertiajs/inertia-laravel/src/PropsResolver.php(429): Illuminate\\Support\\Collection->toArray()
#16 /var/www/html/vendor/inertiajs/inertia-laravel/src/PropsResolver.php(262): Inertia\\PropsResolver->resolveValue()
#17 /var/www/html/vendor/inertiajs/inertia-laravel/src/PropsResolver.php(158): Inertia\\PropsResolver->resolveProps()
#18 /var/www/html/vendor/inertiajs/inertia-laravel/src/Response.php(189): Inertia\\PropsResolver->resolve()
#19 /var/www/html/vendor/laravel/framework/src/Illuminate/Routing/Router.php(921): Inertia\\Response->toResponse()
#20 /var/www/html/vendor/laravel/framework/src/Illuminate/Routing/Router.php(906): Illuminate\\Routing\\Router::toResponse()
#21 /var/www/html/vendor/laravel/framework/src/Illuminate/Routing/Router.php(821): Illuminate\\Routing\\Router->prepareResponse()
#22 /var/www/html/vendor/laravel/framework/src/Illuminate/Pipeline/Pipeline.php(180): Illuminate\\Routing\\Router->{closure:Illuminate\\Routing\\Router::runRouteWithinStack():821}()
#23 /var/www/html/vendor/spatie/laravel-permission/src/Middleware/PermissionMiddleware.php(41): Illuminate\\Pipeline\\Pipeline->{closure:Illuminate\\Pipeline\\Pipeline::prepareDestination():178}()
#24 /var/www/html/vendor/laravel/framework/src/Illuminate/Pipeline/Pipeline.php(219): Spatie\\Permission\\Middleware\\PermissionMiddleware->handle()
#25 /var/www/html/vendor/laravel/framework/src/Illuminate/Auth/Middleware/EnsureEmailIsVerified.php(41): Illuminate\\Pipeline\\Pipeline->{closure:{closure:Illuminate\\Pipeline\\Pipeline::carry():194}:195}()
#26 /var/www/html/vendor/laravel/framework/src/Illuminate/Pipeline/Pipeline.php(219): Illuminate\\Auth\\Middleware\\EnsureEmailIsVerified->handle()
#27 /var/www/html/vendor/laravel/framework/src/Illuminate/Http/Middleware/AddLinkHeadersForPreloadedAssets.php(32): Illuminate\\Pipeline\\Pipeline->{closure:{closure:Illuminate\\Pipeline\\Pipeline::carry():194}:195}()
#28 /var/www/html/vendor/laravel/framework/src/Illuminate/Pipeline/Pipeline.php(219): Illuminate\\Http\\Middleware\\AddLinkHeadersForPreloadedAssets->handle()
#29 /var/www/html/vendor/inertiajs/inertia-laravel/src/Middleware.php(138): Illuminate\\Pipeline\\Pipeline->{closure:{closure:Illuminate\\Pipeline\\Pipeline::carry():194}:195}()
#30 /var/www/html/vendor/laravel/framework/src/Illuminate/Pipeline/Pipeline.php(219): Inertia\\Middleware->handle()
#31 /var/www/html/app/Http/Middleware/HandleAppearance.php(21): Illuminate\\Pipeline\\Pipeline->{closure:{closure:Illuminate\\Pipeline\\Pipeline::carry():194}:195}()
#32 /var/www/html/vendor/laravel/framework/src/Illuminate/Pipeline/Pipeline.php(219): App\\Http\\Middleware\\HandleAppearance->handle()
#33 /var/www/html/vendor/laravel/framework/src/Illuminate/Routing/Middleware/SubstituteBindings.php(52): Illuminate\\Pipeline\\Pipeline->{closure:{closure:Illuminate\\Pipeline\\Pipeline::carry():194}:195}()
#34 /var/www/html/vendor/laravel/framework/src/Illuminate/Pipeline/Pipeline.php(219): Illuminate\\Routing\\Middleware\\SubstituteBindings->handle()
#35 /var/www/html/vendor/laravel/framework/src/Illuminate/Auth/Middleware/Authenticate.php(63): Illuminate\\Pipeline\\Pipeline->{closure:{closure:Illuminate\\Pipeline\\Pipeline::carry():194}:195}()
#36 /var/www/html/vendor/laravel/framework/src/Illuminate/Pipeline/Pipeline.php(219): Illuminate\\Auth\\Middleware\\Authenticate->handle()
#37 /var/www/html/vendor/laravel/framework/src/Illuminate/Foundation/Http/Middleware/PreventRequestForgery.php(104): Illuminate\\Pipeline\\Pipeline->{closure:{closure:Illuminate\\Pipeline\\Pipeline::carry():194}:195}()
#38 /var/www/html/vendor/laravel/framework/src/Illuminate/Pipeline/Pipeline.php(219): Illuminate\\Foundation\\Http\\Middleware\\PreventRequestForgery->handle()
#39 /var/www/html/vendor/laravel/framework/src/Illuminate/View/Middleware/ShareErrorsFromSession.php(48): Illuminate\\Pipeline\\Pipeline->{closure:{closure:Illuminate\\Pipeline\\Pipeline::carry():194}:195}()
#40 /var/www/html/vendor/laravel/framework/src/Illuminate/Pipeline/Pipeline.php(219): Illuminate\\View\\Middleware\\ShareErrorsFromSession->handle()
#41 /var/www/html/vendor/laravel/framework/src/Illuminate/Session/Middleware/StartSession.php(120): Illuminate\\Pipeline\\Pipeline->{closure:{closure:Illuminate\\Pipeline\\Pipeline::carry():194}:195}()
#42 /var/www/html/vendor/laravel/framework/src/Illuminate/Session/Middleware/StartSession.php(63): Illuminate\\Session\\Middleware\\StartSession->handleStatefulRequest()
#43 /var/www/html/vendor/laravel/framework/src/Illuminate/Pipeline/Pipeline.php(219): Illuminate\\Session\\Middleware\\StartSession->handle()
#44 /var/www/html/vendor/laravel/framework/src/Illuminate/Cookie/Middleware/AddQueuedCookiesToResponse.php(36): Illuminate\\Pipeline\\Pipeline->{closure:{closure:Illuminate\\Pipeline\\Pipeline::carry():194}:195}()
#45 /var/www/html/vendor/laravel/framework/src/Illuminate/Pipeline/Pipeline.php(219): Illuminate\\Cookie\\Middleware\\AddQueuedCookiesToResponse->handle()
#46 /var/www/html/vendor/laravel/framework/src/Illuminate/Cookie/Middleware/EncryptCookies.php(74): Illuminate\\Pipeline\\Pipeline->{closure:{closure:Illuminate\\Pipeline\\Pipeline::carry():194}:195}()
#47 /var/www/html/vendor/laravel/framework/src/Illuminate/Pipeline/Pipeline.php(219): Illuminate\\Cookie\\Middleware\\EncryptCookies->handle()
#48 /var/www/html/vendor/laravel/framework/src/Illuminate/Pipeline/Pipeline.php(137): Illuminate\\Pipeline\\Pipeline->{closure:{closure:Illuminate\\Pipeline\\Pipeline::carry():194}:195}()
#49 /var/www/html/vendor/laravel/framework/src/Illuminate/Routing/Router.php(821): Illuminate\\Pipeline\\Pipeline->then()
#50 /var/www/html/vendor/laravel/framework/src/Illuminate/Routing/Router.php(800): Illuminate\\Routing\\Router->runRouteWithinStack()
#51 /var/www/html/vendor/laravel/framework/src/Illuminate/Routing/Router.php(764): Illuminate\\Routing\\Router->runRoute()
#52 /var/www/html/vendor/laravel/framework/src/Illuminate/Routing/Router.php(753): Illuminate\\Routing\\Router->dispatchToRoute()
#53 /var/www/html/vendor/laravel/framework/src/Illuminate/Foundation/Http/Kernel.php(200): Illuminate\\Routing\\Router->dispatch()
#54 /var/www/html/vendor/laravel/framework/src/Illuminate/Pipeline/Pipeline.php(180): Illuminate\\Foundation\\Http\\Kernel->{closure:Illuminate\\Foundation\\Http\\Kernel::dispatchToRouter():197}()
#55 /var/www/html/vendor/laravel/framework/src/Illuminate/Foundation/Http/Middleware/TransformsRequest.php(21): Illuminate\\Pipeline\\Pipeline->{closure:Illuminate\\Pipeline\\Pipeline::prepareDestination():178}()
#56 /var/www/html/vendor/laravel/framework/src/Illuminate/Foundation/Http/Middleware/ConvertEmptyStringsToNull.php(31): Illuminate\\Foundation\\Http\\Middleware\\TransformsRequest->handle()
#57 /var/www/html/vendor/laravel/framework/src/Illuminate/Pipeline/Pipeline.php(219): Illuminate\\Foundation\\Http\\Middleware\\ConvertEmptyStringsToNull->handle()
#58 /var/www/html/vendor/laravel/framework/src/Illuminate/Foundation/Http/Middleware/TransformsRequest.php(21): Illuminate\\Pipeline\\Pipeline->{closure:{closure:Illuminate\\Pipeline\\Pipeline::carry():194}:195}()
#59 /var/www/html/vendor/laravel/framework/src/Illuminate/Foundation/Http/Middleware/TrimStrings.php(51): Illuminate\\Foundation\\Http\\Middleware\\TransformsRequest->handle()
#60 /var/www/html/vendor/laravel/framework/src/Illuminate/Pipeline/Pipeline.php(219): Illuminate\\Foundation\\Http\\Middleware\\TrimStrings->handle()
#61 /var/www/html/vendor/laravel/framework/src/Illuminate/Http/Middleware/ValidatePostSize.php(27): Illuminate\\Pipeline\\Pipeline->{closure:{closure:Illuminate\\Pipeline\\Pipeline::carry():194}:195}()
#62 /var/www/html/vendor/laravel/framework/src/Illuminate/Pipeline/Pipeline.php(219): Illuminate\\Http\\Middleware\\ValidatePostSize->handle()
#63 /var/www/html/vendor/laravel/framework/src/Illuminate/Foundation/Http/Middleware/PreventRequestsDuringMaintenance.php(109): Illuminate\\Pipeline\\Pipeline->{closure:{closure:Illuminate\\Pipeline\\Pipeline::carry():194}:195}()
#64 /var/www/html/vendor/laravel/framework/src/Illuminate/Pipeline/Pipeline.php(219): Illuminate\\Foundation\\Http\\Middleware\\PreventRequestsDuringMaintenance->handle()
#65 /var/www/html/vendor/laravel/framework/src/Illuminate/Http/Middleware/HandleCors.php(61): Illuminate\\Pipeline\\Pipeline->{closure:{closure:Illuminate\\Pipeline\\Pipeline::carry():194}:195}()
#66 /var/www/html/vendor/laravel/framework/src/Illuminate/Pipeline/Pipeline.php(219): Illuminate\\Http\\Middleware\\HandleCors->handle()
#67 /var/www/html/vendor/laravel/framework/src/Illuminate/Http/Middleware/TrustProxies.php(58): Illuminate\\Pipeline\\Pipeline->{closure:{closure:Illuminate\\Pipeline\\Pipeline::carry():194}:195}()
#68 /var/www/html/vendor/laravel/framework/src/Illuminate/Pipeline/Pipeline.php(219): Illuminate\\Http\\Middleware\\TrustProxies->handle()
#69 /var/www/html/vendor/laravel/framework/src/Illuminate/Foundation/Http/Middleware/InvokeDeferredCallbacks.php(22): Illuminate\\Pipeline\\Pipeline->{closure:{closure:Illuminate\\Pipeline\\Pipeline::carry():194}:195}()
#70 /var/www/html/vendor/laravel/framework/src/Illuminate/Pipeline/Pipeline.php(219): Illuminate\\Foundation\\Http\\Middleware\\InvokeDeferredCallbacks->handle()
#71 /var/www/html/vendor/laravel/framework/src/Illuminate/Http/Middleware/ValidatePathEncoding.php(28): Illuminate\\Pipeline\\Pipeline->{closure:{closure:Illuminate\\Pipeline\\Pipeline::carry():194}:195}()
#72 /var/www/html/vendor/laravel/framework/src/Illuminate/Pipeline/Pipeline.php(219): Illuminate\\Http\\Middleware\\ValidatePathEncoding->handle()
#73 /var/www/html/vendor/laravel/framework/src/Illuminate/Pipeline/Pipeline.php(137): Illuminate\\Pipeline\\Pipeline->{closure:{closure:Illuminate\\Pipeline\\Pipeline::carry():194}:195}()
#74 /var/www/html/vendor/laravel/framework/src/Illuminate/Foundation/Http/Kernel.php(175): Illuminate\\Pipeline\\Pipeline->then()
#75 /var/www/html/vendor/laravel/framework/src/Illuminate/Foundation/Http/Kernel.php(144): Illuminate\\Foundation\\Http\\Kernel->sendRequestThroughRouter()
#76 /var/www/html/vendor/laravel/framework/src/Illuminate/Foundation/Application.php(1220): Illuminate\\Foundation\\Http\\Kernel->handle()
#77 /var/www/html/public/index.php(20): Illuminate\\Foundation\\Application->handleRequest()
#78 /var/www/html/vendor/laravel/framework/src/Illuminate/Foundation/resources/server.php(23): require_once('...')
#79 {main}
"} 
[2026-08-08 07:14:57] local.ERROR: Undefined array key "avatar" {"userId":1,"exception":"[object] (ErrorException(code: 0): Undefined array key \"avatar\" at /var/www/html/app/Models/User.php:34)
[stacktrace]
#0 /var/www/html/vendor/laravel/framework/src/Illuminate/Foundation/Bootstrap/HandleExceptions.php(258): Illuminate\\Foundation\\Bootstrap\\HandleExceptions->handleError()
#1 /var/www/html/app/Models/User.php(34): Illuminate\\Foundation\\Bootstrap\\HandleExceptions->{closure:Illuminate\\Foundation\\Bootstrap\\HandleExceptions::forwardsTo():257}()
#2 /var/www/html/vendor/laravel/framework/src/Illuminate/Database/Eloquent/Concerns/HasAttributes.php(733): App\\Models\\User->getAvatarUrlAttribute()
#3 /var/www/html/vendor/laravel/framework/src/Illuminate/Database/Eloquent/Concerns/HasAttributes.php(785): Illuminate\\Database\\Eloquent\\Model->mutateAttribute()
#4 /var/www/html/vendor/laravel/framework/src/Illuminate/Database/Eloquent/Concerns/HasAttributes.php(251): Illuminate\\Database\\Eloquent\\Model->mutateAttributeForArray()
#5 /var/www/html/vendor/laravel/framework/src/Illuminate/Database/Eloquent/Model.php(1925): Illuminate\\Database\\Eloquent\\Model->attributesToArray()
#6 [internal function]: Illuminate\\Database\\Eloquent\\Model->{closure:Illuminate\\Database\\Eloquent\\Model::toArray():1925}()
#7 /var/www/html/vendor/laravel/framework/src/Illuminate/Database/Eloquent/Concerns/PreventsCircularRecursion.php(46): call_user_func()
#8 /var/www/html/vendor/laravel/framework/src/Illuminate/Database/Eloquent/Model.php(1924): Illuminate\\Database\\Eloquent\\Model->withoutRecursion()
#9 /var/www/html/vendor/laravel/framework/src/Illuminate/Collections/Traits/EnumeratesValues.php(978): Illuminate\\Database\\Eloquent\\Model->toArray()
#10 [internal function]: Illuminate\\Support\\Collection->{closure:Illuminate\\Support\\Traits\\EnumeratesValues::toArray():978}()
#11 /var/www/html/vendor/laravel/framework/src/Illuminate/Collections/Arr.php(841): array_map()
#12 /var/www/html/vendor/laravel/framework/src/Illuminate/Collections/Collection.php(815): Illuminate\\Support\\Arr::map()
#13 /var/www/html/vendor/laravel/framework/src/Illuminate/Database/Eloquent/Collection.php(421): Illuminate\\Support\\Collection->map()
#14 /var/www/html/vendor/laravel/framework/src/Illuminate/Collections/Traits/EnumeratesValues.php(978): Illuminate\\Database\\Eloquent\\Collection->map()
#15 /var/www/html/vendor/inertiajs/inertia-laravel/src/PropsResolver.php(429): Illuminate\\Support\\Collection->toArray()
#16 /var/www/html/vendor/inertiajs/inertia-laravel/src/PropsResolver.php(262): Inertia\\PropsResolver->resolveValue()
#17 /var/www/html/vendor/inertiajs/inertia-laravel/src/PropsResolver.php(158): Inertia\\PropsResolver->resolveProps()
#18 /var/www/html/vendor/inertiajs/inertia-laravel/src/Response.php(189): Inertia\\PropsResolver->resolve()
#19 /var/www/html/vendor/laravel/framework/src/Illuminate/Routing/Router.php(921): Inertia\\Response->toResponse()
#20 /var/www/html/vendor/laravel/framework/src/Illuminate/Routing/Router.php(906): Illuminate\\Routing\\Router::toResponse()
#21 /var/www/html/vendor/laravel/framework/src/Illuminate/Routing/Router.php(821): Illuminate\\Routing\\Router->prepareResponse()
#22 /var/www/html/vendor/laravel/framework/src/Illuminate/Pipeline/Pipeline.php(180): Illuminate\\Routing\\Router->{closure:Illuminate\\Routing\\Router::runRouteWithinStack():821}()
#23 /var/www/html/vendor/spatie/laravel-permission/src/Middleware/PermissionMiddleware.php(41): Illuminate\\Pipeline\\Pipeline->{closure:Illuminate\\Pipeline\\Pipeline::prepareDestination():178}()
#24 /var/www/html/vendor/laravel/framework/src/Illuminate/Pipeline/Pipeline.php(219): Spatie\\Permission\\Middleware\\PermissionMiddleware->handle()
#25 /var/www/html/vendor/laravel/framework/src/Illuminate/Auth/Middleware/EnsureEmailIsVerified.php(41): Illuminate\\Pipeline\\Pipeline->{closure:{closure:Illuminate\\Pipeline\\Pipeline::carry():194}:195}()
#26 /var/www/html/vendor/laravel/framework/src/Illuminate/Pipeline/Pipeline.php(219): Illuminate\\Auth\\Middleware\\EnsureEmailIsVerified->handle()
#27 /var/www/html/vendor/laravel/framework/src/Illuminate/Http/Middleware/AddLinkHeadersForPreloadedAssets.php(32): Illuminate\\Pipeline\\Pipeline->{closure:{closure:Illuminate\\Pipeline\\Pipeline::carry():194}:195}()
#28 /var/www/html/vendor/laravel/framework/src/Illuminate/Pipeline/Pipeline.php(219): Illuminate\\Http\\Middleware\\AddLinkHeadersForPreloadedAssets->handle()
#29 /var/www/html/vendor/inertiajs/inertia-laravel/src/Middleware.php(138): Illuminate\\Pipeline\\Pipeline->{closure:{closure:Illuminate\\Pipeline\\Pipeline::carry():194}:195}()
#30 /var/www/html/vendor/laravel/framework/src/Illuminate/Pipeline/Pipeline.php(219): Inertia\\Middleware->handle()
#31 /var/www/html/app/Http/Middleware/HandleAppearance.php(21): Illuminate\\Pipeline\\Pipeline->{closure:{closure:Illuminate\\Pipeline\\Pipeline::carry():194}:195}()
#32 /var/www/html/vendor/laravel/framework/src/Illuminate/Pipeline/Pipeline.php(219): App\\Http\\Middleware\\HandleAppearance->handle()
#33 /var/www/html/vendor/laravel/framework/src/Illuminate/Routing/Middleware/SubstituteBindings.php(52): Illuminate\\Pipeline\\Pipeline->{closure:{closure:Illuminate\\Pipeline\\Pipeline::carry():194}:195}()
#34 /var/www/html/vendor/laravel/framework/src/Illuminate/Pipeline/Pipeline.php(219): Illuminate\\Routing\\Middleware\\SubstituteBindings->handle()
#35 /var/www/html/vendor/laravel/framework/src/Illuminate/Auth/Middleware/Authenticate.php(63): Illuminate\\Pipeline\\Pipeline->{closure:{closure:Illuminate\\Pipeline\\Pipeline::carry():194}:195}()
#36 /var/www/html/vendor/laravel/framework/src/Illuminate/Pipeline/Pipeline.php(219): Illuminate\\Auth\\Middleware\\Authenticate->handle()
#37 /var/www/html/vendor/laravel/framework/src/Illuminate/Foundation/Http/Middleware/PreventRequestForgery.php(104): Illuminate\\Pipeline\\Pipeline->{closure:{closure:Illuminate\\Pipeline\\Pipeline::carry():194}:195}()
#38 /var/www/html/vendor/laravel/framework/src/Illuminate/Pipeline/Pipeline.php(219): Illuminate\\Foundation\\Http\\Middleware\\PreventRequestForgery->handle()
#39 /var/www/html/vendor/laravel/framework/src/Illuminate/View/Middleware/ShareErrorsFromSession.php(48): Illuminate\\Pipeline\\Pipeline->{closure:{closure:Illuminate\\Pipeline\\Pipeline::carry():194}:195}()
#40 /var/www/html/vendor/laravel/framework/src/Illuminate/Pipeline/Pipeline.php(219): Illuminate\\View\\Middleware\\ShareErrorsFromSession->handle()
#41 /var/www/html/vendor/laravel/framework/src/Illuminate/Session/Middleware/StartSession.php(120): Illuminate\\Pipeline\\Pipeline->{closure:{closure:Illuminate\\Pipeline\\Pipeline::carry():194}:195}()
#42 /var/www/html/vendor/laravel/framework/src/Illuminate/Session/Middleware/StartSession.php(63): Illuminate\\Session\\Middleware\\StartSession->handleStatefulRequest()
#43 /var/www/html/vendor/laravel/framework/src/Illuminate/Pipeline/Pipeline.php(219): Illuminate\\Session\\Middleware\\StartSession->handle()
#44 /var/www/html/vendor/laravel/framework/src/Illuminate/Cookie/Middleware/AddQueuedCookiesToResponse.php(36): Illuminate\\Pipeline\\Pipeline->{closure:{closure:Illuminate\\Pipeline\\Pipeline::carry():194}:195}()
#45 /var/www/html/vendor/laravel/framework/src/Illuminate/Pipeline/Pipeline.php(219): Illuminate\\Cookie\\Middleware\\AddQueuedCookiesToResponse->handle()
#46 /var/www/html/vendor/laravel/framework/src/Illuminate/Cookie/Middleware/EncryptCookies.php(74): Illuminate\\Pipeline\\Pipeline->{closure:{closure:Illuminate\\Pipeline\\Pipeline::carry():194}:195}()
#47 /var/www/html/vendor/laravel/framework/src/Illuminate/Pipeline/Pipeline.php(219): Illuminate\\Cookie\\Middleware\\EncryptCookies->handle()
#48 /var/www/html/vendor/laravel/framework/src/Illuminate/Pipeline/Pipeline.php(137): Illuminate\\Pipeline\\Pipeline->{closure:{closure:Illuminate\\Pipeline\\Pipeline::carry():194}:195}()
#49 /var/www/html/vendor/laravel/framework/src/Illuminate/Routing/Router.php(821): Illuminate\\Pipeline\\Pipeline->then()
#50 /var/www/html/vendor/laravel/framework/src/Illuminate/Routing/Router.php(800): Illuminate\\Routing\\Router->runRouteWithinStack()
#51 /var/www/html/vendor/laravel/framework/src/Illuminate/Routing/Router.php(764): Illuminate\\Routing\\Router->runRoute()
#52 /var/www/html/vendor/laravel/framework/src/Illuminate/Routing/Router.php(753): Illuminate\\Routing\\Router->dispatchToRoute()
#53 /var/www/html/vendor/laravel/framework/src/Illuminate/Foundation/Http/Kernel.php(200): Illuminate\\Routing\\Router->dispatch()
#54 /var/www/html/vendor/laravel/framework/src/Illuminate/Pipeline/Pipeline.php(180): Illuminate\\Foundation\\Http\\Kernel->{closure:Illuminate\\Foundation\\Http\\Kernel::dispatchToRouter():197}()
#55 /var/www/html/vendor/laravel/framework/src/Illuminate/Foundation/Http/Middleware/TransformsRequest.php(21): Illuminate\\Pipeline\\Pipeline->{closure:Illuminate\\Pipeline\\Pipeline::prepareDestination():178}()
#56 /var/www/html/vendor/laravel/framework/src/Illuminate/Foundation/Http/Middleware/ConvertEmptyStringsToNull.php(31): Illuminate\\Foundation\\Http\\Middleware\\TransformsRequest->handle()
#57 /var/www/html/vendor/laravel/framework/src/Illuminate/Pipeline/Pipeline.php(219): Illuminate\\Foundation\\Http\\Middleware\\ConvertEmptyStringsToNull->handle()
#58 /var/www/html/vendor/laravel/framework/src/Illuminate/Foundation/Http/Middleware/TransformsRequest.php(21): Illuminate\\Pipeline\\Pipeline->{closure:{closure:Illuminate\\Pipeline\\Pipeline::carry():194}:195}()
#59 /var/www/html/vendor/laravel/framework/src/Illuminate/Foundation/Http/Middleware/TrimStrings.php(51): Illuminate\\Foundation\\Http\\Middleware\\TransformsRequest->handle()
#60 /var/www/html/vendor/laravel/framework/src/Illuminate/Pipeline/Pipeline.php(219): Illuminate\\Foundation\\Http\\Middleware\\TrimStrings->handle()
#61 /var/www/html/vendor/laravel/framework/src/Illuminate/Http/Middleware/ValidatePostSize.php(27): Illuminate\\Pipeline\\Pipeline->{closure:{closure:Illuminate\\Pipeline\\Pipeline::carry():194}:195}()
#62 /var/www/html/vendor/laravel/framework/src/Illuminate/Pipeline/Pipeline.php(219): Illuminate\\Http\\Middleware\\ValidatePostSize->handle()
#63 /var/www/html/vendor/laravel/framework/src/Illuminate/Foundation/Http/Middleware/PreventRequestsDuringMaintenance.php(109): Illuminate\\Pipeline\\Pipeline->{closure:{closure:Illuminate\\Pipeline\\Pipeline::carry():194}:195}()
#64 /var/www/html/vendor/laravel/framework/src/Illuminate/Pipeline/Pipeline.php(219): Illuminate\\Foundation\\Http\\Middleware\\PreventRequestsDuringMaintenance->handle()
#65 /var/www/html/vendor/laravel/framework/src/Illuminate/Http/Middleware/HandleCors.php(61): Illuminate\\Pipeline\\Pipeline->{closure:{closure:Illuminate\\Pipeline\\Pipeline::carry():194}:195}()
#66 /var/www/html/vendor/laravel/framework/src/Illuminate/Pipeline/Pipeline.php(219): Illuminate\\Http\\Middleware\\HandleCors->handle()
#67 /var/www/html/vendor/laravel/framework/src/Illuminate/Http/Middleware/TrustProxies.php(58): Illuminate\\Pipeline\\Pipeline->{closure:{closure:Illuminate\\Pipeline\\Pipeline::carry():194}:195}()
#68 /var/www/html/vendor/laravel/framework/src/Illuminate/Pipeline/Pipeline.php(219): Illuminate\\Http\\Middleware\\TrustProxies->handle()
#69 /var/www/html/vendor/laravel/framework/src/Illuminate/Foundation/Http/Middleware/InvokeDeferredCallbacks.php(22): Illuminate\\Pipeline\\Pipeline->{closure:{closure:Illuminate\\Pipeline\\Pipeline::carry():194}:195}()
#70 /var/www/html/vendor/laravel/framework/src/Illuminate/Pipeline/Pipeline.php(219): Illuminate\\Foundation\\Http\\Middleware\\InvokeDeferredCallbacks->handle()
#71 /var/www/html/vendor/laravel/framework/src/Illuminate/Http/Middleware/ValidatePathEncoding.php(28): Illuminate\\Pipeline\\Pipeline->{closure:{closure:Illuminate\\Pipeline\\Pipeline::carry():194}:195}()
#72 /var/www/html/vendor/laravel/framework/src/Illuminate/Pipeline/Pipeline.php(219): Illuminate\\Http\\Middleware\\ValidatePathEncoding->handle()
#73 /var/www/html/vendor/laravel/framework/src/Illuminate/Pipeline/Pipeline.php(137): Illuminate\\Pipeline\\Pipeline->{closure:{closure:Illuminate\\Pipeline\\Pipeline::carry():194}:195}()
#74 /var/www/html/vendor/laravel/framework/src/Illuminate/Foundation/Http/Kernel.php(175): Illuminate\\Pipeline\\Pipeline->then()
#75 /var/www/html/vendor/laravel/framework/src/Illuminate/Foundation/Http/Kernel.php(144): Illuminate\\Foundation\\Http\\Kernel->sendRequestThroughRouter()
#76 /var/www/html/vendor/laravel/framework/src/Illuminate/Foundation/Application.php(1220): Illuminate\\Foundation\\Http\\Kernel->handle()
#77 /var/www/html/public/index.php(20): Illuminate\\Foundation\\Application->handleRequest()
#78 /var/www/html/vendor/laravel/framework/src/Illuminate/Foundation/resources/server.php(23): require_once('...')
#79 {main}
"} 
[2026-08-08 07:14:59] local.ERROR: Undefined array key "avatar" {"userId":1,"exception":"[object] (ErrorException(code: 0): Undefined array key \"avatar\" at /var/www/html/app/Models/User.php:34)
[stacktrace]
#0 /var/www/html/vendor/laravel/framework/src/Illuminate/Foundation/Bootstrap/HandleExceptions.php(258): Illuminate\\Foundation\\Bootstrap\\HandleExceptions->handleError()
#1 /var/www/html/app/Models/User.php(34): Illuminate\\Foundation\\Bootstrap\\HandleExceptions->{closure:Illuminate\\Foundation\\Bootstrap\\HandleExceptions::forwardsTo():257}()
#2 /var/www/html/vendor/laravel/framework/src/Illuminate/Database/Eloquent/Concerns/HasAttributes.php(733): App\\Models\\User->getAvatarUrlAttribute()
#3 /var/www/html/vendor/laravel/framework/src/Illuminate/Database/Eloquent/Concerns/HasAttributes.php(785): Illuminate\\Database\\Eloquent\\Model->mutateAttribute()
#4 /var/www/html/vendor/laravel/framework/src/Illuminate/Database/Eloquent/Concerns/HasAttributes.php(251): Illuminate\\Database\\Eloquent\\Model->mutateAttributeForArray()
#5 /var/www/html/vendor/laravel/framework/src/Illuminate/Database/Eloquent/Model.php(1925): Illuminate\\Database\\Eloquent\\Model->attributesToArray()
#6 [internal function]: Illuminate\\Database\\Eloquent\\Model->{closure:Illuminate\\Database\\Eloquent\\Model::toArray():1925}()
#7 /var/www/html/vendor/laravel/framework/src/Illuminate/Database/Eloquent/Concerns/PreventsCircularRecursion.php(46): call_user_func()
#8 /var/www/html/vendor/laravel/framework/src/Illuminate/Database/Eloquent/Model.php(1924): Illuminate\\Database\\Eloquent\\Model->withoutRecursion()
#9 /var/www/html/vendor/laravel/framework/src/Illuminate/Collections/Traits/EnumeratesValues.php(978): Illuminate\\Database\\Eloquent\\Model->toArray()
#10 [internal function]: Illuminate\\Support\\Collection->{closure:Illuminate\\Support\\Traits\\EnumeratesValues::toArray():978}()
#11 /var/www/html/vendor/laravel/framework/src/Illuminate/Collections/Arr.php(841): array_map()
#12 /var/www/html/vendor/laravel/framework/src/Illuminate/Collections/Collection.php(815): Illuminate\\Support\\Arr::map()
#13 /var/www/html/vendor/laravel/framework/src/Illuminate/Database/Eloquent/Collection.php(421): Illuminate\\Support\\Collection->map()
#14 /var/www/html/vendor/laravel/framework/src/Illuminate/Collections/Traits/EnumeratesValues.php(978): Illuminate\\Database\\Eloquent\\Collection->map()
#15 /var/www/html/vendor/inertiajs/inertia-laravel/src/PropsResolver.php(429): Illuminate\\Support\\Collection->toArray()
#16 /var/www/html/vendor/inertiajs/inertia-laravel/src/PropsResolver.php(262): Inertia\\PropsResolver->resolveValue()
#17 /var/www/html/vendor/inertiajs/inertia-laravel/src/PropsResolver.php(158): Inertia\\PropsResolver->resolveProps()
#18 /var/www/html/vendor/inertiajs/inertia-laravel/src/Response.php(189): Inertia\\PropsResolver->resolve()
#19 /var/www/html/vendor/laravel/framework/src/Illuminate/Routing/Router.php(921): Inertia\\Response->toResponse()
#20 /var/www/html/vendor/laravel/framework/src/Illuminate/Routing/Router.php(906): Illuminate\\Routing\\Router::toResponse()
#21 /var/www/html/vendor/laravel/framework/src/Illuminate/Routing/Router.php(821): Illuminate\\Routing\\Router->prepareResponse()
#22 /var/www/html/vendor/laravel/framework/src/Illuminate/Pipeline/Pipeline.php(180): Illuminate\\Routing\\Router->{closure:Illuminate\\Routing\\Router::runRouteWithinStack():821}()
#23 /var/www/html/vendor/spatie/laravel-permission/src/Middleware/PermissionMiddleware.php(41): Illuminate\\Pipeline\\Pipeline->{closure:Illuminate\\Pipeline\\Pipeline::prepareDestination():178}()
#24 /var/www/html/vendor/laravel/framework/src/Illuminate/Pipeline/Pipeline.php(219): Spatie\\Permission\\Middleware\\PermissionMiddleware->handle()
#25 /var/www/html/vendor/laravel/framework/src/Illuminate/Auth/Middleware/EnsureEmailIsVerified.php(41): Illuminate\\Pipeline\\Pipeline->{closure:{closure:Illuminate\\Pipeline\\Pipeline::carry():194}:195}()
#26 /var/www/html/vendor/laravel/framework/src/Illuminate/Pipeline/Pipeline.php(219): Illuminate\\Auth\\Middleware\\EnsureEmailIsVerified->handle()
#27 /var/www/html/vendor/laravel/framework/src/Illuminate/Http/Middleware/AddLinkHeadersForPreloadedAssets.php(32): Illuminate\\Pipeline\\Pipeline->{closure:{closure:Illuminate\\Pipeline\\Pipeline::carry():194}:195}()
#28 /var/www/html/vendor/laravel/framework/src/Illuminate/Pipeline/Pipeline.php(219): Illuminate\\Http\\Middleware\\AddLinkHeadersForPreloadedAssets->handle()
#29 /var/www/html/vendor/inertiajs/inertia-laravel/src/Middleware.php(138): Illuminate\\Pipeline\\Pipeline->{closure:{closure:Illuminate\\Pipeline\\Pipeline::carry():194}:195}()
#30 /var/www/html/vendor/laravel/framework/src/Illuminate/Pipeline/Pipeline.php(219): Inertia\\Middleware->handle()
#31 /var/www/html/app/Http/Middleware/HandleAppearance.php(21): Illuminate\\Pipeline\\Pipeline->{closure:{closure:Illuminate\\Pipeline\\Pipeline::carry():194}:195}()
#32 /var/www/html/vendor/laravel/framework/src/Illuminate/Pipeline/Pipeline.php(219): App\\Http\\Middleware\\HandleAppearance->handle()
#33 /var/www/html/vendor/laravel/framework/src/Illuminate/Routing/Middleware/SubstituteBindings.php(52): Illuminate\\Pipeline\\Pipeline->{closure:{closure:Illuminate\\Pipeline\\Pipeline::carry():194}:195}()
#34 /var/www/html/vendor/laravel/framework/src/Illuminate/Pipeline/Pipeline.php(219): Illuminate\\Routing\\Middleware\\SubstituteBindings->handle()
#35 /var/www/html/vendor/laravel/framework/src/Illuminate/Auth/Middleware/Authenticate.php(63): Illuminate\\Pipeline\\Pipeline->{closure:{closure:Illuminate\\Pipeline\\Pipeline::carry():194}:195}()
#36 /var/www/html/vendor/laravel/framework/src/Illuminate/Pipeline/Pipeline.php(219): Illuminate\\Auth\\Middleware\\Authenticate->handle()
#37 /var/www/html/vendor/laravel/framework/src/Illuminate/Foundation/Http/Middleware/PreventRequestForgery.php(104): Illuminate\\Pipeline\\Pipeline->{closure:{closure:Illuminate\\Pipeline\\Pipeline::carry():194}:195}()
#38 /var/www/html/vendor/laravel/framework/src/Illuminate/Pipeline/Pipeline.php(219): Illuminate\\Foundation\\Http\\Middleware\\PreventRequestForgery->handle()
#39 /var/www/html/vendor/laravel/framework/src/Illuminate/View/Middleware/ShareErrorsFromSession.php(48): Illuminate\\Pipeline\\Pipeline->{closure:{closure:Illuminate\\Pipeline\\Pipeline::carry():194}:195}()
#40 /var/www/html/vendor/laravel/framework/src/Illuminate/Pipeline/Pipeline.php(219): Illuminate\\View\\Middleware\\ShareErrorsFromSession->handle()
#41 /var/www/html/vendor/laravel/framework/src/Illuminate/Session/Middleware/StartSession.php(120): Illuminate\\Pipeline\\Pipeline->{closure:{closure:Illuminate\\Pipeline\\Pipeline::carry():194}:195}()
#42 /var/www/html/vendor/laravel/framework/src/Illuminate/Session/Middleware/StartSession.php(63): Illuminate\\Session\\Middleware\\StartSession->handleStatefulRequest()
#43 /var/www/html/vendor/laravel/framework/src/Illuminate/Pipeline/Pipeline.php(219): Illuminate\\Session\\Middleware\\StartSession->handle()
#44 /var/www/html/vendor/laravel/framework/src/Illuminate/Cookie/Middleware/AddQueuedCookiesToResponse.php(36): Illuminate\\Pipeline\\Pipeline->{closure:{closure:Illuminate\\Pipeline\\Pipeline::carry():194}:195}()
#45 /var/www/html/vendor/laravel/framework/src/Illuminate/Pipeline/Pipeline.php(219): Illuminate\\Cookie\\Middleware\\AddQueuedCookiesToResponse->handle()
#46 /var/www/html/vendor/laravel/framework/src/Illuminate/Cookie/Middleware/EncryptCookies.php(74): Illuminate\\Pipeline\\Pipeline->{closure:{closure:Illuminate\\Pipeline\\Pipeline::carry():194}:195}()
#47 /var/www/html/vendor/laravel/framework/src/Illuminate/Pipeline/Pipeline.php(219): Illuminate\\Cookie\\Middleware\\EncryptCookies->handle()
#48 /var/www/html/vendor/laravel/framework/src/Illuminate/Pipeline/Pipeline.php(137): Illuminate\\Pipeline\\Pipeline->{closure:{closure:Illuminate\\Pipeline\\Pipeline::carry():194}:195}()
#49 /var/www/html/vendor/laravel/framework/src/Illuminate/Routing/Router.php(821): Illuminate\\Pipeline\\Pipeline->then()
#50 /var/www/html/vendor/laravel/framework/src/Illuminate/Routing/Router.php(800): Illuminate\\Routing\\Router->runRouteWithinStack()
#51 /var/www/html/vendor/laravel/framework/src/Illuminate/Routing/Router.php(764): Illuminate\\Routing\\Router->runRoute()
#52 /var/www/html/vendor/laravel/framework/src/Illuminate/Routing/Router.php(753): Illuminate\\Routing\\Router->dispatchToRoute()
#53 /var/www/html/vendor/laravel/framework/src/Illuminate/Foundation/Http/Kernel.php(200): Illuminate\\Routing\\Router->dispatch()
#54 /var/www/html/vendor/laravel/framework/src/Illuminate/Pipeline/Pipeline.php(180): Illuminate\\Foundation\\Http\\Kernel->{closure:Illuminate\\Foundation\\Http\\Kernel::dispatchToRouter():197}()
#55 /var/www/html/vendor/laravel/framework/src/Illuminate/Foundation/Http/Middleware/TransformsRequest.php(21): Illuminate\\Pipeline\\Pipeline->{closure:Illuminate\\Pipeline\\Pipeline::prepareDestination():178}()
#56 /var/www/html/vendor/laravel/framework/src/Illuminate/Foundation/Http/Middleware/ConvertEmptyStringsToNull.php(31): Illuminate\\Foundation\\Http\\Middleware\\TransformsRequest->handle()
#57 /var/www/html/vendor/laravel/framework/src/Illuminate/Pipeline/Pipeline.php(219): Illuminate\\Foundation\\Http\\Middleware\\ConvertEmptyStringsToNull->handle()
#58 /var/www/html/vendor/laravel/framework/src/Illuminate/Foundation/Http/Middleware/TransformsRequest.php(21): Illuminate\\Pipeline\\Pipeline->{closure:{closure:Illuminate\\Pipeline\\Pipeline::carry():194}:195}()
#59 /var/www/html/vendor/laravel/framework/src/Illuminate/Foundation/Http/Middleware/TrimStrings.php(51): Illuminate\\Foundation\\Http\\Middleware\\TransformsRequest->handle()
#60 /var/www/html/vendor/laravel/framework/src/Illuminate/Pipeline/Pipeline.php(219): Illuminate\\Foundation\\Http\\Middleware\\TrimStrings->handle()
#61 /var/www/html/vendor/laravel/framework/src/Illuminate/Http/Middleware/ValidatePostSize.php(27): Illuminate\\Pipeline\\Pipeline->{closure:{closure:Illuminate\\Pipeline\\Pipeline::carry():194}:195}()
#62 /var/www/html/vendor/laravel/framework/src/Illuminate/Pipeline/Pipeline.php(219): Illuminate\\Http\\Middleware\\ValidatePostSize->handle()
#63 /var/www/html/vendor/laravel/framework/src/Illuminate/Foundation/Http/Middleware/PreventRequestsDuringMaintenance.php(109): Illuminate\\Pipeline\\Pipeline->{closure:{closure:Illuminate\\Pipeline\\Pipeline::carry():194}:195}()
#64 /var/www/html/vendor/laravel/framework/src/Illuminate/Pipeline/Pipeline.php(219): Illuminate\\Foundation\\Http\\Middleware\\PreventRequestsDuringMaintenance->handle()
#65 /var/www/html/vendor/laravel/framework/src/Illuminate/Http/Middleware/HandleCors.php(61): Illuminate\\Pipeline\\Pipeline->{closure:{closure:Illuminate\\Pipeline\\Pipeline::carry():194}:195}()
#66 /var/www/html/vendor/laravel/framework/src/Illuminate/Pipeline/Pipeline.php(219): Illuminate\\Http\\Middleware\\HandleCors->handle()
#67 /var/www/html/vendor/laravel/framework/src/Illuminate/Http/Middleware/TrustProxies.php(58): Illuminate\\Pipeline\\Pipeline->{closure:{closure:Illuminate\\Pipeline\\Pipeline::carry():194}:195}()
#68 /var/www/html/vendor/laravel/framework/src/Illuminate/Pipeline/Pipeline.php(219): Illuminate\\Http\\Middleware\\TrustProxies->handle()
#69 /var/www/html/vendor/laravel/framework/src/Illuminate/Foundation/Http/Middleware/InvokeDeferredCallbacks.php(22): Illuminate\\Pipeline\\Pipeline->{closure:{closure:Illuminate\\Pipeline\\Pipeline::carry():194}:195}()
#70 /var/www/html/vendor/laravel/framework/src/Illuminate/Pipeline/Pipeline.php(219): Illuminate\\Foundation\\Http\\Middleware\\InvokeDeferredCallbacks->handle()
#71 /var/www/html/vendor/laravel/framework/src/Illuminate/Http/Middleware/ValidatePathEncoding.php(28): Illuminate\\Pipeline\\Pipeline->{closure:{closure:Illuminate\\Pipeline\\Pipeline::carry():194}:195}()
#72 /var/www/html/vendor/laravel/framework/src/Illuminate/Pipeline/Pipeline.php(219): Illuminate\\Http\\Middleware\\ValidatePathEncoding->handle()
#73 /var/www/html/vendor/laravel/framework/src/Illuminate/Pipeline/Pipeline.php(137): Illuminate\\Pipeline\\Pipeline->{closure:{closure:Illuminate\\Pipeline\\Pipeline::carry():194}:195}()
#74 /var/www/html/vendor/laravel/framework/src/Illuminate/Foundation/Http/Kernel.php(175): Illuminate\\Pipeline\\Pipeline->then()
#75 /var/www/html/vendor/laravel/framework/src/Illuminate/Foundation/Http/Kernel.php(144): Illuminate\\Foundation\\Http\\Kernel->sendRequestThroughRouter()
#76 /var/www/html/vendor/laravel/framework/src/Illuminate/Foundation/Application.php(1220): Illuminate\\Foundation\\Http\\Kernel->handle()
#77 /var/www/html/public/index.php(20): Illuminate\\Foundation\\Application->handleRequest()
#78 /var/www/html/vendor/laravel/framework/src/Illuminate/Foundation/resources/server.php(23): require_once('...')
#79 {main}
"} 
[2026-08-08 07:15:00] local.ERROR: Undefined array key "avatar" {"userId":1,"exception":"[object] (ErrorException(code: 0): Undefined array key \"avatar\" at /var/www/html/app/Models/User.php:34)
[stacktrace]
#0 /var/www/html/vendor/laravel/framework/src/Illuminate/Foundation/Bootstrap/HandleExceptions.php(258): Illuminate\\Foundation\\Bootstrap\\HandleExceptions->handleError()
#1 /var/www/html/app/Models/User.php(34): Illuminate\\Foundation\\Bootstrap\\HandleExceptions->{closure:Illuminate\\Foundation\\Bootstrap\\HandleExceptions::forwardsTo():257}()
#2 /var/www/html/vendor/laravel/framework/src/Illuminate/Database/Eloquent/Concerns/HasAttributes.php(733): App\\Models\\User->getAvatarUrlAttribute()
#3 /var/www/html/vendor/laravel/framework/src/Illuminate/Database/Eloquent/Concerns/HasAttributes.php(785): Illuminate\\Database\\Eloquent\\Model->mutateAttribute()
#4 /var/www/html/vendor/laravel/framework/src/Illuminate/Database/Eloquent/Concerns/HasAttributes.php(251): Illuminate\\Database\\Eloquent\\Model->mutateAttributeForArray()
#5 /var/www/html/vendor/laravel/framework/src/Illuminate/Database/Eloquent/Model.php(1925): Illuminate\\Database\\Eloquent\\Model->attributesToArray()
#6 [internal function]: Illuminate\\Database\\Eloquent\\Model->{closure:Illuminate\\Database\\Eloquent\\Model::toArray():1925}()
#7 /var/www/html/vendor/laravel/framework/src/Illuminate/Database/Eloquent/Concerns/PreventsCircularRecursion.php(46): call_user_func()
#8 /var/www/html/vendor/laravel/framework/src/Illuminate/Database/Eloquent/Model.php(1924): Illuminate\\Database\\Eloquent\\Model->withoutRecursion()
#9 /var/www/html/vendor/laravel/framework/src/Illuminate/Collections/Traits/EnumeratesValues.php(978): Illuminate\\Database\\Eloquent\\Model->toArray()
#10 [internal function]: Illuminate\\Support\\Collection->{closure:Illuminate\\Support\\Traits\\EnumeratesValues::toArray():978}()
#11 /var/www/html/vendor/laravel/framework/src/Illuminate/Collections/Arr.php(841): array_map()
#12 /var/www/html/vendor/laravel/framework/src/Illuminate/Collections/Collection.php(815): Illuminate\\Support\\Arr::map()
#13 /var/www/html/vendor/laravel/framework/src/Illuminate/Database/Eloquent/Collection.php(421): Illuminate\\Support\\Collection->map()
#14 /var/www/html/vendor/laravel/framework/src/Illuminate/Collections/Traits/EnumeratesValues.php(978): Illuminate\\Database\\Eloquent\\Collection->map()
#15 /var/www/html/vendor/inertiajs/inertia-laravel/src/PropsResolver.php(429): Illuminate\\Support\\Collection->toArray()
#16 /var/www/html/vendor/inertiajs/inertia-laravel/src/PropsResolver.php(262): Inertia\\PropsResolver->resolveValue()
#17 /var/www/html/vendor/inertiajs/inertia-laravel/src/PropsResolver.php(158): Inertia\\PropsResolver->resolveProps()
#18 /var/www/html/vendor/inertiajs/inertia-laravel/src/Response.php(189): Inertia\\PropsResolver->resolve()
#19 /var/www/html/vendor/laravel/framework/src/Illuminate/Routing/Router.php(921): Inertia\\Response->toResponse()
#20 /var/www/html/vendor/laravel/framework/src/Illuminate/Routing/Router.php(906): Illuminate\\Routing\\Router::toResponse()
#21 /var/www/html/vendor/laravel/framework/src/Illuminate/Routing/Router.php(821): Illuminate\\Routing\\Router->prepareResponse()
#22 /var/www/html/vendor/laravel/framework/src/Illuminate/Pipeline/Pipeline.php(180): Illuminate\\Routing\\Router->{closure:Illuminate\\Routing\\Router::runRouteWithinStack():821}()
#23 /var/www/html/vendor/spatie/laravel-permission/src/Middleware/PermissionMiddleware.php(41): Illuminate\\Pipeline\\Pipeline->{closure:Illuminate\\Pipeline\\Pipeline::prepareDestination():178}()
#24 /var/www/html/vendor/laravel/framework/src/Illuminate/Pipeline/Pipeline.php(219): Spatie\\Permission\\Middleware\\PermissionMiddleware->handle()
#25 /var/www/html/vendor/laravel/framework/src/Illuminate/Auth/Middleware/EnsureEmailIsVerified.php(41): Illuminate\\Pipeline\\Pipeline->{closure:{closure:Illuminate\\Pipeline\\Pipeline::carry():194}:195}()
#26 /var/www/html/vendor/laravel/framework/src/Illuminate/Pipeline/Pipeline.php(219): Illuminate\\Auth\\Middleware\\EnsureEmailIsVerified->handle()
#27 /var/www/html/vendor/laravel/framework/src/Illuminate/Http/Middleware/AddLinkHeadersForPreloadedAssets.php(32): Illuminate\\Pipeline\\Pipeline->{closure:{closure:Illuminate\\Pipeline\\Pipeline::carry():194}:195}()
#28 /var/www/html/vendor/laravel/framework/src/Illuminate/Pipeline/Pipeline.php(219): Illuminate\\Http\\Middleware\\AddLinkHeadersForPreloadedAssets->handle()
#29 /var/www/html/vendor/inertiajs/inertia-laravel/src/Middleware.php(138): Illuminate\\Pipeline\\Pipeline->{closure:{closure:Illuminate\\Pipeline\\Pipeline::carry():194}:195}()
#30 /var/www/html/vendor/laravel/framework/src/Illuminate/Pipeline/Pipeline.php(219): Inertia\\Middleware->handle()
#31 /var/www/html/app/Http/Middleware/HandleAppearance.php(21): Illuminate\\Pipeline\\Pipeline->{closure:{closure:Illuminate\\Pipeline\\Pipeline::carry():194}:195}()
#32 /var/www/html/vendor/laravel/framework/src/Illuminate/Pipeline/Pipeline.php(219): App\\Http\\Middleware\\HandleAppearance->handle()
#33 /var/www/html/vendor/laravel/framework/src/Illuminate/Routing/Middleware/SubstituteBindings.php(52): Illuminate\\Pipeline\\Pipeline->{closure:{closure:Illuminate\\Pipeline\\Pipeline::carry():194}:195}()
#34 /var/www/html/vendor/laravel/framework/src/Illuminate/Pipeline/Pipeline.php(219): Illuminate\\Routing\\Middleware\\SubstituteBindings->handle()
#35 /var/www/html/vendor/laravel/framework/src/Illuminate/Auth/Middleware/Authenticate.php(63): Illuminate\\Pipeline\\Pipeline->{closure:{closure:Illuminate\\Pipeline\\Pipeline::carry():194}:195}()
#36 /var/www/html/vendor/laravel/framework/src/Illuminate/Pipeline/Pipeline.php(219): Illuminate\\Auth\\Middleware\\Authenticate->handle()
#37 /var/www/html/vendor/laravel/framework/src/Illuminate/Foundation/Http/Middleware/PreventRequestForgery.php(104): Illuminate\\Pipeline\\Pipeline->{closure:{closure:Illuminate\\Pipeline\\Pipeline::carry():194}:195}()
#38 /var/www/html/vendor/laravel/framework/src/Illuminate/Pipeline/Pipeline.php(219): Illuminate\\Foundation\\Http\\Middleware\\PreventRequestForgery->handle()
#39 /var/www/html/vendor/laravel/framework/src/Illuminate/View/Middleware/ShareErrorsFromSession.php(48): Illuminate\\Pipeline\\Pipeline->{closure:{closure:Illuminate\\Pipeline\\Pipeline::carry():194}:195}()
#40 /var/www/html/vendor/laravel/framework/src/Illuminate/Pipeline/Pipeline.php(219): Illuminate\\View\\Middleware\\ShareErrorsFromSession->handle()
#41 /var/www/html/vendor/laravel/framework/src/Illuminate/Session/Middleware/StartSession.php(120): Illuminate\\Pipeline\\Pipeline->{closure:{closure:Illuminate\\Pipeline\\Pipeline::carry():194}:195}()
#42 /var/www/html/vendor/laravel/framework/src/Illuminate/Session/Middleware/StartSession.php(63): Illuminate\\Session\\Middleware\\StartSession->handleStatefulRequest()
#43 /var/www/html/vendor/laravel/framework/src/Illuminate/Pipeline/Pipeline.php(219): Illuminate\\Session\\Middleware\\StartSession->handle()
#44 /var/www/html/vendor/laravel/framework/src/Illuminate/Cookie/Middleware/AddQueuedCookiesToResponse.php(36): Illuminate\\Pipeline\\Pipeline->{closure:{closure:Illuminate\\Pipeline\\Pipeline::carry():194}:195}()
#45 /var/www/html/vendor/laravel/framework/src/Illuminate/Pipeline/Pipeline.php(219): Illuminate\\Cookie\\Middleware\\AddQueuedCookiesToResponse->handle()
#46 /var/www/html/vendor/laravel/framework/src/Illuminate/Cookie/Middleware/EncryptCookies.php(74): Illuminate\\Pipeline\\Pipeline->{closure:{closure:Illuminate\\Pipeline\\Pipeline::carry():194}:195}()
#47 /var/www/html/vendor/laravel/framework/src/Illuminate/Pipeline/Pipeline.php(219): Illuminate\\Cookie\\Middleware\\EncryptCookies->handle()
#48 /var/www/html/vendor/laravel/framework/src/Illuminate/Pipeline/Pipeline.php(137): Illuminate\\Pipeline\\Pipeline->{closure:{closure:Illuminate\\Pipeline\\Pipeline::carry():194}:195}()
#49 /var/www/html/vendor/laravel/framework/src/Illuminate/Routing/Router.php(821): Illuminate\\Pipeline\\Pipeline->then()
#50 /var/www/html/vendor/laravel/framework/src/Illuminate/Routing/Router.php(800): Illuminate\\Routing\\Router->runRouteWithinStack()
#51 /var/www/html/vendor/laravel/framework/src/Illuminate/Routing/Router.php(764): Illuminate\\Routing\\Router->runRoute()
#52 /var/www/html/vendor/laravel/framework/src/Illuminate/Routing/Router.php(753): Illuminate\\Routing\\Router->dispatchToRoute()
#53 /var/www/html/vendor/laravel/framework/src/Illuminate/Foundation/Http/Kernel.php(200): Illuminate\\Routing\\Router->dispatch()
#54 /var/www/html/vendor/laravel/framework/src/Illuminate/Pipeline/Pipeline.php(180): Illuminate\\Foundation\\Http\\Kernel->{closure:Illuminate\\Foundation\\Http\\Kernel::dispatchToRouter():197}()
#55 /var/www/html/vendor/laravel/framework/src/Illuminate/Foundation/Http/Middleware/TransformsRequest.php(21): Illuminate\\Pipeline\\Pipeline->{closure:Illuminate\\Pipeline\\Pipeline::prepareDestination():178}()
#56 /var/www/html/vendor/laravel/framework/src/Illuminate/Foundation/Http/Middleware/ConvertEmptyStringsToNull.php(31): Illuminate\\Foundation\\Http\\Middleware\\TransformsRequest->handle()
#57 /var/www/html/vendor/laravel/framework/src/Illuminate/Pipeline/Pipeline.php(219): Illuminate\\Foundation\\Http\\Middleware\\ConvertEmptyStringsToNull->handle()
#58 /var/www/html/vendor/laravel/framework/src/Illuminate/Foundation/Http/Middleware/TransformsRequest.php(21): Illuminate\\Pipeline\\Pipeline->{closure:{closure:Illuminate\\Pipeline\\Pipeline::carry():194}:195}()
#59 /var/www/html/vendor/laravel/framework/src/Illuminate/Foundation/Http/Middleware/TrimStrings.php(51): Illuminate\\Foundation\\Http\\Middleware\\TransformsRequest->handle()
#60 /var/www/html/vendor/laravel/framework/src/Illuminate/Pipeline/Pipeline.php(219): Illuminate\\Foundation\\Http\\Middleware\\TrimStrings->handle()
#61 /var/www/html/vendor/laravel/framework/src/Illuminate/Http/Middleware/ValidatePostSize.php(27): Illuminate\\Pipeline\\Pipeline->{closure:{closure:Illuminate\\Pipeline\\Pipeline::carry():194}:195}()
#62 /var/www/html/vendor/laravel/framework/src/Illuminate/Pipeline/Pipeline.php(219): Illuminate\\Http\\Middleware\\ValidatePostSize->handle()
#63 /var/www/html/vendor/laravel/framework/src/Illuminate/Foundation/Http/Middleware/PreventRequestsDuringMaintenance.php(109): Illuminate\\Pipeline\\Pipeline->{closure:{closure:Illuminate\\Pipeline\\Pipeline::carry():194}:195}()
#64 /var/www/html/vendor/laravel/framework/src/Illuminate/Pipeline/Pipeline.php(219): Illuminate\\Foundation\\Http\\Middleware\\PreventRequestsDuringMaintenance->handle()
#65 /var/www/html/vendor/laravel/framework/src/Illuminate/Http/Middleware/HandleCors.php(61): Illuminate\\Pipeline\\Pipeline->{closure:{closure:Illuminate\\Pipeline\\Pipeline::carry():194}:195}()
#66 /var/www/html/vendor/laravel/framework/src/Illuminate/Pipeline/Pipeline.php(219): Illuminate\\Http\\Middleware\\HandleCors->handle()
#67 /var/www/html/vendor/laravel/framework/src/Illuminate/Http/Middleware/TrustProxies.php(58): Illuminate\\Pipeline\\Pipeline->{closure:{closure:Illuminate\\Pipeline\\Pipeline::carry():194}:195}()
#68 /var/www/html/vendor/laravel/framework/src/Illuminate/Pipeline/Pipeline.php(219): Illuminate\\Http\\Middleware\\TrustProxies->handle()
#69 /var/www/html/vendor/laravel/framework/src/Illuminate/Foundation/Http/Middleware/InvokeDeferredCallbacks.php(22): Illuminate\\Pipeline\\Pipeline->{closure:{closure:Illuminate\\Pipeline\\Pipeline::carry():194}:195}()
#70 /var/www/html/vendor/laravel/framework/src/Illuminate/Pipeline/Pipeline.php(219): Illuminate\\Foundation\\Http\\Middleware\\InvokeDeferredCallbacks->handle()
#71 /var/www/html/vendor/laravel/framework/src/Illuminate/Http/Middleware/ValidatePathEncoding.php(28): Illuminate\\Pipeline\\Pipeline->{closure:{closure:Illuminate\\Pipeline\\Pipeline::carry():194}:195}()
#72 /var/www/html/vendor/laravel/framework/src/Illuminate/Pipeline/Pipeline.php(219): Illuminate\\Http\\Middleware\\ValidatePathEncoding->handle()
#73 /var/www/html/vendor/laravel/framework/src/Illuminate/Pipeline/Pipeline.php(137): Illuminate\\Pipeline\\Pipeline->{closure:{closure:Illuminate\\Pipeline\\Pipeline::carry():194}:195}()
#74 /var/www/html/vendor/laravel/framework/src/Illuminate/Foundation/Http/Kernel.php(175): Illuminate\\Pipeline\\Pipeline->then()
#75 /var/www/html/vendor/laravel/framework/src/Illuminate/Foundation/Http/Kernel.php(144): Illuminate\\Foundation\\Http\\Kernel->sendRequestThroughRouter()
#76 /var/www/html/vendor/laravel/framework/src/Illuminate/Foundation/Application.php(1220): Illuminate\\Foundation\\Http\\Kernel->handle()
#77 /var/www/html/public/index.php(20): Illuminate\\Foundation\\Application->handleRequest()
#78 /var/www/html/vendor/laravel/framework/src/Illuminate/Foundation/resources/server.php(23): require_once('...')
#79 {main}
"} 
[2026-08-08 07:15:11] local.ERROR: Undefined array key "avatar" {"userId":1,"exception":"[object] (ErrorException(code: 0): Undefined array key \"avatar\" at /var/www/html/app/Models/User.php:34)
[stacktrace]
#0 /var/www/html/vendor/laravel/framework/src/Illuminate/Foundation/Bootstrap/HandleExceptions.php(258): Illuminate\\Foundation\\Bootstrap\\HandleExceptions->handleError()
#1 /var/www/html/app/Models/User.php(34): Illuminate\\Foundation\\Bootstrap\\HandleExceptions->{closure:Illuminate\\Foundation\\Bootstrap\\HandleExceptions::forwardsTo():257}()
#2 /var/www/html/vendor/laravel/framework/src/Illuminate/Database/Eloquent/Concerns/HasAttributes.php(733): App\\Models\\User->getAvatarUrlAttribute()
#3 /var/www/html/vendor/laravel/framework/src/Illuminate/Database/Eloquent/Concerns/HasAttributes.php(785): Illuminate\\Database\\Eloquent\\Model->mutateAttribute()
#4 /var/www/html/vendor/laravel/framework/src/Illuminate/Database/Eloquent/Concerns/HasAttributes.php(251): Illuminate\\Database\\Eloquent\\Model->mutateAttributeForArray()
#5 /var/www/html/vendor/laravel/framework/src/Illuminate/Database/Eloquent/Model.php(1925): Illuminate\\Database\\Eloquent\\Model->attributesToArray()
#6 [internal function]: Illuminate\\Database\\Eloquent\\Model->{closure:Illuminate\\Database\\Eloquent\\Model::toArray():1925}()
#7 /var/www/html/vendor/laravel/framework/src/Illuminate/Database/Eloquent/Concerns/PreventsCircularRecursion.php(46): call_user_func()
#8 /var/www/html/vendor/laravel/framework/src/Illuminate/Database/Eloquent/Model.php(1924): Illuminate\\Database\\Eloquent\\Model->withoutRecursion()
#9 /var/www/html/vendor/laravel/framework/src/Illuminate/Collections/Traits/EnumeratesValues.php(978): Illuminate\\Database\\Eloquent\\Model->toArray()
#10 [internal function]: Illuminate\\Support\\Collection->{closure:Illuminate\\Support\\Traits\\EnumeratesValues::toArray():978}()
#11 /var/www/html/vendor/laravel/framework/src/Illuminate/Collections/Arr.php(841): array_map()
#12 /var/www/html/vendor/laravel/framework/src/Illuminate/Collections/Collection.php(815): Illuminate\\Support\\Arr::map()
#13 /var/www/html/vendor/laravel/framework/src/Illuminate/Database/Eloquent/Collection.php(421): Illuminate\\Support\\Collection->map()
#14 /var/www/html/vendor/laravel/framework/src/Illuminate/Collections/Traits/EnumeratesValues.php(978): Illuminate\\Database\\Eloquent\\Collection->map()
#15 /var/www/html/vendor/inertiajs/inertia-laravel/src/PropsResolver.php(429): Illuminate\\Support\\Collection->toArray()
#16 /var/www/html/vendor/inertiajs/inertia-laravel/src/PropsResolver.php(262): Inertia\\PropsResolver->resolveValue()
#17 /var/www/html/vendor/inertiajs/inertia-laravel/src/PropsResolver.php(158): Inertia\\PropsResolver->resolveProps()
#18 /var/www/html/vendor/inertiajs/inertia-laravel/src/Response.php(189): Inertia\\PropsResolver->resolve()
#19 /var/www/html/vendor/laravel/framework/src/Illuminate/Routing/Router.php(921): Inertia\\Response->toResponse()
#20 /var/www/html/vendor/laravel/framework/src/Illuminate/Routing/Router.php(906): Illuminate\\Routing\\Router::toResponse()
#21 /var/www/html/vendor/laravel/framework/src/Illuminate/Routing/Router.php(821): Illuminate\\Routing\\Router->prepareResponse()
#22 /var/www/html/vendor/laravel/framework/src/Illuminate/Pipeline/Pipeline.php(180): Illuminate\\Routing\\Router->{closure:Illuminate\\Routing\\Router::runRouteWithinStack():821}()
#23 /var/www/html/vendor/spatie/laravel-permission/src/Middleware/PermissionMiddleware.php(41): Illuminate\\Pipeline\\Pipeline->{closure:Illuminate\\Pipeline\\Pipeline::prepareDestination():178}()
#24 /var/www/html/vendor/laravel/framework/src/Illuminate/Pipeline/Pipeline.php(219): Spatie\\Permission\\Middleware\\PermissionMiddleware->handle()
#25 /var/www/html/vendor/laravel/framework/src/Illuminate/Auth/Middleware/EnsureEmailIsVerified.php(41): Illuminate\\Pipeline\\Pipeline->{closure:{closure:Illuminate\\Pipeline\\Pipeline::carry():194}:195}()
#26 /var/www/html/vendor/laravel/framework/src/Illuminate/Pipeline/Pipeline.php(219): Illuminate\\Auth\\Middleware\\EnsureEmailIsVerified->handle()
#27 /var/www/html/vendor/laravel/framework/src/Illuminate/Http/Middleware/AddLinkHeadersForPreloadedAssets.php(32): Illuminate\\Pipeline\\Pipeline->{closure:{closure:Illuminate\\Pipeline\\Pipeline::carry():194}:195}()
#28 /var/www/html/vendor/laravel/framework/src/Illuminate/Pipeline/Pipeline.php(219): Illuminate\\Http\\Middleware\\AddLinkHeadersForPreloadedAssets->handle()
#29 /var/www/html/vendor/inertiajs/inertia-laravel/src/Middleware.php(138): Illuminate\\Pipeline\\Pipeline->{closure:{closure:Illuminate\\Pipeline\\Pipeline::carry():194}:195}()
#30 /var/www/html/vendor/laravel/framework/src/Illuminate/Pipeline/Pipeline.php(219): Inertia\\Middleware->handle()
#31 /var/www/html/app/Http/Middleware/HandleAppearance.php(21): Illuminate\\Pipeline\\Pipeline->{closure:{closure:Illuminate\\Pipeline\\Pipeline::carry():194}:195}()
#32 /var/www/html/vendor/laravel/framework/src/Illuminate/Pipeline/Pipeline.php(219): App\\Http\\Middleware\\HandleAppearance->handle()
#33 /var/www/html/vendor/laravel/framework/src/Illuminate/Routing/Middleware/SubstituteBindings.php(52): Illuminate\\Pipeline\\Pipeline->{closure:{closure:Illuminate\\Pipeline\\Pipeline::carry():194}:195}()
#34 /var/www/html/vendor/laravel/framework/src/Illuminate/Pipeline/Pipeline.php(219): Illuminate\\Routing\\Middleware\\SubstituteBindings->handle()
#35 /var/www/html/vendor/laravel/framework/src/Illuminate/Auth/Middleware/Authenticate.php(63): Illuminate\\Pipeline\\Pipeline->{closure:{closure:Illuminate\\Pipeline\\Pipeline::carry():194}:195}()
#36 /var/www/html/vendor/laravel/framework/src/Illuminate/Pipeline/Pipeline.php(219): Illuminate\\Auth\\Middleware\\Authenticate->handle()
#37 /var/www/html/vendor/laravel/framework/src/Illuminate/Foundation/Http/Middleware/PreventRequestForgery.php(104): Illuminate\\Pipeline\\Pipeline->{closure:{closure:Illuminate\\Pipeline\\Pipeline::carry():194}:195}()
#38 /var/www/html/vendor/laravel/framework/src/Illuminate/Pipeline/Pipeline.php(219): Illuminate\\Foundation\\Http\\Middleware\\PreventRequestForgery->handle()
#39 /var/www/html/vendor/laravel/framework/src/Illuminate/View/Middleware/ShareErrorsFromSession.php(48): Illuminate\\Pipeline\\Pipeline->{closure:{closure:Illuminate\\Pipeline\\Pipeline::carry():194}:195}()
#40 /var/www/html/vendor/laravel/framework/src/Illuminate/Pipeline/Pipeline.php(219): Illuminate\\View\\Middleware\\ShareErrorsFromSession->handle()
#41 /var/www/html/vendor/laravel/framework/src/Illuminate/Session/Middleware/StartSession.php(120): Illuminate\\Pipeline\\Pipeline->{closure:{closure:Illuminate\\Pipeline\\Pipeline::carry():194}:195}()
#42 /var/www/html/vendor/laravel/framework/src/Illuminate/Session/Middleware/StartSession.php(63): Illuminate\\Session\\Middleware\\StartSession->handleStatefulRequest()
#43 /var/www/html/vendor/laravel/framework/src/Illuminate/Pipeline/Pipeline.php(219): Illuminate\\Session\\Middleware\\StartSession->handle()
#44 /var/www/html/vendor/laravel/framework/src/Illuminate/Cookie/Middleware/AddQueuedCookiesToResponse.php(36): Illuminate\\Pipeline\\Pipeline->{closure:{closure:Illuminate\\Pipeline\\Pipeline::carry():194}:195}()
#45 /var/www/html/vendor/laravel/framework/src/Illuminate/Pipeline/Pipeline.php(219): Illuminate\\Cookie\\Middleware\\AddQueuedCookiesToResponse->handle()
#46 /var/www/html/vendor/laravel/framework/src/Illuminate/Cookie/Middleware/EncryptCookies.php(74): Illuminate\\Pipeline\\Pipeline->{closure:{closure:Illuminate\\Pipeline\\Pipeline::carry():194}:195}()
#47 /var/www/html/vendor/laravel/framework/src/Illuminate/Pipeline/Pipeline.php(219): Illuminate\\Cookie\\Middleware\\EncryptCookies->handle()
#48 /var/www/html/vendor/laravel/framework/src/Illuminate/Pipeline/Pipeline.php(137): Illuminate\\Pipeline\\Pipeline->{closure:{closure:Illuminate\\Pipeline\\Pipeline::carry():194}:195}()
#49 /var/www/html/vendor/laravel/framework/src/Illuminate/Routing/Router.php(821): Illuminate\\Pipeline\\Pipeline->then()
#50 /var/www/html/vendor/laravel/framework/src/Illuminate/Routing/Router.php(800): Illuminate\\Routing\\Router->runRouteWithinStack()
#51 /var/www/html/vendor/laravel/framework/src/Illuminate/Routing/Router.php(764): Illuminate\\Routing\\Router->runRoute()
#52 /var/www/html/vendor/laravel/framework/src/Illuminate/Routing/Router.php(753): Illuminate\\Routing\\Router->dispatchToRoute()
#53 /var/www/html/vendor/laravel/framework/src/Illuminate/Foundation/Http/Kernel.php(200): Illuminate\\Routing\\Router->dispatch()
#54 /var/www/html/vendor/laravel/framework/src/Illuminate/Pipeline/Pipeline.php(180): Illuminate\\Foundation\\Http\\Kernel->{closure:Illuminate\\Foundation\\Http\\Kernel::dispatchToRouter():197}()
#55 /var/www/html/vendor/laravel/framework/src/Illuminate/Foundation/Http/Middleware/TransformsRequest.php(21): Illuminate\\Pipeline\\Pipeline->{closure:Illuminate\\Pipeline\\Pipeline::prepareDestination():178}()
#56 /var/www/html/vendor/laravel/framework/src/Illuminate/Foundation/Http/Middleware/ConvertEmptyStringsToNull.php(31): Illuminate\\Foundation\\Http\\Middleware\\TransformsRequest->handle()
#57 /var/www/html/vendor/laravel/framework/src/Illuminate/Pipeline/Pipeline.php(219): Illuminate\\Foundation\\Http\\Middleware\\ConvertEmptyStringsToNull->handle()
#58 /var/www/html/vendor/laravel/framework/src/Illuminate/Foundation/Http/Middleware/TransformsRequest.php(21): Illuminate\\Pipeline\\Pipeline->{closure:{closure:Illuminate\\Pipeline\\Pipeline::carry():194}:195}()
#59 /var/www/html/vendor/laravel/framework/src/Illuminate/Foundation/Http/Middleware/TrimStrings.php(51): Illuminate\\Foundation\\Http\\Middleware\\TransformsRequest->handle()
#60 /var/www/html/vendor/laravel/framework/src/Illuminate/Pipeline/Pipeline.php(219): Illuminate\\Foundation\\Http\\Middleware\\TrimStrings->handle()
#61 /var/www/html/vendor/laravel/framework/src/Illuminate/Http/Middleware/ValidatePostSize.php(27): Illuminate\\Pipeline\\Pipeline->{closure:{closure:Illuminate\\Pipeline\\Pipeline::carry():194}:195}()
#62 /var/www/html/vendor/laravel/framework/src/Illuminate/Pipeline/Pipeline.php(219): Illuminate\\Http\\Middleware\\ValidatePostSize->handle()
#63 /var/www/html/vendor/laravel/framework/src/Illuminate/Foundation/Http/Middleware/PreventRequestsDuringMaintenance.php(109): Illuminate\\Pipeline\\Pipeline->{closure:{closure:Illuminate\\Pipeline\\Pipeline::carry():194}:195}()
#64 /var/www/html/vendor/laravel/framework/src/Illuminate/Pipeline/Pipeline.php(219): Illuminate\\Foundation\\Http\\Middleware\\PreventRequestsDuringMaintenance->handle()
#65 /var/www/html/vendor/laravel/framework/src/Illuminate/Http/Middleware/HandleCors.php(61): Illuminate\\Pipeline\\Pipeline->{closure:{closure:Illuminate\\Pipeline\\Pipeline::carry():194}:195}()
#66 /var/www/html/vendor/laravel/framework/src/Illuminate/Pipeline/Pipeline.php(219): Illuminate\\Http\\Middleware\\HandleCors->handle()
#67 /var/www/html/vendor/laravel/framework/src/Illuminate/Http/Middleware/TrustProxies.php(58): Illuminate\\Pipeline\\Pipeline->{closure:{closure:Illuminate\\Pipeline\\Pipeline::carry():194}:195}()
#68 /var/www/html/vendor/laravel/framework/src/Illuminate/Pipeline/Pipeline.php(219): Illuminate\\Http\\Middleware\\TrustProxies->handle()
#69 /var/www/html/vendor/laravel/framework/src/Illuminate/Foundation/Http/Middleware/InvokeDeferredCallbacks.php(22): Illuminate\\Pipeline\\Pipeline->{closure:{closure:Illuminate\\Pipeline\\Pipeline::carry():194}:195}()
#70 /var/www/html/vendor/laravel/framework/src/Illuminate/Pipeline/Pipeline.php(219): Illuminate\\Foundation\\Http\\Middleware\\InvokeDeferredCallbacks->handle()
#71 /var/www/html/vendor/laravel/framework/src/Illuminate/Http/Middleware/ValidatePathEncoding.php(28): Illuminate\\Pipeline\\Pipeline->{closure:{closure:Illuminate\\Pipeline\\Pipeline::carry():194}:195}()
#72 /var/www/html/vendor/laravel/framework/src/Illuminate/Pipeline/Pipeline.php(219): Illuminate\\Http\\Middleware\\ValidatePathEncoding->handle()
#73 /var/www/html/vendor/laravel/framework/src/Illuminate/Pipeline/Pipeline.php(137): Illuminate\\Pipeline\\Pipeline->{closure:{closure:Illuminate\\Pipeline\\Pipeline::carry():194}:195}()
#74 /var/www/html/vendor/laravel/framework/src/Illuminate/Foundation/Http/Kernel.php(175): Illuminate\\Pipeline\\Pipeline->then()
#75 /var/www/html/vendor/laravel/framework/src/Illuminate/Foundation/Http/Kernel.php(144): Illuminate\\Foundation\\Http\\Kernel->sendRequestThroughRouter()
#76 /var/www/html/vendor/laravel/framework/src/Illuminate/Foundation/Application.php(1220): Illuminate\\Foundation\\Http\\Kernel->handle()
#77 /var/www/html/public/index.php(20): Illuminate\\Foundation\\Application->handleRequest()
#78 /var/www/html/vendor/laravel/framework/src/Illuminate/Foundation/resources/server.php(23): require_once('...')
#79 {main}
"} 
[2026-08-08 07:15:12] local.ERROR: Undefined array key "avatar" {"userId":1,"exception":"[object] (ErrorException(code: 0): Undefined array key \"avatar\" at /var/www/html/app/Models/User.php:34)
[stacktrace]
#0 /var/www/html/vendor/laravel/framework/src/Illuminate/Foundation/Bootstrap/HandleExceptions.php(258): Illuminate\\Foundation\\Bootstrap\\HandleExceptions->handleError()
#1 /var/www/html/app/Models/User.php(34): Illuminate\\Foundation\\Bootstrap\\HandleExceptions->{closure:Illuminate\\Foundation\\Bootstrap\\HandleExceptions::forwardsTo():257}()
#2 /var/www/html/vendor/laravel/framework/src/Illuminate/Database/Eloquent/Concerns/HasAttributes.php(733): App\\Models\\User->getAvatarUrlAttribute()
#3 /var/www/html/vendor/laravel/framework/src/Illuminate/Database/Eloquent/Concerns/HasAttributes.php(785): Illuminate\\Database\\Eloquent\\Model->mutateAttribute()
#4 /var/www/html/vendor/laravel/framework/src/Illuminate/Database/Eloquent/Concerns/HasAttributes.php(251): Illuminate\\Database\\Eloquent\\Model->mutateAttributeForArray()
#5 /var/www/html/vendor/laravel/framework/src/Illuminate/Database/Eloquent/Model.php(1925): Illuminate\\Database\\Eloquent\\Model->attributesToArray()
#6 [internal function]: Illuminate\\Database\\Eloquent\\Model->{closure:Illuminate\\Database\\Eloquent\\Model::toArray():1925}()
#7 /var/www/html/vendor/laravel/framework/src/Illuminate/Database/Eloquent/Concerns/PreventsCircularRecursion.php(46): call_user_func()
#8 /var/www/html/vendor/laravel/framework/src/Illuminate/Database/Eloquent/Model.php(1924): Illuminate\\Database\\Eloquent\\Model->withoutRecursion()
#9 /var/www/html/vendor/laravel/framework/src/Illuminate/Collections/Traits/EnumeratesValues.php(978): Illuminate\\Database\\Eloquent\\Model->toArray()
#10 [internal function]: Illuminate\\Support\\Collection->{closure:Illuminate\\Support\\Traits\\EnumeratesValues::toArray():978}()
#11 /var/www/html/vendor/laravel/framework/src/Illuminate/Collections/Arr.php(841): array_map()
#12 /var/www/html/vendor/laravel/framework/src/Illuminate/Collections/Collection.php(815): Illuminate\\Support\\Arr::map()
#13 /var/www/html/vendor/laravel/framework/src/Illuminate/Database/Eloquent/Collection.php(421): Illuminate\\Support\\Collection->map()
#14 /var/www/html/vendor/laravel/framework/src/Illuminate/Collections/Traits/EnumeratesValues.php(978): Illuminate\\Database\\Eloquent\\Collection->map()
#15 /var/www/html/vendor/inertiajs/inertia-laravel/src/PropsResolver.php(429): Illuminate\\Support\\Collection->toArray()
#16 /var/www/html/vendor/inertiajs/inertia-laravel/src/PropsResolver.php(262): Inertia\\PropsResolver->resolveValue()
#17 /var/www/html/vendor/inertiajs/inertia-laravel/src/PropsResolver.php(158): Inertia\\PropsResolver->resolveProps()
#18 /var/www/html/vendor/inertiajs/inertia-laravel/src/Response.php(189): Inertia\\PropsResolver->resolve()
#19 /var/www/html/vendor/laravel/framework/src/Illuminate/Routing/Router.php(921): Inertia\\Response->toResponse()
#20 /var/www/html/vendor/laravel/framework/src/Illuminate/Routing/Router.php(906): Illuminate\\Routing\\Router::toResponse()
#21 /var/www/html/vendor/laravel/framework/src/Illuminate/Routing/Router.php(821): Illuminate\\Routing\\Router->prepareResponse()
#22 /var/www/html/vendor/laravel/framework/src/Illuminate/Pipeline/Pipeline.php(180): Illuminate\\Routing\\Router->{closure:Illuminate\\Routing\\Router::runRouteWithinStack():821}()
#23 /var/www/html/vendor/spatie/laravel-permission/src/Middleware/PermissionMiddleware.php(41): Illuminate\\Pipeline\\Pipeline->{closure:Illuminate\\Pipeline\\Pipeline::prepareDestination():178}()
#24 /var/www/html/vendor/laravel/framework/src/Illuminate/Pipeline/Pipeline.php(219): Spatie\\Permission\\Middleware\\PermissionMiddleware->handle()
#25 /var/www/html/vendor/laravel/framework/src/Illuminate/Auth/Middleware/EnsureEmailIsVerified.php(41): Illuminate\\Pipeline\\Pipeline->{closure:{closure:Illuminate\\Pipeline\\Pipeline::carry():194}:195}()
#26 /var/www/html/vendor/laravel/framework/src/Illuminate/Pipeline/Pipeline.php(219): Illuminate\\Auth\\Middleware\\EnsureEmailIsVerified->handle()
#27 /var/www/html/vendor/laravel/framework/src/Illuminate/Http/Middleware/AddLinkHeadersForPreloadedAssets.php(32): Illuminate\\Pipeline\\Pipeline->{closure:{closure:Illuminate\\Pipeline\\Pipeline::carry():194}:195}()
#28 /var/www/html/vendor/laravel/framework/src/Illuminate/Pipeline/Pipeline.php(219): Illuminate\\Http\\Middleware\\AddLinkHeadersForPreloadedAssets->handle()
#29 /var/www/html/vendor/inertiajs/inertia-laravel/src/Middleware.php(138): Illuminate\\Pipeline\\Pipeline->{closure:{closure:Illuminate\\Pipeline\\Pipeline::carry():194}:195}()
#30 /var/www/html/vendor/laravel/framework/src/Illuminate/Pipeline/Pipeline.php(219): Inertia\\Middleware->handle()
#31 /var/www/html/app/Http/Middleware/HandleAppearance.php(21): Illuminate\\Pipeline\\Pipeline->{closure:{closure:Illuminate\\Pipeline\\Pipeline::carry():194}:195}()
#32 /var/www/html/vendor/laravel/framework/src/Illuminate/Pipeline/Pipeline.php(219): App\\Http\\Middleware\\HandleAppearance->handle()
#33 /var/www/html/vendor/laravel/framework/src/Illuminate/Routing/Middleware/SubstituteBindings.php(52): Illuminate\\Pipeline\\Pipeline->{closure:{closure:Illuminate\\Pipeline\\Pipeline::carry():194}:195}()
#34 /var/www/html/vendor/laravel/framework/src/Illuminate/Pipeline/Pipeline.php(219): Illuminate\\Routing\\Middleware\\SubstituteBindings->handle()
#35 /var/www/html/vendor/laravel/framework/src/Illuminate/Auth/Middleware/Authenticate.php(63): Illuminate\\Pipeline\\Pipeline->{closure:{closure:Illuminate\\Pipeline\\Pipeline::carry():194}:195}()
#36 /var/www/html/vendor/laravel/framework/src/Illuminate/Pipeline/Pipeline.php(219): Illuminate\\Auth\\Middleware\\Authenticate->handle()
#37 /var/www/html/vendor/laravel/framework/src/Illuminate/Foundation/Http/Middleware/PreventRequestForgery.php(104): Illuminate\\Pipeline\\Pipeline->{closure:{closure:Illuminate\\Pipeline\\Pipeline::carry():194}:195}()
#38 /var/www/html/vendor/laravel/framework/src/Illuminate/Pipeline/Pipeline.php(219): Illuminate\\Foundation\\Http\\Middleware\\PreventRequestForgery->handle()
#39 /var/www/html/vendor/laravel/framework/src/Illuminate/View/Middleware/ShareErrorsFromSession.php(48): Illuminate\\Pipeline\\Pipeline->{closure:{closure:Illuminate\\Pipeline\\Pipeline::carry():194}:195}()
#40 /var/www/html/vendor/laravel/framework/src/Illuminate/Pipeline/Pipeline.php(219): Illuminate\\View\\Middleware\\ShareErrorsFromSession->handle()
#41 /var/www/html/vendor/laravel/framework/src/Illuminate/Session/Middleware/StartSession.php(120): Illuminate\\Pipeline\\Pipeline->{closure:{closure:Illuminate\\Pipeline\\Pipeline::carry():194}:195}()
#42 /var/www/html/vendor/laravel/framework/src/Illuminate/Session/Middleware/StartSession.php(63): Illuminate\\Session\\Middleware\\StartSession->handleStatefulRequest()
#43 /var/www/html/vendor/laravel/framework/src/Illuminate/Pipeline/Pipeline.php(219): Illuminate\\Session\\Middleware\\StartSession->handle()
#44 /var/www/html/vendor/laravel/framework/src/Illuminate/Cookie/Middleware/AddQueuedCookiesToResponse.php(36): Illuminate\\Pipeline\\Pipeline->{closure:{closure:Illuminate\\Pipeline\\Pipeline::carry():194}:195}()
#45 /var/www/html/vendor/laravel/framework/src/Illuminate/Pipeline/Pipeline.php(219): Illuminate\\Cookie\\Middleware\\AddQueuedCookiesToResponse->handle()
#46 /var/www/html/vendor/laravel/framework/src/Illuminate/Cookie/Middleware/EncryptCookies.php(74): Illuminate\\Pipeline\\Pipeline->{closure:{closure:Illuminate\\Pipeline\\Pipeline::carry():194}:195}()
#47 /var/www/html/vendor/laravel/framework/src/Illuminate/Pipeline/Pipeline.php(219): Illuminate\\Cookie\\Middleware\\EncryptCookies->handle()
#48 /var/www/html/vendor/laravel/framework/src/Illuminate/Pipeline/Pipeline.php(137): Illuminate\\Pipeline\\Pipeline->{closure:{closure:Illuminate\\Pipeline\\Pipeline::carry():194}:195}()
#49 /var/www/html/vendor/laravel/framework/src/Illuminate/Routing/Router.php(821): Illuminate\\Pipeline\\Pipeline->then()
#50 /var/www/html/vendor/laravel/framework/src/Illuminate/Routing/Router.php(800): Illuminate\\Routing\\Router->runRouteWithinStack()
#51 /var/www/html/vendor/laravel/framework/src/Illuminate/Routing/Router.php(764): Illuminate\\Routing\\Router->runRoute()
#52 /var/www/html/vendor/laravel/framework/src/Illuminate/Routing/Router.php(753): Illuminate\\Routing\\Router->dispatchToRoute()
#53 /var/www/html/vendor/laravel/framework/src/Illuminate/Foundation/Http/Kernel.php(200): Illuminate\\Routing\\Router->dispatch()
#54 /var/www/html/vendor/laravel/framework/src/Illuminate/Pipeline/Pipeline.php(180): Illuminate\\Foundation\\Http\\Kernel->{closure:Illuminate\\Foundation\\Http\\Kernel::dispatchToRouter():197}()
#55 /var/www/html/vendor/laravel/framework/src/Illuminate/Foundation/Http/Middleware/TransformsRequest.php(21): Illuminate\\Pipeline\\Pipeline->{closure:Illuminate\\Pipeline\\Pipeline::prepareDestination():178}()
#56 /var/www/html/vendor/laravel/framework/src/Illuminate/Foundation/Http/Middleware/ConvertEmptyStringsToNull.php(31): Illuminate\\Foundation\\Http\\Middleware\\TransformsRequest->handle()
#57 /var/www/html/vendor/laravel/framework/src/Illuminate/Pipeline/Pipeline.php(219): Illuminate\\Foundation\\Http\\Middleware\\ConvertEmptyStringsToNull->handle()
#58 /var/www/html/vendor/laravel/framework/src/Illuminate/Foundation/Http/Middleware/TransformsRequest.php(21): Illuminate\\Pipeline\\Pipeline->{closure:{closure:Illuminate\\Pipeline\\Pipeline::carry():194}:195}()
#59 /var/www/html/vendor/laravel/framework/src/Illuminate/Foundation/Http/Middleware/TrimStrings.php(51): Illuminate\\Foundation\\Http\\Middleware\\TransformsRequest->handle()
#60 /var/www/html/vendor/laravel/framework/src/Illuminate/Pipeline/Pipeline.php(219): Illuminate\\Foundation\\Http\\Middleware\\TrimStrings->handle()
#61 /var/www/html/vendor/laravel/framework/src/Illuminate/Http/Middleware/ValidatePostSize.php(27): Illuminate\\Pipeline\\Pipeline->{closure:{closure:Illuminate\\Pipeline\\Pipeline::carry():194}:195}()
#62 /var/www/html/vendor/laravel/framework/src/Illuminate/Pipeline/Pipeline.php(219): Illuminate\\Http\\Middleware\\ValidatePostSize->handle()
#63 /var/www/html/vendor/laravel/framework/src/Illuminate/Foundation/Http/Middleware/PreventRequestsDuringMaintenance.php(109): Illuminate\\Pipeline\\Pipeline->{closure:{closure:Illuminate\\Pipeline\\Pipeline::carry():194}:195}()
#64 /var/www/html/vendor/laravel/framework/src/Illuminate/Pipeline/Pipeline.php(219): Illuminate\\Foundation\\Http\\Middleware\\PreventRequestsDuringMaintenance->handle()
#65 /var/www/html/vendor/laravel/framework/src/Illuminate/Http/Middleware/HandleCors.php(61): Illuminate\\Pipeline\\Pipeline->{closure:{closure:Illuminate\\Pipeline\\Pipeline::carry():194}:195}()
#66 /var/www/html/vendor/laravel/framework/src/Illuminate/Pipeline/Pipeline.php(219): Illuminate\\Http\\Middleware\\HandleCors->handle()
#67 /var/www/html/vendor/laravel/framework/src/Illuminate/Http/Middleware/TrustProxies.php(58): Illuminate\\Pipeline\\Pipeline->{closure:{closure:Illuminate\\Pipeline\\Pipeline::carry():194}:195}()
#68 /var/www/html/vendor/laravel/framework/src/Illuminate/Pipeline/Pipeline.php(219): Illuminate\\Http\\Middleware\\TrustProxies->handle()
#69 /var/www/html/vendor/laravel/framework/src/Illuminate/Foundation/Http/Middleware/InvokeDeferredCallbacks.php(22): Illuminate\\Pipeline\\Pipeline->{closure:{closure:Illuminate\\Pipeline\\Pipeline::carry():194}:195}()
#70 /var/www/html/vendor/laravel/framework/src/Illuminate/Pipeline/Pipeline.php(219): Illuminate\\Foundation\\Http\\Middleware\\InvokeDeferredCallbacks->handle()
#71 /var/www/html/vendor/laravel/framework/src/Illuminate/Http/Middleware/ValidatePathEncoding.php(28): Illuminate\\Pipeline\\Pipeline->{closure:{closure:Illuminate\\Pipeline\\Pipeline::carry():194}:195}()
#72 /var/www/html/vendor/laravel/framework/src/Illuminate/Pipeline/Pipeline.php(219): Illuminate\\Http\\Middleware\\ValidatePathEncoding->handle()
#73 /var/www/html/vendor/laravel/framework/src/Illuminate/Pipeline/Pipeline.php(137): Illuminate\\Pipeline\\Pipeline->{closure:{closure:Illuminate\\Pipeline\\Pipeline::carry():194}:195}()
#74 /var/www/html/vendor/laravel/framework/src/Illuminate/Foundation/Http/Kernel.php(175): Illuminate\\Pipeline\\Pipeline->then()
#75 /var/www/html/vendor/laravel/framework/src/Illuminate/Foundation/Http/Kernel.php(144): Illuminate\\Foundation\\Http\\Kernel->sendRequestThroughRouter()
#76 /var/www/html/vendor/laravel/framework/src/Illuminate/Foundation/Application.php(1220): Illuminate\\Foundation\\Http\\Kernel->handle()
#77 /var/www/html/public/index.php(20): Illuminate\\Foundation\\Application->handleRequest()
#78 /var/www/html/vendor/laravel/framework/src/Illuminate/Foundation/resources/server.php(23): require_once('...')
#79 {main}
"} 
[2026-08-08 07:22:25] local.ERROR: Undefined array key "avatar" {"userId":1,"exception":"[object] (ErrorException(code: 0): Undefined array key \"avatar\" at /var/www/html/app/Models/User.php:34)
[stacktrace]
#0 /var/www/html/vendor/laravel/framework/src/Illuminate/Foundation/Bootstrap/HandleExceptions.php(258): Illuminate\\Foundation\\Bootstrap\\HandleExceptions->handleError()
#1 /var/www/html/app/Models/User.php(34): Illuminate\\Foundation\\Bootstrap\\HandleExceptions->{closure:Illuminate\\Foundation\\Bootstrap\\HandleExceptions::forwardsTo():257}()
#2 /var/www/html/vendor/laravel/framework/src/Illuminate/Database/Eloquent/Concerns/HasAttributes.php(733): App\\Models\\User->getAvatarUrlAttribute()
#3 /var/www/html/vendor/laravel/framework/src/Illuminate/Database/Eloquent/Concerns/HasAttributes.php(785): Illuminate\\Database\\Eloquent\\Model->mutateAttribute()
#4 /var/www/html/vendor/laravel/framework/src/Illuminate/Database/Eloquent/Concerns/HasAttributes.php(251): Illuminate\\Database\\Eloquent\\Model->mutateAttributeForArray()
#5 /var/www/html/vendor/laravel/framework/src/Illuminate/Database/Eloquent/Model.php(1925): Illuminate\\Database\\Eloquent\\Model->attributesToArray()
#6 [internal function]: Illuminate\\Database\\Eloquent\\Model->{closure:Illuminate\\Database\\Eloquent\\Model::toArray():1925}()
#7 /var/www/html/vendor/laravel/framework/src/Illuminate/Database/Eloquent/Concerns/PreventsCircularRecursion.php(46): call_user_func()
#8 /var/www/html/vendor/laravel/framework/src/Illuminate/Database/Eloquent/Model.php(1924): Illuminate\\Database\\Eloquent\\Model->withoutRecursion()
#9 /var/www/html/vendor/laravel/framework/src/Illuminate/Collections/Traits/EnumeratesValues.php(978): Illuminate\\Database\\Eloquent\\Model->toArray()
#10 [internal function]: Illuminate\\Support\\Collection->{closure:Illuminate\\Support\\Traits\\EnumeratesValues::toArray():978}()
#11 /var/www/html/vendor/laravel/framework/src/Illuminate/Collections/Arr.php(841): array_map()
#12 /var/www/html/vendor/laravel/framework/src/Illuminate/Collections/Collection.php(815): Illuminate\\Support\\Arr::map()
#13 /var/www/html/vendor/laravel/framework/src/Illuminate/Database/Eloquent/Collection.php(421): Illuminate\\Support\\Collection->map()
#14 /var/www/html/vendor/laravel/framework/src/Illuminate/Collections/Traits/EnumeratesValues.php(978): Illuminate\\Database\\Eloquent\\Collection->map()
#15 /var/www/html/vendor/inertiajs/inertia-laravel/src/PropsResolver.php(429): Illuminate\\Support\\Collection->toArray()
#16 /var/www/html/vendor/inertiajs/inertia-laravel/src/PropsResolver.php(262): Inertia\\PropsResolver->resolveValue()
#17 /var/www/html/vendor/inertiajs/inertia-laravel/src/PropsResolver.php(158): Inertia\\PropsResolver->resolveProps()
#18 /var/www/html/vendor/inertiajs/inertia-laravel/src/Response.php(189): Inertia\\PropsResolver->resolve()
#19 /var/www/html/vendor/laravel/framework/src/Illuminate/Routing/Router.php(921): Inertia\\Response->toResponse()
#20 /var/www/html/vendor/laravel/framework/src/Illuminate/Routing/Router.php(906): Illuminate\\Routing\\Router::toResponse()
#21 /var/www/html/vendor/laravel/framework/src/Illuminate/Routing/Router.php(821): Illuminate\\Routing\\Router->prepareResponse()
#22 /var/www/html/vendor/laravel/framework/src/Illuminate/Pipeline/Pipeline.php(180): Illuminate\\Routing\\Router->{closure:Illuminate\\Routing\\Router::runRouteWithinStack():821}()
#23 /var/www/html/vendor/spatie/laravel-permission/src/Middleware/PermissionMiddleware.php(41): Illuminate\\Pipeline\\Pipeline->{closure:Illuminate\\Pipeline\\Pipeline::prepareDestination():178}()
#24 /var/www/html/vendor/laravel/framework/src/Illuminate/Pipeline/Pipeline.php(219): Spatie\\Permission\\Middleware\\PermissionMiddleware->handle()
#25 /var/www/html/vendor/laravel/framework/src/Illuminate/Auth/Middleware/EnsureEmailIsVerified.php(41): Illuminate\\Pipeline\\Pipeline->{closure:{closure:Illuminate\\Pipeline\\Pipeline::carry():194}:195}()
#26 /var/www/html/vendor/laravel/framework/src/Illuminate/Pipeline/Pipeline.php(219): Illuminate\\Auth\\Middleware\\EnsureEmailIsVerified->handle()
#27 /var/www/html/vendor/laravel/framework/src/Illuminate/Http/Middleware/AddLinkHeadersForPreloadedAssets.php(32): Illuminate\\Pipeline\\Pipeline->{closure:{closure:Illuminate\\Pipeline\\Pipeline::carry():194}:195}()
#28 /var/www/html/vendor/laravel/framework/src/Illuminate/Pipeline/Pipeline.php(219): Illuminate\\Http\\Middleware\\AddLinkHeadersForPreloadedAssets->handle()
#29 /var/www/html/vendor/inertiajs/inertia-laravel/src/Middleware.php(138): Illuminate\\Pipeline\\Pipeline->{closure:{closure:Illuminate\\Pipeline\\Pipeline::carry():194}:195}()
#30 /var/www/html/vendor/laravel/framework/src/Illuminate/Pipeline/Pipeline.php(219): Inertia\\Middleware->handle()
#31 /var/www/html/app/Http/Middleware/HandleAppearance.php(21): Illuminate\\Pipeline\\Pipeline->{closure:{closure:Illuminate\\Pipeline\\Pipeline::carry():194}:195}()
#32 /var/www/html/vendor/laravel/framework/src/Illuminate/Pipeline/Pipeline.php(219): App\\Http\\Middleware\\HandleAppearance->handle()
#33 /var/www/html/vendor/laravel/framework/src/Illuminate/Routing/Middleware/SubstituteBindings.php(52): Illuminate\\Pipeline\\Pipeline->{closure:{closure:Illuminate\\Pipeline\\Pipeline::carry():194}:195}()
#34 /var/www/html/vendor/laravel/framework/src/Illuminate/Pipeline/Pipeline.php(219): Illuminate\\Routing\\Middleware\\SubstituteBindings->handle()
#35 /var/www/html/vendor/laravel/framework/src/Illuminate/Auth/Middleware/Authenticate.php(63): Illuminate\\Pipeline\\Pipeline->{closure:{closure:Illuminate\\Pipeline\\Pipeline::carry():194}:195}()
#36 /var/www/html/vendor/laravel/framework/src/Illuminate/Pipeline/Pipeline.php(219): Illuminate\\Auth\\Middleware\\Authenticate->handle()
#37 /var/www/html/vendor/laravel/framework/src/Illuminate/Foundation/Http/Middleware/PreventRequestForgery.php(104): Illuminate\\Pipeline\\Pipeline->{closure:{closure:Illuminate\\Pipeline\\Pipeline::carry():194}:195}()
#38 /var/www/html/vendor/laravel/framework/src/Illuminate/Pipeline/Pipeline.php(219): Illuminate\\Foundation\\Http\\Middleware\\PreventRequestForgery->handle()
#39 /var/www/html/vendor/laravel/framework/src/Illuminate/View/Middleware/ShareErrorsFromSession.php(48): Illuminate\\Pipeline\\Pipeline->{closure:{closure:Illuminate\\Pipeline\\Pipeline::carry():194}:195}()
#40 /var/www/html/vendor/laravel/framework/src/Illuminate/Pipeline/Pipeline.php(219): Illuminate\\View\\Middleware\\ShareErrorsFromSession->handle()
#41 /var/www/html/vendor/laravel/framework/src/Illuminate/Session/Middleware/StartSession.php(120): Illuminate\\Pipeline\\Pipeline->{closure:{closure:Illuminate\\Pipeline\\Pipeline::carry():194}:195}()
#42 /var/www/html/vendor/laravel/framework/src/Illuminate/Session/Middleware/StartSession.php(63): Illuminate\\Session\\Middleware\\StartSession->handleStatefulRequest()
#43 /var/www/html/vendor/laravel/framework/src/Illuminate/Pipeline/Pipeline.php(219): Illuminate\\Session\\Middleware\\StartSession->handle()
#44 /var/www/html/vendor/laravel/framework/src/Illuminate/Cookie/Middleware/AddQueuedCookiesToResponse.php(36): Illuminate\\Pipeline\\Pipeline->{closure:{closure:Illuminate\\Pipeline\\Pipeline::carry():194}:195}()
#45 /var/www/html/vendor/laravel/framework/src/Illuminate/Pipeline/Pipeline.php(219): Illuminate\\Cookie\\Middleware\\AddQueuedCookiesToResponse->handle()
#46 /var/www/html/vendor/laravel/framework/src/Illuminate/Cookie/Middleware/EncryptCookies.php(74): Illuminate\\Pipeline\\Pipeline->{closure:{closure:Illuminate\\Pipeline\\Pipeline::carry():194}:195}()
#47 /var/www/html/vendor/laravel/framework/src/Illuminate/Pipeline/Pipeline.php(219): Illuminate\\Cookie\\Middleware\\EncryptCookies->handle()
#48 /var/www/html/vendor/laravel/framework/src/Illuminate/Pipeline/Pipeline.php(137): Illuminate\\Pipeline\\Pipeline->{closure:{closure:Illuminate\\Pipeline\\Pipeline::carry():194}:195}()
#49 /var/www/html/vendor/laravel/framework/src/Illuminate/Routing/Router.php(821): Illuminate\\Pipeline\\Pipeline->then()
#50 /var/www/html/vendor/laravel/framework/src/Illuminate/Routing/Router.php(800): Illuminate\\Routing\\Router->runRouteWithinStack()
#51 /var/www/html/vendor/laravel/framework/src/Illuminate/Routing/Router.php(764): Illuminate\\Routing\\Router->runRoute()
#52 /var/www/html/vendor/laravel/framework/src/Illuminate/Routing/Router.php(753): Illuminate\\Routing\\Router->dispatchToRoute()
#53 /var/www/html/vendor/laravel/framework/src/Illuminate/Foundation/Http/Kernel.php(200): Illuminate\\Routing\\Router->dispatch()
#54 /var/www/html/vendor/laravel/framework/src/Illuminate/Pipeline/Pipeline.php(180): Illuminate\\Foundation\\Http\\Kernel->{closure:Illuminate\\Foundation\\Http\\Kernel::dispatchToRouter():197}()
#55 /var/www/html/vendor/laravel/framework/src/Illuminate/Foundation/Http/Middleware/TransformsRequest.php(21): Illuminate\\Pipeline\\Pipeline->{closure:Illuminate\\Pipeline\\Pipeline::prepareDestination():178}()
#56 /var/www/html/vendor/laravel/framework/src/Illuminate/Foundation/Http/Middleware/ConvertEmptyStringsToNull.php(31): Illuminate\\Foundation\\Http\\Middleware\\TransformsRequest->handle()
#57 /var/www/html/vendor/laravel/framework/src/Illuminate/Pipeline/Pipeline.php(219): Illuminate\\Foundation\\Http\\Middleware\\ConvertEmptyStringsToNull->handle()
#58 /var/www/html/vendor/laravel/framework/src/Illuminate/Foundation/Http/Middleware/TransformsRequest.php(21): Illuminate\\Pipeline\\Pipeline->{closure:{closure:Illuminate\\Pipeline\\Pipeline::carry():194}:195}()
#59 /var/www/html/vendor/laravel/framework/src/Illuminate/Foundation/Http/Middleware/TrimStrings.php(51): Illuminate\\Foundation\\Http\\Middleware\\TransformsRequest->handle()
#60 /var/www/html/vendor/laravel/framework/src/Illuminate/Pipeline/Pipeline.php(219): Illuminate\\Foundation\\Http\\Middleware\\TrimStrings->handle()
#61 /var/www/html/vendor/laravel/framework/src/Illuminate/Http/Middleware/ValidatePostSize.php(27): Illuminate\\Pipeline\\Pipeline->{closure:{closure:Illuminate\\Pipeline\\Pipeline::carry():194}:195}()
#62 /var/www/html/vendor/laravel/framework/src/Illuminate/Pipeline/Pipeline.php(219): Illuminate\\Http\\Middleware\\ValidatePostSize->handle()
#63 /var/www/html/vendor/laravel/framework/src/Illuminate/Foundation/Http/Middleware/PreventRequestsDuringMaintenance.php(109): Illuminate\\Pipeline\\Pipeline->{closure:{closure:Illuminate\\Pipeline\\Pipeline::carry():194}:195}()
#64 /var/www/html/vendor/laravel/framework/src/Illuminate/Pipeline/Pipeline.php(219): Illuminate\\Foundation\\Http\\Middleware\\PreventRequestsDuringMaintenance->handle()
#65 /var/www/html/vendor/laravel/framework/src/Illuminate/Http/Middleware/HandleCors.php(61): Illuminate\\Pipeline\\Pipeline->{closure:{closure:Illuminate\\Pipeline\\Pipeline::carry():194}:195}()
#66 /var/www/html/vendor/laravel/framework/src/Illuminate/Pipeline/Pipeline.php(219): Illuminate\\Http\\Middleware\\HandleCors->handle()
#67 /var/www/html/vendor/laravel/framework/src/Illuminate/Http/Middleware/TrustProxies.php(58): Illuminate\\Pipeline\\Pipeline->{closure:{closure:Illuminate\\Pipeline\\Pipeline::carry():194}:195}()
#68 /var/www/html/vendor/laravel/framework/src/Illuminate/Pipeline/Pipeline.php(219): Illuminate\\Http\\Middleware\\TrustProxies->handle()
#69 /var/www/html/vendor/laravel/framework/src/Illuminate/Foundation/Http/Middleware/InvokeDeferredCallbacks.php(22): Illuminate\\Pipeline\\Pipeline->{closure:{closure:Illuminate\\Pipeline\\Pipeline::carry():194}:195}()
#70 /var/www/html/vendor/laravel/framework/src/Illuminate/Pipeline/Pipeline.php(219): Illuminate\\Foundation\\Http\\Middleware\\InvokeDeferredCallbacks->handle()
#71 /var/www/html/vendor/laravel/framework/src/Illuminate/Http/Middleware/ValidatePathEncoding.php(28): Illuminate\\Pipeline\\Pipeline->{closure:{closure:Illuminate\\Pipeline\\Pipeline::carry():194}:195}()
#72 /var/www/html/vendor/laravel/framework/src/Illuminate/Pipeline/Pipeline.php(219): Illuminate\\Http\\Middleware\\ValidatePathEncoding->handle()
#73 /var/www/html/vendor/laravel/framework/src/Illuminate/Pipeline/Pipeline.php(137): Illuminate\\Pipeline\\Pipeline->{closure:{closure:Illuminate\\Pipeline\\Pipeline::carry():194}:195}()
#74 /var/www/html/vendor/laravel/framework/src/Illuminate/Foundation/Http/Kernel.php(175): Illuminate\\Pipeline\\Pipeline->then()
#75 /var/www/html/vendor/laravel/framework/src/Illuminate/Foundation/Http/Kernel.php(144): Illuminate\\Foundation\\Http\\Kernel->sendRequestThroughRouter()
#76 /var/www/html/vendor/laravel/framework/src/Illuminate/Foundation/Application.php(1220): Illuminate\\Foundation\\Http\\Kernel->handle()
#77 /var/www/html/public/index.php(20): Illuminate\\Foundation\\Application->handleRequest()
#78 /var/www/html/vendor/laravel/framework/src/Illuminate/Foundation/resources/server.php(23): require_once('...')
#79 {main}
"} 
[2026-08-08 07:22:37] local.ERROR: Undefined array key "avatar" {"userId":1,"exception":"[object] (ErrorException(code: 0): Undefined array key \"avatar\" at /var/www/html/app/Models/User.php:34)
[stacktrace]
#0 /var/www/html/vendor/laravel/framework/src/Illuminate/Foundation/Bootstrap/HandleExceptions.php(258): Illuminate\\Foundation\\Bootstrap\\HandleExceptions->handleError()
#1 /var/www/html/app/Models/User.php(34): Illuminate\\Foundation\\Bootstrap\\HandleExceptions->{closure:Illuminate\\Foundation\\Bootstrap\\HandleExceptions::forwardsTo():257}()
#2 /var/www/html/vendor/laravel/framework/src/Illuminate/Database/Eloquent/Concerns/HasAttributes.php(733): App\\Models\\User->getAvatarUrlAttribute()
#3 /var/www/html/vendor/laravel/framework/src/Illuminate/Database/Eloquent/Concerns/HasAttributes.php(785): Illuminate\\Database\\Eloquent\\Model->mutateAttribute()
#4 /var/www/html/vendor/laravel/framework/src/Illuminate/Database/Eloquent/Concerns/HasAttributes.php(251): Illuminate\\Database\\Eloquent\\Model->mutateAttributeForArray()
#5 /var/www/html/vendor/laravel/framework/src/Illuminate/Database/Eloquent/Model.php(1925): Illuminate\\Database\\Eloquent\\Model->attributesToArray()
#6 [internal function]: Illuminate\\Database\\Eloquent\\Model->{closure:Illuminate\\Database\\Eloquent\\Model::toArray():1925}()
#7 /var/www/html/vendor/laravel/framework/src/Illuminate/Database/Eloquent/Concerns/PreventsCircularRecursion.php(46): call_user_func()
#8 /var/www/html/vendor/laravel/framework/src/Illuminate/Database/Eloquent/Model.php(1924): Illuminate\\Database\\Eloquent\\Model->withoutRecursion()
#9 /var/www/html/vendor/laravel/framework/src/Illuminate/Collections/Traits/EnumeratesValues.php(978): Illuminate\\Database\\Eloquent\\Model->toArray()
#10 [internal function]: Illuminate\\Support\\Collection->{closure:Illuminate\\Support\\Traits\\EnumeratesValues::toArray():978}()
#11 /var/www/html/vendor/laravel/framework/src/Illuminate/Collections/Arr.php(841): array_map()
#12 /var/www/html/vendor/laravel/framework/src/Illuminate/Collections/Collection.php(815): Illuminate\\Support\\Arr::map()
#13 /var/www/html/vendor/laravel/framework/src/Illuminate/Database/Eloquent/Collection.php(421): Illuminate\\Support\\Collection->map()
#14 /var/www/html/vendor/laravel/framework/src/Illuminate/Collections/Traits/EnumeratesValues.php(978): Illuminate\\Database\\Eloquent\\Collection->map()
#15 /var/www/html/vendor/inertiajs/inertia-laravel/src/PropsResolver.php(429): Illuminate\\Support\\Collection->toArray()
#16 /var/www/html/vendor/inertiajs/inertia-laravel/src/PropsResolver.php(262): Inertia\\PropsResolver->resolveValue()
#17 /var/www/html/vendor/inertiajs/inertia-laravel/src/PropsResolver.php(158): Inertia\\PropsResolver->resolveProps()
#18 /var/www/html/vendor/inertiajs/inertia-laravel/src/Response.php(189): Inertia\\PropsResolver->resolve()
#19 /var/www/html/vendor/laravel/framework/src/Illuminate/Routing/Router.php(921): Inertia\\Response->toResponse()
#20 /var/www/html/vendor/laravel/framework/src/Illuminate/Routing/Router.php(906): Illuminate\\Routing\\Router::toResponse()
#21 /var/www/html/vendor/laravel/framework/src/Illuminate/Routing/Router.php(821): Illuminate\\Routing\\Router->prepareResponse()
#22 /var/www/html/vendor/laravel/framework/src/Illuminate/Pipeline/Pipeline.php(180): Illuminate\\Routing\\Router->{closure:Illuminate\\Routing\\Router::runRouteWithinStack():821}()
#23 /var/www/html/vendor/spatie/laravel-permission/src/Middleware/PermissionMiddleware.php(41): Illuminate\\Pipeline\\Pipeline->{closure:Illuminate\\Pipeline\\Pipeline::prepareDestination():178}()
#24 /var/www/html/vendor/laravel/framework/src/Illuminate/Pipeline/Pipeline.php(219): Spatie\\Permission\\Middleware\\PermissionMiddleware->handle()
#25 /var/www/html/vendor/laravel/framework/src/Illuminate/Auth/Middleware/EnsureEmailIsVerified.php(41): Illuminate\\Pipeline\\Pipeline->{closure:{closure:Illuminate\\Pipeline\\Pipeline::carry():194}:195}()
#26 /var/www/html/vendor/laravel/framework/src/Illuminate/Pipeline/Pipeline.php(219): Illuminate\\Auth\\Middleware\\EnsureEmailIsVerified->handle()
#27 /var/www/html/vendor/laravel/framework/src/Illuminate/Http/Middleware/AddLinkHeadersForPreloadedAssets.php(32): Illuminate\\Pipeline\\Pipeline->{closure:{closure:Illuminate\\Pipeline\\Pipeline::carry():194}:195}()
#28 /var/www/html/vendor/laravel/framework/src/Illuminate/Pipeline/Pipeline.php(219): Illuminate\\Http\\Middleware\\AddLinkHeadersForPreloadedAssets->handle()
#29 /var/www/html/vendor/inertiajs/inertia-laravel/src/Middleware.php(138): Illuminate\\Pipeline\\Pipeline->{closure:{closure:Illuminate\\Pipeline\\Pipeline::carry():194}:195}()
#30 /var/www/html/vendor/laravel/framework/src/Illuminate/Pipeline/Pipeline.php(219): Inertia\\Middleware->handle()
#31 /var/www/html/app/Http/Middleware/HandleAppearance.php(21): Illuminate\\Pipeline\\Pipeline->{closure:{closure:Illuminate\\Pipeline\\Pipeline::carry():194}:195}()
#32 /var/www/html/vendor/laravel/framework/src/Illuminate/Pipeline/Pipeline.php(219): App\\Http\\Middleware\\HandleAppearance->handle()
#33 /var/www/html/vendor/laravel/framework/src/Illuminate/Routing/Middleware/SubstituteBindings.php(52): Illuminate\\Pipeline\\Pipeline->{closure:{closure:Illuminate\\Pipeline\\Pipeline::carry():194}:195}()
#34 /var/www/html/vendor/laravel/framework/src/Illuminate/Pipeline/Pipeline.php(219): Illuminate\\Routing\\Middleware\\SubstituteBindings->handle()
#35 /var/www/html/vendor/laravel/framework/src/Illuminate/Auth/Middleware/Authenticate.php(63): Illuminate\\Pipeline\\Pipeline->{closure:{closure:Illuminate\\Pipeline\\Pipeline::carry():194}:195}()
#36 /var/www/html/vendor/laravel/framework/src/Illuminate/Pipeline/Pipeline.php(219): Illuminate\\Auth\\Middleware\\Authenticate->handle()
#37 /var/www/html/vendor/laravel/framework/src/Illuminate/Foundation/Http/Middleware/PreventRequestForgery.php(104): Illuminate\\Pipeline\\Pipeline->{closure:{closure:Illuminate\\Pipeline\\Pipeline::carry():194}:195}()
#38 /var/www/html/vendor/laravel/framework/src/Illuminate/Pipeline/Pipeline.php(219): Illuminate\\Foundation\\Http\\Middleware\\PreventRequestForgery->handle()
#39 /var/www/html/vendor/laravel/framework/src/Illuminate/View/Middleware/ShareErrorsFromSession.php(48): Illuminate\\Pipeline\\Pipeline->{closure:{closure:Illuminate\\Pipeline\\Pipeline::carry():194}:195}()
#40 /var/www/html/vendor/laravel/framework/src/Illuminate/Pipeline/Pipeline.php(219): Illuminate\\View\\Middleware\\ShareErrorsFromSession->handle()
#41 /var/www/html/vendor/laravel/framework/src/Illuminate/Session/Middleware/StartSession.php(120): Illuminate\\Pipeline\\Pipeline->{closure:{closure:Illuminate\\Pipeline\\Pipeline::carry():194}:195}()
#42 /var/www/html/vendor/laravel/framework/src/Illuminate/Session/Middleware/StartSession.php(63): Illuminate\\Session\\Middleware\\StartSession->handleStatefulRequest()
#43 /var/www/html/vendor/laravel/framework/src/Illuminate/Pipeline/Pipeline.php(219): Illuminate\\Session\\Middleware\\StartSession->handle()
#44 /var/www/html/vendor/laravel/framework/src/Illuminate/Cookie/Middleware/AddQueuedCookiesToResponse.php(36): Illuminate\\Pipeline\\Pipeline->{closure:{closure:Illuminate\\Pipeline\\Pipeline::carry():194}:195}()
#45 /var/www/html/vendor/laravel/framework/src/Illuminate/Pipeline/Pipeline.php(219): Illuminate\\Cookie\\Middleware\\AddQueuedCookiesToResponse->handle()
#46 /var/www/html/vendor/laravel/framework/src/Illuminate/Cookie/Middleware/EncryptCookies.php(74): Illuminate\\Pipeline\\Pipeline->{closure:{closure:Illuminate\\Pipeline\\Pipeline::carry():194}:195}()
#47 /var/www/html/vendor/laravel/framework/src/Illuminate/Pipeline/Pipeline.php(219): Illuminate\\Cookie\\Middleware\\EncryptCookies->handle()
#48 /var/www/html/vendor/laravel/framework/src/Illuminate/Pipeline/Pipeline.php(137): Illuminate\\Pipeline\\Pipeline->{closure:{closure:Illuminate\\Pipeline\\Pipeline::carry():194}:195}()
#49 /var/www/html/vendor/laravel/framework/src/Illuminate/Routing/Router.php(821): Illuminate\\Pipeline\\Pipeline->then()
#50 /var/www/html/vendor/laravel/framework/src/Illuminate/Routing/Router.php(800): Illuminate\\Routing\\Router->runRouteWithinStack()
#51 /var/www/html/vendor/laravel/framework/src/Illuminate/Routing/Router.php(764): Illuminate\\Routing\\Router->runRoute()
#52 /var/www/html/vendor/laravel/framework/src/Illuminate/Routing/Router.php(753): Illuminate\\Routing\\Router->dispatchToRoute()
#53 /var/www/html/vendor/laravel/framework/src/Illuminate/Foundation/Http/Kernel.php(200): Illuminate\\Routing\\Router->dispatch()
#54 /var/www/html/vendor/laravel/framework/src/Illuminate/Pipeline/Pipeline.php(180): Illuminate\\Foundation\\Http\\Kernel->{closure:Illuminate\\Foundation\\Http\\Kernel::dispatchToRouter():197}()
#55 /var/www/html/vendor/laravel/framework/src/Illuminate/Foundation/Http/Middleware/TransformsRequest.php(21): Illuminate\\Pipeline\\Pipeline->{closure:Illuminate\\Pipeline\\Pipeline::prepareDestination():178}()
#56 /var/www/html/vendor/laravel/framework/src/Illuminate/Foundation/Http/Middleware/ConvertEmptyStringsToNull.php(31): Illuminate\\Foundation\\Http\\Middleware\\TransformsRequest->handle()
#57 /var/www/html/vendor/laravel/framework/src/Illuminate/Pipeline/Pipeline.php(219): Illuminate\\Foundation\\Http\\Middleware\\ConvertEmptyStringsToNull->handle()
#58 /var/www/html/vendor/laravel/framework/src/Illuminate/Foundation/Http/Middleware/TransformsRequest.php(21): Illuminate\\Pipeline\\Pipeline->{closure:{closure:Illuminate\\Pipeline\\Pipeline::carry():194}:195}()
#59 /var/www/html/vendor/laravel/framework/src/Illuminate/Foundation/Http/Middleware/TrimStrings.php(51): Illuminate\\Foundation\\Http\\Middleware\\TransformsRequest->handle()
#60 /var/www/html/vendor/laravel/framework/src/Illuminate/Pipeline/Pipeline.php(219): Illuminate\\Foundation\\Http\\Middleware\\TrimStrings->handle()
#61 /var/www/html/vendor/laravel/framework/src/Illuminate/Http/Middleware/ValidatePostSize.php(27): Illuminate\\Pipeline\\Pipeline->{closure:{closure:Illuminate\\Pipeline\\Pipeline::carry():194}:195}()
#62 /var/www/html/vendor/laravel/framework/src/Illuminate/Pipeline/Pipeline.php(219): Illuminate\\Http\\Middleware\\ValidatePostSize->handle()
#63 /var/www/html/vendor/laravel/framework/src/Illuminate/Foundation/Http/Middleware/PreventRequestsDuringMaintenance.php(109): Illuminate\\Pipeline\\Pipeline->{closure:{closure:Illuminate\\Pipeline\\Pipeline::carry():194}:195}()
#64 /var/www/html/vendor/laravel/framework/src/Illuminate/Pipeline/Pipeline.php(219): Illuminate\\Foundation\\Http\\Middleware\\PreventRequestsDuringMaintenance->handle()
#65 /var/www/html/vendor/laravel/framework/src/Illuminate/Http/Middleware/HandleCors.php(61): Illuminate\\Pipeline\\Pipeline->{closure:{closure:Illuminate\\Pipeline\\Pipeline::carry():194}:195}()
#66 /var/www/html/vendor/laravel/framework/src/Illuminate/Pipeline/Pipeline.php(219): Illuminate\\Http\\Middleware\\HandleCors->handle()
#67 /var/www/html/vendor/laravel/framework/src/Illuminate/Http/Middleware/TrustProxies.php(58): Illuminate\\Pipeline\\Pipeline->{closure:{closure:Illuminate\\Pipeline\\Pipeline::carry():194}:195}()
#68 /var/www/html/vendor/laravel/framework/src/Illuminate/Pipeline/Pipeline.php(219): Illuminate\\Http\\Middleware\\TrustProxies->handle()
#69 /var/www/html/vendor/laravel/framework/src/Illuminate/Foundation/Http/Middleware/InvokeDeferredCallbacks.php(22): Illuminate\\Pipeline\\Pipeline->{closure:{closure:Illuminate\\Pipeline\\Pipeline::carry():194}:195}()
#70 /var/www/html/vendor/laravel/framework/src/Illuminate/Pipeline/Pipeline.php(219): Illuminate\\Foundation\\Http\\Middleware\\InvokeDeferredCallbacks->handle()
#71 /var/www/html/vendor/laravel/framework/src/Illuminate/Http/Middleware/ValidatePathEncoding.php(28): Illuminate\\Pipeline\\Pipeline->{closure:{closure:Illuminate\\Pipeline\\Pipeline::carry():194}:195}()
#72 /var/www/html/vendor/laravel/framework/src/Illuminate/Pipeline/Pipeline.php(219): Illuminate\\Http\\Middleware\\ValidatePathEncoding->handle()
#73 /var/www/html/vendor/laravel/framework/src/Illuminate/Pipeline/Pipeline.php(137): Illuminate\\Pipeline\\Pipeline->{closure:{closure:Illuminate\\Pipeline\\Pipeline::carry():194}:195}()
#74 /var/www/html/vendor/laravel/framework/src/Illuminate/Foundation/Http/Kernel.php(175): Illuminate\\Pipeline\\Pipeline->then()
#75 /var/www/html/vendor/laravel/framework/src/Illuminate/Foundation/Http/Kernel.php(144): Illuminate\\Foundation\\Http\\Kernel->sendRequestThroughRouter()
#76 /var/www/html/vendor/laravel/framework/src/Illuminate/Foundation/Application.php(1220): Illuminate\\Foundation\\Http\\Kernel->handle()
#77 /var/www/html/public/index.php(20): Illuminate\\Foundation\\Application->handleRequest()
#78 /var/www/html/vendor/laravel/framework/src/Illuminate/Foundation/resources/server.php(23): require_once('...')
#79 {main}
"} 
[2026-08-08 07:22:44] local.ERROR: Undefined array key "avatar" {"userId":1,"exception":"[object] (ErrorException(code: 0): Undefined array key \"avatar\" at /var/www/html/app/Models/User.php:34)
[stacktrace]
#0 /var/www/html/vendor/laravel/framework/src/Illuminate/Foundation/Bootstrap/HandleExceptions.php(258): Illuminate\\Foundation\\Bootstrap\\HandleExceptions->handleError()
#1 /var/www/html/app/Models/User.php(34): Illuminate\\Foundation\\Bootstrap\\HandleExceptions->{closure:Illuminate\\Foundation\\Bootstrap\\HandleExceptions::forwardsTo():257}()
#2 /var/www/html/vendor/laravel/framework/src/Illuminate/Database/Eloquent/Concerns/HasAttributes.php(733): App\\Models\\User->getAvatarUrlAttribute()
#3 /var/www/html/vendor/laravel/framework/src/Illuminate/Database/Eloquent/Concerns/HasAttributes.php(785): Illuminate\\Database\\Eloquent\\Model->mutateAttribute()
#4 /var/www/html/vendor/laravel/framework/src/Illuminate/Database/Eloquent/Concerns/HasAttributes.php(251): Illuminate\\Database\\Eloquent\\Model->mutateAttributeForArray()
#5 /var/www/html/vendor/laravel/framework/src/Illuminate/Database/Eloquent/Model.php(1925): Illuminate\\Database\\Eloquent\\Model->attributesToArray()
#6 [internal function]: Illuminate\\Database\\Eloquent\\Model->{closure:Illuminate\\Database\\Eloquent\\Model::toArray():1925}()
#7 /var/www/html/vendor/laravel/framework/src/Illuminate/Database/Eloquent/Concerns/PreventsCircularRecursion.php(46): call_user_func()
#8 /var/www/html/vendor/laravel/framework/src/Illuminate/Database/Eloquent/Model.php(1924): Illuminate\\Database\\Eloquent\\Model->withoutRecursion()
#9 /var/www/html/vendor/laravel/framework/src/Illuminate/Collections/Traits/EnumeratesValues.php(978): Illuminate\\Database\\Eloquent\\Model->toArray()
#10 [internal function]: Illuminate\\Support\\Collection->{closure:Illuminate\\Support\\Traits\\EnumeratesValues::toArray():978}()
#11 /var/www/html/vendor/laravel/framework/src/Illuminate/Collections/Arr.php(841): array_map()
#12 /var/www/html/vendor/laravel/framework/src/Illuminate/Collections/Collection.php(815): Illuminate\\Support\\Arr::map()
#13 /var/www/html/vendor/laravel/framework/src/Illuminate/Database/Eloquent/Collection.php(421): Illuminate\\Support\\Collection->map()
#14 /var/www/html/vendor/laravel/framework/src/Illuminate/Collections/Traits/EnumeratesValues.php(978): Illuminate\\Database\\Eloquent\\Collection->map()
#15 /var/www/html/vendor/inertiajs/inertia-laravel/src/PropsResolver.php(429): Illuminate\\Support\\Collection->toArray()
#16 /var/www/html/vendor/inertiajs/inertia-laravel/src/PropsResolver.php(262): Inertia\\PropsResolver->resolveValue()
#17 /var/www/html/vendor/inertiajs/inertia-laravel/src/PropsResolver.php(158): Inertia\\PropsResolver->resolveProps()
#18 /var/www/html/vendor/inertiajs/inertia-laravel/src/Response.php(189): Inertia\\PropsResolver->resolve()
#19 /var/www/html/vendor/laravel/framework/src/Illuminate/Routing/Router.php(921): Inertia\\Response->toResponse()
#20 /var/www/html/vendor/laravel/framework/src/Illuminate/Routing/Router.php(906): Illuminate\\Routing\\Router::toResponse()
#21 /var/www/html/vendor/laravel/framework/src/Illuminate/Routing/Router.php(821): Illuminate\\Routing\\Router->prepareResponse()
#22 /var/www/html/vendor/laravel/framework/src/Illuminate/Pipeline/Pipeline.php(180): Illuminate\\Routing\\Router->{closure:Illuminate\\Routing\\Router::runRouteWithinStack():821}()
#23 /var/www/html/vendor/spatie/laravel-permission/src/Middleware/PermissionMiddleware.php(41): Illuminate\\Pipeline\\Pipeline->{closure:Illuminate\\Pipeline\\Pipeline::prepareDestination():178}()
#24 /var/www/html/vendor/laravel/framework/src/Illuminate/Pipeline/Pipeline.php(219): Spatie\\Permission\\Middleware\\PermissionMiddleware->handle()
#25 /var/www/html/vendor/laravel/framework/src/Illuminate/Auth/Middleware/EnsureEmailIsVerified.php(41): Illuminate\\Pipeline\\Pipeline->{closure:{closure:Illuminate\\Pipeline\\Pipeline::carry():194}:195}()
#26 /var/www/html/vendor/laravel/framework/src/Illuminate/Pipeline/Pipeline.php(219): Illuminate\\Auth\\Middleware\\EnsureEmailIsVerified->handle()
#27 /var/www/html/vendor/laravel/framework/src/Illuminate/Http/Middleware/AddLinkHeadersForPreloadedAssets.php(32): Illuminate\\Pipeline\\Pipeline->{closure:{closure:Illuminate\\Pipeline\\Pipeline::carry():194}:195}()
#28 /var/www/html/vendor/laravel/framework/src/Illuminate/Pipeline/Pipeline.php(219): Illuminate\\Http\\Middleware\\AddLinkHeadersForPreloadedAssets->handle()
#29 /var/www/html/vendor/inertiajs/inertia-laravel/src/Middleware.php(138): Illuminate\\Pipeline\\Pipeline->{closure:{closure:Illuminate\\Pipeline\\Pipeline::carry():194}:195}()
#30 /var/www/html/vendor/laravel/framework/src/Illuminate/Pipeline/Pipeline.php(219): Inertia\\Middleware->handle()
#31 /var/www/html/app/Http/Middleware/HandleAppearance.php(21): Illuminate\\Pipeline\\Pipeline->{closure:{closure:Illuminate\\Pipeline\\Pipeline::carry():194}:195}()
#32 /var/www/html/vendor/laravel/framework/src/Illuminate/Pipeline/Pipeline.php(219): App\\Http\\Middleware\\HandleAppearance->handle()
#33 /var/www/html/vendor/laravel/framework/src/Illuminate/Routing/Middleware/SubstituteBindings.php(52): Illuminate\\Pipeline\\Pipeline->{closure:{closure:Illuminate\\Pipeline\\Pipeline::carry():194}:195}()
#34 /var/www/html/vendor/laravel/framework/src/Illuminate/Pipeline/Pipeline.php(219): Illuminate\\Routing\\Middleware\\SubstituteBindings->handle()
#35 /var/www/html/vendor/laravel/framework/src/Illuminate/Auth/Middleware/Authenticate.php(63): Illuminate\\Pipeline\\Pipeline->{closure:{closure:Illuminate\\Pipeline\\Pipeline::carry():194}:195}()
#36 /var/www/html/vendor/laravel/framework/src/Illuminate/Pipeline/Pipeline.php(219): Illuminate\\Auth\\Middleware\\Authenticate->handle()
#37 /var/www/html/vendor/laravel/framework/src/Illuminate/Foundation/Http/Middleware/PreventRequestForgery.php(104): Illuminate\\Pipeline\\Pipeline->{closure:{closure:Illuminate\\Pipeline\\Pipeline::carry():194}:195}()
#38 /var/www/html/vendor/laravel/framework/src/Illuminate/Pipeline/Pipeline.php(219): Illuminate\\Foundation\\Http\\Middleware\\PreventRequestForgery->handle()
#39 /var/www/html/vendor/laravel/framework/src/Illuminate/View/Middleware/ShareErrorsFromSession.php(48): Illuminate\\Pipeline\\Pipeline->{closure:{closure:Illuminate\\Pipeline\\Pipeline::carry():194}:195}()
#40 /var/www/html/vendor/laravel/framework/src/Illuminate/Pipeline/Pipeline.php(219): Illuminate\\View\\Middleware\\ShareErrorsFromSession->handle()
#41 /var/www/html/vendor/laravel/framework/src/Illuminate/Session/Middleware/StartSession.php(120): Illuminate\\Pipeline\\Pipeline->{closure:{closure:Illuminate\\Pipeline\\Pipeline::carry():194}:195}()
#42 /var/www/html/vendor/laravel/framework/src/Illuminate/Session/Middleware/StartSession.php(63): Illuminate\\Session\\Middleware\\StartSession->handleStatefulRequest()
#43 /var/www/html/vendor/laravel/framework/src/Illuminate/Pipeline/Pipeline.php(219): Illuminate\\Session\\Middleware\\StartSession->handle()
#44 /var/www/html/vendor/laravel/framework/src/Illuminate/Cookie/Middleware/AddQueuedCookiesToResponse.php(36): Illuminate\\Pipeline\\Pipeline->{closure:{closure:Illuminate\\Pipeline\\Pipeline::carry():194}:195}()
#45 /var/www/html/vendor/laravel/framework/src/Illuminate/Pipeline/Pipeline.php(219): Illuminate\\Cookie\\Middleware\\AddQueuedCookiesToResponse->handle()
#46 /var/www/html/vendor/laravel/framework/src/Illuminate/Cookie/Middleware/EncryptCookies.php(74): Illuminate\\Pipeline\\Pipeline->{closure:{closure:Illuminate\\Pipeline\\Pipeline::carry():194}:195}()
#47 /var/www/html/vendor/laravel/framework/src/Illuminate/Pipeline/Pipeline.php(219): Illuminate\\Cookie\\Middleware\\EncryptCookies->handle()
#48 /var/www/html/vendor/laravel/framework/src/Illuminate/Pipeline/Pipeline.php(137): Illuminate\\Pipeline\\Pipeline->{closure:{closure:Illuminate\\Pipeline\\Pipeline::carry():194}:195}()
#49 /var/www/html/vendor/laravel/framework/src/Illuminate/Routing/Router.php(821): Illuminate\\Pipeline\\Pipeline->then()
#50 /var/www/html/vendor/laravel/framework/src/Illuminate/Routing/Router.php(800): Illuminate\\Routing\\Router->runRouteWithinStack()
#51 /var/www/html/vendor/laravel/framework/src/Illuminate/Routing/Router.php(764): Illuminate\\Routing\\Router->runRoute()
#52 /var/www/html/vendor/laravel/framework/src/Illuminate/Routing/Router.php(753): Illuminate\\Routing\\Router->dispatchToRoute()
#53 /var/www/html/vendor/laravel/framework/src/Illuminate/Foundation/Http/Kernel.php(200): Illuminate\\Routing\\Router->dispatch()
#54 /var/www/html/vendor/laravel/framework/src/Illuminate/Pipeline/Pipeline.php(180): Illuminate\\Foundation\\Http\\Kernel->{closure:Illuminate\\Foundation\\Http\\Kernel::dispatchToRouter():197}()
#55 /var/www/html/vendor/laravel/framework/src/Illuminate/Foundation/Http/Middleware/TransformsRequest.php(21): Illuminate\\Pipeline\\Pipeline->{closure:Illuminate\\Pipeline\\Pipeline::prepareDestination():178}()
#56 /var/www/html/vendor/laravel/framework/src/Illuminate/Foundation/Http/Middleware/ConvertEmptyStringsToNull.php(31): Illuminate\\Foundation\\Http\\Middleware\\TransformsRequest->handle()
#57 /var/www/html/vendor/laravel/framework/src/Illuminate/Pipeline/Pipeline.php(219): Illuminate\\Foundation\\Http\\Middleware\\ConvertEmptyStringsToNull->handle()
#58 /var/www/html/vendor/laravel/framework/src/Illuminate/Foundation/Http/Middleware/TransformsRequest.php(21): Illuminate\\Pipeline\\Pipeline->{closure:{closure:Illuminate\\Pipeline\\Pipeline::carry():194}:195}()
#59 /var/www/html/vendor/laravel/framework/src/Illuminate/Foundation/Http/Middleware/TrimStrings.php(51): Illuminate\\Foundation\\Http\\Middleware\\TransformsRequest->handle()
#60 /var/www/html/vendor/laravel/framework/src/Illuminate/Pipeline/Pipeline.php(219): Illuminate\\Foundation\\Http\\Middleware\\TrimStrings->handle()
#61 /var/www/html/vendor/laravel/framework/src/Illuminate/Http/Middleware/ValidatePostSize.php(27): Illuminate\\Pipeline\\Pipeline->{closure:{closure:Illuminate\\Pipeline\\Pipeline::carry():194}:195}()
#62 /var/www/html/vendor/laravel/framework/src/Illuminate/Pipeline/Pipeline.php(219): Illuminate\\Http\\Middleware\\ValidatePostSize->handle()
#63 /var/www/html/vendor/laravel/framework/src/Illuminate/Foundation/Http/Middleware/PreventRequestsDuringMaintenance.php(109): Illuminate\\Pipeline\\Pipeline->{closure:{closure:Illuminate\\Pipeline\\Pipeline::carry():194}:195}()
#64 /var/www/html/vendor/laravel/framework/src/Illuminate/Pipeline/Pipeline.php(219): Illuminate\\Foundation\\Http\\Middleware\\PreventRequestsDuringMaintenance->handle()
#65 /var/www/html/vendor/laravel/framework/src/Illuminate/Http/Middleware/HandleCors.php(61): Illuminate\\Pipeline\\Pipeline->{closure:{closure:Illuminate\\Pipeline\\Pipeline::carry():194}:195}()
#66 /var/www/html/vendor/laravel/framework/src/Illuminate/Pipeline/Pipeline.php(219): Illuminate\\Http\\Middleware\\HandleCors->handle()
#67 /var/www/html/vendor/laravel/framework/src/Illuminate/Http/Middleware/TrustProxies.php(58): Illuminate\\Pipeline\\Pipeline->{closure:{closure:Illuminate\\Pipeline\\Pipeline::carry():194}:195}()
#68 /var/www/html/vendor/laravel/framework/src/Illuminate/Pipeline/Pipeline.php(219): Illuminate\\Http\\Middleware\\TrustProxies->handle()
#69 /var/www/html/vendor/laravel/framework/src/Illuminate/Foundation/Http/Middleware/InvokeDeferredCallbacks.php(22): Illuminate\\Pipeline\\Pipeline->{closure:{closure:Illuminate\\Pipeline\\Pipeline::carry():194}:195}()
#70 /var/www/html/vendor/laravel/framework/src/Illuminate/Pipeline/Pipeline.php(219): Illuminate\\Foundation\\Http\\Middleware\\InvokeDeferredCallbacks->handle()
#71 /var/www/html/vendor/laravel/framework/src/Illuminate/Http/Middleware/ValidatePathEncoding.php(28): Illuminate\\Pipeline\\Pipeline->{closure:{closure:Illuminate\\Pipeline\\Pipeline::carry():194}:195}()
#72 /var/www/html/vendor/laravel/framework/src/Illuminate/Pipeline/Pipeline.php(219): Illuminate\\Http\\Middleware\\ValidatePathEncoding->handle()
#73 /var/www/html/vendor/laravel/framework/src/Illuminate/Pipeline/Pipeline.php(137): Illuminate\\Pipeline\\Pipeline->{closure:{closure:Illuminate\\Pipeline\\Pipeline::carry():194}:195}()
#74 /var/www/html/vendor/laravel/framework/src/Illuminate/Foundation/Http/Kernel.php(175): Illuminate\\Pipeline\\Pipeline->then()
#75 /var/www/html/vendor/laravel/framework/src/Illuminate/Foundation/Http/Kernel.php(144): Illuminate\\Foundation\\Http\\Kernel->sendRequestThroughRouter()
#76 /var/www/html/vendor/laravel/framework/src/Illuminate/Foundation/Application.php(1220): Illuminate\\Foundation\\Http\\Kernel->handle()
#77 /var/www/html/public/index.php(20): Illuminate\\Foundation\\Application->handleRequest()
#78 /var/www/html/vendor/laravel/framework/src/Illuminate/Foundation/resources/server.php(23): require_once('...')
#79 {main}
"} 
[2026-08-08 07:22:45] local.ERROR: Undefined array key "avatar" {"userId":1,"exception":"[object] (ErrorException(code: 0): Undefined array key \"avatar\" at /var/www/html/app/Models/User.php:34)
[stacktrace]
#0 /var/www/html/vendor/laravel/framework/src/Illuminate/Foundation/Bootstrap/HandleExceptions.php(258): Illuminate\\Foundation\\Bootstrap\\HandleExceptions->handleError()
#1 /var/www/html/app/Models/User.php(34): Illuminate\\Foundation\\Bootstrap\\HandleExceptions->{closure:Illuminate\\Foundation\\Bootstrap\\HandleExceptions::forwardsTo():257}()
#2 /var/www/html/vendor/laravel/framework/src/Illuminate/Database/Eloquent/Concerns/HasAttributes.php(733): App\\Models\\User->getAvatarUrlAttribute()
#3 /var/www/html/vendor/laravel/framework/src/Illuminate/Database/Eloquent/Concerns/HasAttributes.php(785): Illuminate\\Database\\Eloquent\\Model->mutateAttribute()
#4 /var/www/html/vendor/laravel/framework/src/Illuminate/Database/Eloquent/Concerns/HasAttributes.php(251): Illuminate\\Database\\Eloquent\\Model->mutateAttributeForArray()
#5 /var/www/html/vendor/laravel/framework/src/Illuminate/Database/Eloquent/Model.php(1925): Illuminate\\Database\\Eloquent\\Model->attributesToArray()
#6 [internal function]: Illuminate\\Database\\Eloquent\\Model->{closure:Illuminate\\Database\\Eloquent\\Model::toArray():1925}()
#7 /var/www/html/vendor/laravel/framework/src/Illuminate/Database/Eloquent/Concerns/PreventsCircularRecursion.php(46): call_user_func()
#8 /var/www/html/vendor/laravel/framework/src/Illuminate/Database/Eloquent/Model.php(1924): Illuminate\\Database\\Eloquent\\Model->withoutRecursion()
#9 /var/www/html/vendor/laravel/framework/src/Illuminate/Collections/Traits/EnumeratesValues.php(978): Illuminate\\Database\\Eloquent\\Model->toArray()
#10 [internal function]: Illuminate\\Support\\Collection->{closure:Illuminate\\Support\\Traits\\EnumeratesValues::toArray():978}()
#11 /var/www/html/vendor/laravel/framework/src/Illuminate/Collections/Arr.php(841): array_map()
#12 /var/www/html/vendor/laravel/framework/src/Illuminate/Collections/Collection.php(815): Illuminate\\Support\\Arr::map()
#13 /var/www/html/vendor/laravel/framework/src/Illuminate/Database/Eloquent/Collection.php(421): Illuminate\\Support\\Collection->map()
#14 /var/www/html/vendor/laravel/framework/src/Illuminate/Collections/Traits/EnumeratesValues.php(978): Illuminate\\Database\\Eloquent\\Collection->map()
#15 /var/www/html/vendor/inertiajs/inertia-laravel/src/PropsResolver.php(429): Illuminate\\Support\\Collection->toArray()
#16 /var/www/html/vendor/inertiajs/inertia-laravel/src/PropsResolver.php(262): Inertia\\PropsResolver->resolveValue()
#17 /var/www/html/vendor/inertiajs/inertia-laravel/src/PropsResolver.php(158): Inertia\\PropsResolver->resolveProps()
#18 /var/www/html/vendor/inertiajs/inertia-laravel/src/Response.php(189): Inertia\\PropsResolver->resolve()
#19 /var/www/html/vendor/laravel/framework/src/Illuminate/Routing/Router.php(921): Inertia\\Response->toResponse()
#20 /var/www/html/vendor/laravel/framework/src/Illuminate/Routing/Router.php(906): Illuminate\\Routing\\Router::toResponse()
#21 /var/www/html/vendor/laravel/framework/src/Illuminate/Routing/Router.php(821): Illuminate\\Routing\\Router->prepareResponse()
#22 /var/www/html/vendor/laravel/framework/src/Illuminate/Pipeline/Pipeline.php(180): Illuminate\\Routing\\Router->{closure:Illuminate\\Routing\\Router::runRouteWithinStack():821}()
#23 /var/www/html/vendor/spatie/laravel-permission/src/Middleware/PermissionMiddleware.php(41): Illuminate\\Pipeline\\Pipeline->{closure:Illuminate\\Pipeline\\Pipeline::prepareDestination():178}()
#24 /var/www/html/vendor/laravel/framework/src/Illuminate/Pipeline/Pipeline.php(219): Spatie\\Permission\\Middleware\\PermissionMiddleware->handle()
#25 /var/www/html/vendor/laravel/framework/src/Illuminate/Auth/Middleware/EnsureEmailIsVerified.php(41): Illuminate\\Pipeline\\Pipeline->{closure:{closure:Illuminate\\Pipeline\\Pipeline::carry():194}:195}()
#26 /var/www/html/vendor/laravel/framework/src/Illuminate/Pipeline/Pipeline.php(219): Illuminate\\Auth\\Middleware\\EnsureEmailIsVerified->handle()
#27 /var/www/html/vendor/laravel/framework/src/Illuminate/Http/Middleware/AddLinkHeadersForPreloadedAssets.php(32): Illuminate\\Pipeline\\Pipeline->{closure:{closure:Illuminate\\Pipeline\\Pipeline::carry():194}:195}()
#28 /var/www/html/vendor/laravel/framework/src/Illuminate/Pipeline/Pipeline.php(219): Illuminate\\Http\\Middleware\\AddLinkHeadersForPreloadedAssets->handle()
#29 /var/www/html/vendor/inertiajs/inertia-laravel/src/Middleware.php(138): Illuminate\\Pipeline\\Pipeline->{closure:{closure:Illuminate\\Pipeline\\Pipeline::carry():194}:195}()
#30 /var/www/html/vendor/laravel/framework/src/Illuminate/Pipeline/Pipeline.php(219): Inertia\\Middleware->handle()
#31 /var/www/html/app/Http/Middleware/HandleAppearance.php(21): Illuminate\\Pipeline\\Pipeline->{closure:{closure:Illuminate\\Pipeline\\Pipeline::carry():194}:195}()
#32 /var/www/html/vendor/laravel/framework/src/Illuminate/Pipeline/Pipeline.php(219): App\\Http\\Middleware\\HandleAppearance->handle()
#33 /var/www/html/vendor/laravel/framework/src/Illuminate/Routing/Middleware/SubstituteBindings.php(52): Illuminate\\Pipeline\\Pipeline->{closure:{closure:Illuminate\\Pipeline\\Pipeline::carry():194}:195}()
#34 /var/www/html/vendor/laravel/framework/src/Illuminate/Pipeline/Pipeline.php(219): Illuminate\\Routing\\Middleware\\SubstituteBindings->handle()
#35 /var/www/html/vendor/laravel/framework/src/Illuminate/Auth/Middleware/Authenticate.php(63): Illuminate\\Pipeline\\Pipeline->{closure:{closure:Illuminate\\Pipeline\\Pipeline::carry():194}:195}()
#36 /var/www/html/vendor/laravel/framework/src/Illuminate/Pipeline/Pipeline.php(219): Illuminate\\Auth\\Middleware\\Authenticate->handle()
#37 /var/www/html/vendor/laravel/framework/src/Illuminate/Foundation/Http/Middleware/PreventRequestForgery.php(104): Illuminate\\Pipeline\\Pipeline->{closure:{closure:Illuminate\\Pipeline\\Pipeline::carry():194}:195}()
#38 /var/www/html/vendor/laravel/framework/src/Illuminate/Pipeline/Pipeline.php(219): Illuminate\\Foundation\\Http\\Middleware\\PreventRequestForgery->handle()
#39 /var/www/html/vendor/laravel/framework/src/Illuminate/View/Middleware/ShareErrorsFromSession.php(48): Illuminate\\Pipeline\\Pipeline->{closure:{closure:Illuminate\\Pipeline\\Pipeline::carry():194}:195}()
#40 /var/www/html/vendor/laravel/framework/src/Illuminate/Pipeline/Pipeline.php(219): Illuminate\\View\\Middleware\\ShareErrorsFromSession->handle()
#41 /var/www/html/vendor/laravel/framework/src/Illuminate/Session/Middleware/StartSession.php(120): Illuminate\\Pipeline\\Pipeline->{closure:{closure:Illuminate\\Pipeline\\Pipeline::carry():194}:195}()
#42 /var/www/html/vendor/laravel/framework/src/Illuminate/Session/Middleware/StartSession.php(63): Illuminate\\Session\\Middleware\\StartSession->handleStatefulRequest()
#43 /var/www/html/vendor/laravel/framework/src/Illuminate/Pipeline/Pipeline.php(219): Illuminate\\Session\\Middleware\\StartSession->handle()
#44 /var/www/html/vendor/laravel/framework/src/Illuminate/Cookie/Middleware/AddQueuedCookiesToResponse.php(36): Illuminate\\Pipeline\\Pipeline->{closure:{closure:Illuminate\\Pipeline\\Pipeline::carry():194}:195}()
#45 /var/www/html/vendor/laravel/framework/src/Illuminate/Pipeline/Pipeline.php(219): Illuminate\\Cookie\\Middleware\\AddQueuedCookiesToResponse->handle()
#46 /var/www/html/vendor/laravel/framework/src/Illuminate/Cookie/Middleware/EncryptCookies.php(74): Illuminate\\Pipeline\\Pipeline->{closure:{closure:Illuminate\\Pipeline\\Pipeline::carry():194}:195}()
#47 /var/www/html/vendor/laravel/framework/src/Illuminate/Pipeline/Pipeline.php(219): Illuminate\\Cookie\\Middleware\\EncryptCookies->handle()
#48 /var/www/html/vendor/laravel/framework/src/Illuminate/Pipeline/Pipeline.php(137): Illuminate\\Pipeline\\Pipeline->{closure:{closure:Illuminate\\Pipeline\\Pipeline::carry():194}:195}()
#49 /var/www/html/vendor/laravel/framework/src/Illuminate/Routing/Router.php(821): Illuminate\\Pipeline\\Pipeline->then()
#50 /var/www/html/vendor/laravel/framework/src/Illuminate/Routing/Router.php(800): Illuminate\\Routing\\Router->runRouteWithinStack()
#51 /var/www/html/vendor/laravel/framework/src/Illuminate/Routing/Router.php(764): Illuminate\\Routing\\Router->runRoute()
#52 /var/www/html/vendor/laravel/framework/src/Illuminate/Routing/Router.php(753): Illuminate\\Routing\\Router->dispatchToRoute()
#53 /var/www/html/vendor/laravel/framework/src/Illuminate/Foundation/Http/Kernel.php(200): Illuminate\\Routing\\Router->dispatch()
#54 /var/www/html/vendor/laravel/framework/src/Illuminate/Pipeline/Pipeline.php(180): Illuminate\\Foundation\\Http\\Kernel->{closure:Illuminate\\Foundation\\Http\\Kernel::dispatchToRouter():197}()
#55 /var/www/html/vendor/laravel/framework/src/Illuminate/Foundation/Http/Middleware/TransformsRequest.php(21): Illuminate\\Pipeline\\Pipeline->{closure:Illuminate\\Pipeline\\Pipeline::prepareDestination():178}()
#56 /var/www/html/vendor/laravel/framework/src/Illuminate/Foundation/Http/Middleware/ConvertEmptyStringsToNull.php(31): Illuminate\\Foundation\\Http\\Middleware\\TransformsRequest->handle()
#57 /var/www/html/vendor/laravel/framework/src/Illuminate/Pipeline/Pipeline.php(219): Illuminate\\Foundation\\Http\\Middleware\\ConvertEmptyStringsToNull->handle()
#58 /var/www/html/vendor/laravel/framework/src/Illuminate/Foundation/Http/Middleware/TransformsRequest.php(21): Illuminate\\Pipeline\\Pipeline->{closure:{closure:Illuminate\\Pipeline\\Pipeline::carry():194}:195}()
#59 /var/www/html/vendor/laravel/framework/src/Illuminate/Foundation/Http/Middleware/TrimStrings.php(51): Illuminate\\Foundation\\Http\\Middleware\\TransformsRequest->handle()
#60 /var/www/html/vendor/laravel/framework/src/Illuminate/Pipeline/Pipeline.php(219): Illuminate\\Foundation\\Http\\Middleware\\TrimStrings->handle()
#61 /var/www/html/vendor/laravel/framework/src/Illuminate/Http/Middleware/ValidatePostSize.php(27): Illuminate\\Pipeline\\Pipeline->{closure:{closure:Illuminate\\Pipeline\\Pipeline::carry():194}:195}()
#62 /var/www/html/vendor/laravel/framework/src/Illuminate/Pipeline/Pipeline.php(219): Illuminate\\Http\\Middleware\\ValidatePostSize->handle()
#63 /var/www/html/vendor/laravel/framework/src/Illuminate/Foundation/Http/Middleware/PreventRequestsDuringMaintenance.php(109): Illuminate\\Pipeline\\Pipeline->{closure:{closure:Illuminate\\Pipeline\\Pipeline::carry():194}:195}()
#64 /var/www/html/vendor/laravel/framework/src/Illuminate/Pipeline/Pipeline.php(219): Illuminate\\Foundation\\Http\\Middleware\\PreventRequestsDuringMaintenance->handle()
#65 /var/www/html/vendor/laravel/framework/src/Illuminate/Http/Middleware/HandleCors.php(61): Illuminate\\Pipeline\\Pipeline->{closure:{closure:Illuminate\\Pipeline\\Pipeline::carry():194}:195}()
#66 /var/www/html/vendor/laravel/framework/src/Illuminate/Pipeline/Pipeline.php(219): Illuminate\\Http\\Middleware\\HandleCors->handle()
#67 /var/www/html/vendor/laravel/framework/src/Illuminate/Http/Middleware/TrustProxies.php(58): Illuminate\\Pipeline\\Pipeline->{closure:{closure:Illuminate\\Pipeline\\Pipeline::carry():194}:195}()
#68 /var/www/html/vendor/laravel/framework/src/Illuminate/Pipeline/Pipeline.php(219): Illuminate\\Http\\Middleware\\TrustProxies->handle()
#69 /var/www/html/vendor/laravel/framework/src/Illuminate/Foundation/Http/Middleware/InvokeDeferredCallbacks.php(22): Illuminate\\Pipeline\\Pipeline->{closure:{closure:Illuminate\\Pipeline\\Pipeline::carry():194}:195}()
#70 /var/www/html/vendor/laravel/framework/src/Illuminate/Pipeline/Pipeline.php(219): Illuminate\\Foundation\\Http\\Middleware\\InvokeDeferredCallbacks->handle()
#71 /var/www/html/vendor/laravel/framework/src/Illuminate/Http/Middleware/ValidatePathEncoding.php(28): Illuminate\\Pipeline\\Pipeline->{closure:{closure:Illuminate\\Pipeline\\Pipeline::carry():194}:195}()
#72 /var/www/html/vendor/laravel/framework/src/Illuminate/Pipeline/Pipeline.php(219): Illuminate\\Http\\Middleware\\ValidatePathEncoding->handle()
#73 /var/www/html/vendor/laravel/framework/src/Illuminate/Pipeline/Pipeline.php(137): Illuminate\\Pipeline\\Pipeline->{closure:{closure:Illuminate\\Pipeline\\Pipeline::carry():194}:195}()
#74 /var/www/html/vendor/laravel/framework/src/Illuminate/Foundation/Http/Kernel.php(175): Illuminate\\Pipeline\\Pipeline->then()
#75 /var/www/html/vendor/laravel/framework/src/Illuminate/Foundation/Http/Kernel.php(144): Illuminate\\Foundation\\Http\\Kernel->sendRequestThroughRouter()
#76 /var/www/html/vendor/laravel/framework/src/Illuminate/Foundation/Application.php(1220): Illuminate\\Foundation\\Http\\Kernel->handle()
#77 /var/www/html/public/index.php(20): Illuminate\\Foundation\\Application->handleRequest()
#78 /var/www/html/vendor/laravel/framework/src/Illuminate/Foundation/resources/server.php(23): require_once('...')
#79 {main}
"} 
[2026-08-08 07:22:46] local.ERROR: Undefined array key "avatar" {"userId":1,"exception":"[object] (ErrorException(code: 0): Undefined array key \"avatar\" at /var/www/html/app/Models/User.php:34)
[stacktrace]
#0 /var/www/html/vendor/laravel/framework/src/Illuminate/Foundation/Bootstrap/HandleExceptions.php(258): Illuminate\\Foundation\\Bootstrap\\HandleExceptions->handleError()
#1 /var/www/html/app/Models/User.php(34): Illuminate\\Foundation\\Bootstrap\\HandleExceptions->{closure:Illuminate\\Foundation\\Bootstrap\\HandleExceptions::forwardsTo():257}()
#2 /var/www/html/vendor/laravel/framework/src/Illuminate/Database/Eloquent/Concerns/HasAttributes.php(733): App\\Models\\User->getAvatarUrlAttribute()
#3 /var/www/html/vendor/laravel/framework/src/Illuminate/Database/Eloquent/Concerns/HasAttributes.php(785): Illuminate\\Database\\Eloquent\\Model->mutateAttribute()
#4 /var/www/html/vendor/laravel/framework/src/Illuminate/Database/Eloquent/Concerns/HasAttributes.php(251): Illuminate\\Database\\Eloquent\\Model->mutateAttributeForArray()
#5 /var/www/html/vendor/laravel/framework/src/Illuminate/Database/Eloquent/Model.php(1925): Illuminate\\Database\\Eloquent\\Model->attributesToArray()
#6 [internal function]: Illuminate\\Database\\Eloquent\\Model->{closure:Illuminate\\Database\\Eloquent\\Model::toArray():1925}()
#7 /var/www/html/vendor/laravel/framework/src/Illuminate/Database/Eloquent/Concerns/PreventsCircularRecursion.php(46): call_user_func()
#8 /var/www/html/vendor/laravel/framework/src/Illuminate/Database/Eloquent/Model.php(1924): Illuminate\\Database\\Eloquent\\Model->withoutRecursion()
#9 /var/www/html/vendor/laravel/framework/src/Illuminate/Collections/Traits/EnumeratesValues.php(978): Illuminate\\Database\\Eloquent\\Model->toArray()
#10 [internal function]: Illuminate\\Support\\Collection->{closure:Illuminate\\Support\\Traits\\EnumeratesValues::toArray():978}()
#11 /var/www/html/vendor/laravel/framework/src/Illuminate/Collections/Arr.php(841): array_map()
#12 /var/www/html/vendor/laravel/framework/src/Illuminate/Collections/Collection.php(815): Illuminate\\Support\\Arr::map()
#13 /var/www/html/vendor/laravel/framework/src/Illuminate/Database/Eloquent/Collection.php(421): Illuminate\\Support\\Collection->map()
#14 /var/www/html/vendor/laravel/framework/src/Illuminate/Collections/Traits/EnumeratesValues.php(978): Illuminate\\Database\\Eloquent\\Collection->map()
#15 /var/www/html/vendor/inertiajs/inertia-laravel/src/PropsResolver.php(429): Illuminate\\Support\\Collection->toArray()
#16 /var/www/html/vendor/inertiajs/inertia-laravel/src/PropsResolver.php(262): Inertia\\PropsResolver->resolveValue()
#17 /var/www/html/vendor/inertiajs/inertia-laravel/src/PropsResolver.php(158): Inertia\\PropsResolver->resolveProps()
#18 /var/www/html/vendor/inertiajs/inertia-laravel/src/Response.php(189): Inertia\\PropsResolver->resolve()
#19 /var/www/html/vendor/laravel/framework/src/Illuminate/Routing/Router.php(921): Inertia\\Response->toResponse()
#20 /var/www/html/vendor/laravel/framework/src/Illuminate/Routing/Router.php(906): Illuminate\\Routing\\Router::toResponse()
#21 /var/www/html/vendor/laravel/framework/src/Illuminate/Routing/Router.php(821): Illuminate\\Routing\\Router->prepareResponse()
#22 /var/www/html/vendor/laravel/framework/src/Illuminate/Pipeline/Pipeline.php(180): Illuminate\\Routing\\Router->{closure:Illuminate\\Routing\\Router::runRouteWithinStack():821}()
#23 /var/www/html/vendor/spatie/laravel-permission/src/Middleware/PermissionMiddleware.php(41): Illuminate\\Pipeline\\Pipeline->{closure:Illuminate\\Pipeline\\Pipeline::prepareDestination():178}()
#24 /var/www/html/vendor/laravel/framework/src/Illuminate/Pipeline/Pipeline.php(219): Spatie\\Permission\\Middleware\\PermissionMiddleware->handle()
#25 /var/www/html/vendor/laravel/framework/src/Illuminate/Auth/Middleware/EnsureEmailIsVerified.php(41): Illuminate\\Pipeline\\Pipeline->{closure:{closure:Illuminate\\Pipeline\\Pipeline::carry():194}:195}()
#26 /var/www/html/vendor/laravel/framework/src/Illuminate/Pipeline/Pipeline.php(219): Illuminate\\Auth\\Middleware\\EnsureEmailIsVerified->handle()
#27 /var/www/html/vendor/laravel/framework/src/Illuminate/Http/Middleware/AddLinkHeadersForPreloadedAssets.php(32): Illuminate\\Pipeline\\Pipeline->{closure:{closure:Illuminate\\Pipeline\\Pipeline::carry():194}:195}()
#28 /var/www/html/vendor/laravel/framework/src/Illuminate/Pipeline/Pipeline.php(219): Illuminate\\Http\\Middleware\\AddLinkHeadersForPreloadedAssets->handle()
#29 /var/www/html/vendor/inertiajs/inertia-laravel/src/Middleware.php(138): Illuminate\\Pipeline\\Pipeline->{closure:{closure:Illuminate\\Pipeline\\Pipeline::carry():194}:195}()
#30 /var/www/html/vendor/laravel/framework/src/Illuminate/Pipeline/Pipeline.php(219): Inertia\\Middleware->handle()
#31 /var/www/html/app/Http/Middleware/HandleAppearance.php(21): Illuminate\\Pipeline\\Pipeline->{closure:{closure:Illuminate\\Pipeline\\Pipeline::carry():194}:195}()
#32 /var/www/html/vendor/laravel/framework/src/Illuminate/Pipeline/Pipeline.php(219): App\\Http\\Middleware\\HandleAppearance->handle()
#33 /var/www/html/vendor/laravel/framework/src/Illuminate/Routing/Middleware/SubstituteBindings.php(52): Illuminate\\Pipeline\\Pipeline->{closure:{closure:Illuminate\\Pipeline\\Pipeline::carry():194}:195}()
#34 /var/www/html/vendor/laravel/framework/src/Illuminate/Pipeline/Pipeline.php(219): Illuminate\\Routing\\Middleware\\SubstituteBindings->handle()
#35 /var/www/html/vendor/laravel/framework/src/Illuminate/Auth/Middleware/Authenticate.php(63): Illuminate\\Pipeline\\Pipeline->{closure:{closure:Illuminate\\Pipeline\\Pipeline::carry():194}:195}()
#36 /var/www/html/vendor/laravel/framework/src/Illuminate/Pipeline/Pipeline.php(219): Illuminate\\Auth\\Middleware\\Authenticate->handle()
#37 /var/www/html/vendor/laravel/framework/src/Illuminate/Foundation/Http/Middleware/PreventRequestForgery.php(104): Illuminate\\Pipeline\\Pipeline->{closure:{closure:Illuminate\\Pipeline\\Pipeline::carry():194}:195}()
#38 /var/www/html/vendor/laravel/framework/src/Illuminate/Pipeline/Pipeline.php(219): Illuminate\\Foundation\\Http\\Middleware\\PreventRequestForgery->handle()
#39 /var/www/html/vendor/laravel/framework/src/Illuminate/View/Middleware/ShareErrorsFromSession.php(48): Illuminate\\Pipeline\\Pipeline->{closure:{closure:Illuminate\\Pipeline\\Pipeline::carry():194}:195}()
#40 /var/www/html/vendor/laravel/framework/src/Illuminate/Pipeline/Pipeline.php(219): Illuminate\\View\\Middleware\\ShareErrorsFromSession->handle()
#41 /var/www/html/vendor/laravel/framework/src/Illuminate/Session/Middleware/StartSession.php(120): Illuminate\\Pipeline\\Pipeline->{closure:{closure:Illuminate\\Pipeline\\Pipeline::carry():194}:195}()
#42 /var/www/html/vendor/laravel/framework/src/Illuminate/Session/Middleware/StartSession.php(63): Illuminate\\Session\\Middleware\\StartSession->handleStatefulRequest()
#43 /var/www/html/vendor/laravel/framework/src/Illuminate/Pipeline/Pipeline.php(219): Illuminate\\Session\\Middleware\\StartSession->handle()
#44 /var/www/html/vendor/laravel/framework/src/Illuminate/Cookie/Middleware/AddQueuedCookiesToResponse.php(36): Illuminate\\Pipeline\\Pipeline->{closure:{closure:Illuminate\\Pipeline\\Pipeline::carry():194}:195}()
#45 /var/www/html/vendor/laravel/framework/src/Illuminate/Pipeline/Pipeline.php(219): Illuminate\\Cookie\\Middleware\\AddQueuedCookiesToResponse->handle()
#46 /var/www/html/vendor/laravel/framework/src/Illuminate/Cookie/Middleware/EncryptCookies.php(74): Illuminate\\Pipeline\\Pipeline->{closure:{closure:Illuminate\\Pipeline\\Pipeline::carry():194}:195}()
#47 /var/www/html/vendor/laravel/framework/src/Illuminate/Pipeline/Pipeline.php(219): Illuminate\\Cookie\\Middleware\\EncryptCookies->handle()
#48 /var/www/html/vendor/laravel/framework/src/Illuminate/Pipeline/Pipeline.php(137): Illuminate\\Pipeline\\Pipeline->{closure:{closure:Illuminate\\Pipeline\\Pipeline::carry():194}:195}()
#49 /var/www/html/vendor/laravel/framework/src/Illuminate/Routing/Router.php(821): Illuminate\\Pipeline\\Pipeline->then()
#50 /var/www/html/vendor/laravel/framework/src/Illuminate/Routing/Router.php(800): Illuminate\\Routing\\Router->runRouteWithinStack()
#51 /var/www/html/vendor/laravel/framework/src/Illuminate/Routing/Router.php(764): Illuminate\\Routing\\Router->runRoute()
#52 /var/www/html/vendor/laravel/framework/src/Illuminate/Routing/Router.php(753): Illuminate\\Routing\\Router->dispatchToRoute()
#53 /var/www/html/vendor/laravel/framework/src/Illuminate/Foundation/Http/Kernel.php(200): Illuminate\\Routing\\Router->dispatch()
#54 /var/www/html/vendor/laravel/framework/src/Illuminate/Pipeline/Pipeline.php(180): Illuminate\\Foundation\\Http\\Kernel->{closure:Illuminate\\Foundation\\Http\\Kernel::dispatchToRouter():197}()
#55 /var/www/html/vendor/laravel/framework/src/Illuminate/Foundation/Http/Middleware/TransformsRequest.php(21): Illuminate\\Pipeline\\Pipeline->{closure:Illuminate\\Pipeline\\Pipeline::prepareDestination():178}()
#56 /var/www/html/vendor/laravel/framework/src/Illuminate/Foundation/Http/Middleware/ConvertEmptyStringsToNull.php(31): Illuminate\\Foundation\\Http\\Middleware\\TransformsRequest->handle()
#57 /var/www/html/vendor/laravel/framework/src/Illuminate/Pipeline/Pipeline.php(219): Illuminate\\Foundation\\Http\\Middleware\\ConvertEmptyStringsToNull->handle()
#58 /var/www/html/vendor/laravel/framework/src/Illuminate/Foundation/Http/Middleware/TransformsRequest.php(21): Illuminate\\Pipeline\\Pipeline->{closure:{closure:Illuminate\\Pipeline\\Pipeline::carry():194}:195}()
#59 /var/www/html/vendor/laravel/framework/src/Illuminate/Foundation/Http/Middleware/TrimStrings.php(51): Illuminate\\Foundation\\Http\\Middleware\\TransformsRequest->handle()
#60 /var/www/html/vendor/laravel/framework/src/Illuminate/Pipeline/Pipeline.php(219): Illuminate\\Foundation\\Http\\Middleware\\TrimStrings->handle()
#61 /var/www/html/vendor/laravel/framework/src/Illuminate/Http/Middleware/ValidatePostSize.php(27): Illuminate\\Pipeline\\Pipeline->{closure:{closure:Illuminate\\Pipeline\\Pipeline::carry():194}:195}()
#62 /var/www/html/vendor/laravel/framework/src/Illuminate/Pipeline/Pipeline.php(219): Illuminate\\Http\\Middleware\\ValidatePostSize->handle()
#63 /var/www/html/vendor/laravel/framework/src/Illuminate/Foundation/Http/Middleware/PreventRequestsDuringMaintenance.php(109): Illuminate\\Pipeline\\Pipeline->{closure:{closure:Illuminate\\Pipeline\\Pipeline::carry():194}:195}()
#64 /var/www/html/vendor/laravel/framework/src/Illuminate/Pipeline/Pipeline.php(219): Illuminate\\Foundation\\Http\\Middleware\\PreventRequestsDuringMaintenance->handle()
#65 /var/www/html/vendor/laravel/framework/src/Illuminate/Http/Middleware/HandleCors.php(61): Illuminate\\Pipeline\\Pipeline->{closure:{closure:Illuminate\\Pipeline\\Pipeline::carry():194}:195}()
#66 /var/www/html/vendor/laravel/framework/src/Illuminate/Pipeline/Pipeline.php(219): Illuminate\\Http\\Middleware\\HandleCors->handle()
#67 /var/www/html/vendor/laravel/framework/src/Illuminate/Http/Middleware/TrustProxies.php(58): Illuminate\\Pipeline\\Pipeline->{closure:{closure:Illuminate\\Pipeline\\Pipeline::carry():194}:195}()
#68 /var/www/html/vendor/laravel/framework/src/Illuminate/Pipeline/Pipeline.php(219): Illuminate\\Http\\Middleware\\TrustProxies->handle()
#69 /var/www/html/vendor/laravel/framework/src/Illuminate/Foundation/Http/Middleware/InvokeDeferredCallbacks.php(22): Illuminate\\Pipeline\\Pipeline->{closure:{closure:Illuminate\\Pipeline\\Pipeline::carry():194}:195}()
#70 /var/www/html/vendor/laravel/framework/src/Illuminate/Pipeline/Pipeline.php(219): Illuminate\\Foundation\\Http\\Middleware\\InvokeDeferredCallbacks->handle()
#71 /var/www/html/vendor/laravel/framework/src/Illuminate/Http/Middleware/ValidatePathEncoding.php(28): Illuminate\\Pipeline\\Pipeline->{closure:{closure:Illuminate\\Pipeline\\Pipeline::carry():194}:195}()
#72 /var/www/html/vendor/laravel/framework/src/Illuminate/Pipeline/Pipeline.php(219): Illuminate\\Http\\Middleware\\ValidatePathEncoding->handle()
#73 /var/www/html/vendor/laravel/framework/src/Illuminate/Pipeline/Pipeline.php(137): Illuminate\\Pipeline\\Pipeline->{closure:{closure:Illuminate\\Pipeline\\Pipeline::carry():194}:195}()
#74 /var/www/html/vendor/laravel/framework/src/Illuminate/Foundation/Http/Kernel.php(175): Illuminate\\Pipeline\\Pipeline->then()
#75 /var/www/html/vendor/laravel/framework/src/Illuminate/Foundation/Http/Kernel.php(144): Illuminate\\Foundation\\Http\\Kernel->sendRequestThroughRouter()
#76 /var/www/html/vendor/laravel/framework/src/Illuminate/Foundation/Application.php(1220): Illuminate\\Foundation\\Http\\Kernel->handle()
#77 /var/www/html/public/index.php(20): Illuminate\\Foundation\\Application->handleRequest()
#78 /var/www/html/vendor/laravel/framework/src/Illuminate/Foundation/resources/server.php(23): require_once('...')
#79 {main}
"} 
[2026-08-08 07:29:05] local.ERROR: Undefined array key "avatar" {"userId":1,"exception":"[object] (ErrorException(code: 0): Undefined array key \"avatar\" at /var/www/html/app/Models/User.php:34)
[stacktrace]
#0 /var/www/html/vendor/laravel/framework/src/Illuminate/Foundation/Bootstrap/HandleExceptions.php(258): Illuminate\\Foundation\\Bootstrap\\HandleExceptions->handleError()
#1 /var/www/html/app/Models/User.php(34): Illuminate\\Foundation\\Bootstrap\\HandleExceptions->{closure:Illuminate\\Foundation\\Bootstrap\\HandleExceptions::forwardsTo():257}()
#2 /var/www/html/vendor/laravel/framework/src/Illuminate/Database/Eloquent/Concerns/HasAttributes.php(733): App\\Models\\User->getAvatarUrlAttribute()
#3 /var/www/html/vendor/laravel/framework/src/Illuminate/Database/Eloquent/Concerns/HasAttributes.php(785): Illuminate\\Database\\Eloquent\\Model->mutateAttribute()
#4 /var/www/html/vendor/laravel/framework/src/Illuminate/Database/Eloquent/Concerns/HasAttributes.php(251): Illuminate\\Database\\Eloquent\\Model->mutateAttributeForArray()
#5 /var/www/html/vendor/laravel/framework/src/Illuminate/Database/Eloquent/Model.php(1925): Illuminate\\Database\\Eloquent\\Model->attributesToArray()
#6 [internal function]: Illuminate\\Database\\Eloquent\\Model->{closure:Illuminate\\Database\\Eloquent\\Model::toArray():1925}()
#7 /var/www/html/vendor/laravel/framework/src/Illuminate/Database/Eloquent/Concerns/PreventsCircularRecursion.php(46): call_user_func()
#8 /var/www/html/vendor/laravel/framework/src/Illuminate/Database/Eloquent/Model.php(1924): Illuminate\\Database\\Eloquent\\Model->withoutRecursion()
#9 /var/www/html/vendor/laravel/framework/src/Illuminate/Collections/Traits/EnumeratesValues.php(978): Illuminate\\Database\\Eloquent\\Model->toArray()
#10 [internal function]: Illuminate\\Support\\Collection->{closure:Illuminate\\Support\\Traits\\EnumeratesValues::toArray():978}()
#11 /var/www/html/vendor/laravel/framework/src/Illuminate/Collections/Arr.php(841): array_map()
#12 /var/www/html/vendor/laravel/framework/src/Illuminate/Collections/Collection.php(815): Illuminate\\Support\\Arr::map()
#13 /var/www/html/vendor/laravel/framework/src/Illuminate/Database/Eloquent/Collection.php(421): Illuminate\\Support\\Collection->map()
#14 /var/www/html/vendor/laravel/framework/src/Illuminate/Collections/Traits/EnumeratesValues.php(978): Illuminate\\Database\\Eloquent\\Collection->map()
#15 /var/www/html/vendor/inertiajs/inertia-laravel/src/PropsResolver.php(429): Illuminate\\Support\\Collection->toArray()
#16 /var/www/html/vendor/inertiajs/inertia-laravel/src/PropsResolver.php(262): Inertia\\PropsResolver->resolveValue()
#17 /var/www/html/vendor/inertiajs/inertia-laravel/src/PropsResolver.php(158): Inertia\\PropsResolver->resolveProps()
#18 /var/www/html/vendor/inertiajs/inertia-laravel/src/Response.php(189): Inertia\\PropsResolver->resolve()
#19 /var/www/html/vendor/laravel/framework/src/Illuminate/Routing/Router.php(921): Inertia\\Response->toResponse()
#20 /var/www/html/vendor/laravel/framework/src/Illuminate/Routing/Router.php(906): Illuminate\\Routing\\Router::toResponse()
#21 /var/www/html/vendor/laravel/framework/src/Illuminate/Routing/Router.php(821): Illuminate\\Routing\\Router->prepareResponse()
#22 /var/www/html/vendor/laravel/framework/src/Illuminate/Pipeline/Pipeline.php(180): Illuminate\\Routing\\Router->{closure:Illuminate\\Routing\\Router::runRouteWithinStack():821}()
#23 /var/www/html/vendor/spatie/laravel-permission/src/Middleware/PermissionMiddleware.php(41): Illuminate\\Pipeline\\Pipeline->{closure:Illuminate\\Pipeline\\Pipeline::prepareDestination():178}()
#24 /var/www/html/vendor/laravel/framework/src/Illuminate/Pipeline/Pipeline.php(219): Spatie\\Permission\\Middleware\\PermissionMiddleware->handle()
#25 /var/www/html/vendor/laravel/framework/src/Illuminate/Auth/Middleware/EnsureEmailIsVerified.php(41): Illuminate\\Pipeline\\Pipeline->{closure:{closure:Illuminate\\Pipeline\\Pipeline::carry():194}:195}()
#26 /var/www/html/vendor/laravel/framework/src/Illuminate/Pipeline/Pipeline.php(219): Illuminate\\Auth\\Middleware\\EnsureEmailIsVerified->handle()
#27 /var/www/html/vendor/laravel/framework/src/Illuminate/Http/Middleware/AddLinkHeadersForPreloadedAssets.php(32): Illuminate\\Pipeline\\Pipeline->{closure:{closure:Illuminate\\Pipeline\\Pipeline::carry():194}:195}()
#28 /var/www/html/vendor/laravel/framework/src/Illuminate/Pipeline/Pipeline.php(219): Illuminate\\Http\\Middleware\\AddLinkHeadersForPreloadedAssets->handle()
#29 /var/www/html/vendor/inertiajs/inertia-laravel/src/Middleware.php(138): Illuminate\\Pipeline\\Pipeline->{closure:{closure:Illuminate\\Pipeline\\Pipeline::carry():194}:195}()
#30 /var/www/html/vendor/laravel/framework/src/Illuminate/Pipeline/Pipeline.php(219): Inertia\\Middleware->handle()
#31 /var/www/html/app/Http/Middleware/HandleAppearance.php(21): Illuminate\\Pipeline\\Pipeline->{closure:{closure:Illuminate\\Pipeline\\Pipeline::carry():194}:195}()
#32 /var/www/html/vendor/laravel/framework/src/Illuminate/Pipeline/Pipeline.php(219): App\\Http\\Middleware\\HandleAppearance->handle()
#33 /var/www/html/vendor/laravel/framework/src/Illuminate/Routing/Middleware/SubstituteBindings.php(52): Illuminate\\Pipeline\\Pipeline->{closure:{closure:Illuminate\\Pipeline\\Pipeline::carry():194}:195}()
#34 /var/www/html/vendor/laravel/framework/src/Illuminate/Pipeline/Pipeline.php(219): Illuminate\\Routing\\Middleware\\SubstituteBindings->handle()
#35 /var/www/html/vendor/laravel/framework/src/Illuminate/Auth/Middleware/Authenticate.php(63): Illuminate\\Pipeline\\Pipeline->{closure:{closure:Illuminate\\Pipeline\\Pipeline::carry():194}:195}()
#36 /var/www/html/vendor/laravel/framework/src/Illuminate/Pipeline/Pipeline.php(219): Illuminate\\Auth\\Middleware\\Authenticate->handle()
#37 /var/www/html/vendor/laravel/framework/src/Illuminate/Foundation/Http/Middleware/PreventRequestForgery.php(104): Illuminate\\Pipeline\\Pipeline->{closure:{closure:Illuminate\\Pipeline\\Pipeline::carry():194}:195}()
#38 /var/www/html/vendor/laravel/framework/src/Illuminate/Pipeline/Pipeline.php(219): Illuminate\\Foundation\\Http\\Middleware\\PreventRequestForgery->handle()
#39 /var/www/html/vendor/laravel/framework/src/Illuminate/View/Middleware/ShareErrorsFromSession.php(48): Illuminate\\Pipeline\\Pipeline->{closure:{closure:Illuminate\\Pipeline\\Pipeline::carry():194}:195}()
#40 /var/www/html/vendor/laravel/framework/src/Illuminate/Pipeline/Pipeline.php(219): Illuminate\\View\\Middleware\\ShareErrorsFromSession->handle()
#41 /var/www/html/vendor/laravel/framework/src/Illuminate/Session/Middleware/StartSession.php(120): Illuminate\\Pipeline\\Pipeline->{closure:{closure:Illuminate\\Pipeline\\Pipeline::carry():194}:195}()
#42 /var/www/html/vendor/laravel/framework/src/Illuminate/Session/Middleware/StartSession.php(63): Illuminate\\Session\\Middleware\\StartSession->handleStatefulRequest()
#43 /var/www/html/vendor/laravel/framework/src/Illuminate/Pipeline/Pipeline.php(219): Illuminate\\Session\\Middleware\\StartSession->handle()
#44 /var/www/html/vendor/laravel/framework/src/Illuminate/Cookie/Middleware/AddQueuedCookiesToResponse.php(36): Illuminate\\Pipeline\\Pipeline->{closure:{closure:Illuminate\\Pipeline\\Pipeline::carry():194}:195}()
#45 /var/www/html/vendor/laravel/framework/src/Illuminate/Pipeline/Pipeline.php(219): Illuminate\\Cookie\\Middleware\\AddQueuedCookiesToResponse->handle()
#46 /var/www/html/vendor/laravel/framework/src/Illuminate/Cookie/Middleware/EncryptCookies.php(74): Illuminate\\Pipeline\\Pipeline->{closure:{closure:Illuminate\\Pipeline\\Pipeline::carry():194}:195}()
#47 /var/www/html/vendor/laravel/framework/src/Illuminate/Pipeline/Pipeline.php(219): Illuminate\\Cookie\\Middleware\\EncryptCookies->handle()
#48 /var/www/html/vendor/laravel/framework/src/Illuminate/Pipeline/Pipeline.php(137): Illuminate\\Pipeline\\Pipeline->{closure:{closure:Illuminate\\Pipeline\\Pipeline::carry():194}:195}()
#49 /var/www/html/vendor/laravel/framework/src/Illuminate/Routing/Router.php(821): Illuminate\\Pipeline\\Pipeline->then()
#50 /var/www/html/vendor/laravel/framework/src/Illuminate/Routing/Router.php(800): Illuminate\\Routing\\Router->runRouteWithinStack()
#51 /var/www/html/vendor/laravel/framework/src/Illuminate/Routing/Router.php(764): Illuminate\\Routing\\Router->runRoute()
#52 /var/www/html/vendor/laravel/framework/src/Illuminate/Routing/Router.php(753): Illuminate\\Routing\\Router->dispatchToRoute()
#53 /var/www/html/vendor/laravel/framework/src/Illuminate/Foundation/Http/Kernel.php(200): Illuminate\\Routing\\Router->dispatch()
#54 /var/www/html/vendor/laravel/framework/src/Illuminate/Pipeline/Pipeline.php(180): Illuminate\\Foundation\\Http\\Kernel->{closure:Illuminate\\Foundation\\Http\\Kernel::dispatchToRouter():197}()
#55 /var/www/html/vendor/laravel/framework/src/Illuminate/Foundation/Http/Middleware/TransformsRequest.php(21): Illuminate\\Pipeline\\Pipeline->{closure:Illuminate\\Pipeline\\Pipeline::prepareDestination():178}()
#56 /var/www/html/vendor/laravel/framework/src/Illuminate/Foundation/Http/Middleware/ConvertEmptyStringsToNull.php(31): Illuminate\\Foundation\\Http\\Middleware\\TransformsRequest->handle()
#57 /var/www/html/vendor/laravel/framework/src/Illuminate/Pipeline/Pipeline.php(219): Illuminate\\Foundation\\Http\\Middleware\\ConvertEmptyStringsToNull->handle()
#58 /var/www/html/vendor/laravel/framework/src/Illuminate/Foundation/Http/Middleware/TransformsRequest.php(21): Illuminate\\Pipeline\\Pipeline->{closure:{closure:Illuminate\\Pipeline\\Pipeline::carry():194}:195}()
#59 /var/www/html/vendor/laravel/framework/src/Illuminate/Foundation/Http/Middleware/TrimStrings.php(51): Illuminate\\Foundation\\Http\\Middleware\\TransformsRequest->handle()
#60 /var/www/html/vendor/laravel/framework/src/Illuminate/Pipeline/Pipeline.php(219): Illuminate\\Foundation\\Http\\Middleware\\TrimStrings->handle()
#61 /var/www/html/vendor/laravel/framework/src/Illuminate/Http/Middleware/ValidatePostSize.php(27): Illuminate\\Pipeline\\Pipeline->{closure:{closure:Illuminate\\Pipeline\\Pipeline::carry():194}:195}()
#62 /var/www/html/vendor/laravel/framework/src/Illuminate/Pipeline/Pipeline.php(219): Illuminate\\Http\\Middleware\\ValidatePostSize->handle()
#63 /var/www/html/vendor/laravel/framework/src/Illuminate/Foundation/Http/Middleware/PreventRequestsDuringMaintenance.php(109): Illuminate\\Pipeline\\Pipeline->{closure:{closure:Illuminate\\Pipeline\\Pipeline::carry():194}:195}()
#64 /var/www/html/vendor/laravel/framework/src/Illuminate/Pipeline/Pipeline.php(219): Illuminate\\Foundation\\Http\\Middleware\\PreventRequestsDuringMaintenance->handle()
#65 /var/www/html/vendor/laravel/framework/src/Illuminate/Http/Middleware/HandleCors.php(61): Illuminate\\Pipeline\\Pipeline->{closure:{closure:Illuminate\\Pipeline\\Pipeline::carry():194}:195}()
#66 /var/www/html/vendor/laravel/framework/src/Illuminate/Pipeline/Pipeline.php(219): Illuminate\\Http\\Middleware\\HandleCors->handle()
#67 /var/www/html/vendor/laravel/framework/src/Illuminate/Http/Middleware/TrustProxies.php(58): Illuminate\\Pipeline\\Pipeline->{closure:{closure:Illuminate\\Pipeline\\Pipeline::carry():194}:195}()
#68 /var/www/html/vendor/laravel/framework/src/Illuminate/Pipeline/Pipeline.php(219): Illuminate\\Http\\Middleware\\TrustProxies->handle()
#69 /var/www/html/vendor/laravel/framework/src/Illuminate/Foundation/Http/Middleware/InvokeDeferredCallbacks.php(22): Illuminate\\Pipeline\\Pipeline->{closure:{closure:Illuminate\\Pipeline\\Pipeline::carry():194}:195}()
#70 /var/www/html/vendor/laravel/framework/src/Illuminate/Pipeline/Pipeline.php(219): Illuminate\\Foundation\\Http\\Middleware\\InvokeDeferredCallbacks->handle()
#71 /var/www/html/vendor/laravel/framework/src/Illuminate/Http/Middleware/ValidatePathEncoding.php(28): Illuminate\\Pipeline\\Pipeline->{closure:{closure:Illuminate\\Pipeline\\Pipeline::carry():194}:195}()
#72 /var/www/html/vendor/laravel/framework/src/Illuminate/Pipeline/Pipeline.php(219): Illuminate\\Http\\Middleware\\ValidatePathEncoding->handle()
#73 /var/www/html/vendor/laravel/framework/src/Illuminate/Pipeline/Pipeline.php(137): Illuminate\\Pipeline\\Pipeline->{closure:{closure:Illuminate\\Pipeline\\Pipeline::carry():194}:195}()
#74 /var/www/html/vendor/laravel/framework/src/Illuminate/Foundation/Http/Kernel.php(175): Illuminate\\Pipeline\\Pipeline->then()
#75 /var/www/html/vendor/laravel/framework/src/Illuminate/Foundation/Http/Kernel.php(144): Illuminate\\Foundation\\Http\\Kernel->sendRequestThroughRouter()
#76 /var/www/html/vendor/laravel/framework/src/Illuminate/Foundation/Application.php(1220): Illuminate\\Foundation\\Http\\Kernel->handle()
#77 /var/www/html/public/index.php(20): Illuminate\\Foundation\\Application->handleRequest()
#78 /var/www/html/vendor/laravel/framework/src/Illuminate/Foundation/resources/server.php(23): require_once('...')
#79 {main}
"} 
[2026-08-08 07:29:11] local.ERROR: Undefined array key "avatar" {"userId":1,"exception":"[object] (ErrorException(code: 0): Undefined array key \"avatar\" at /var/www/html/app/Models/User.php:34)
[stacktrace]
#0 /var/www/html/vendor/laravel/framework/src/Illuminate/Foundation/Bootstrap/HandleExceptions.php(258): Illuminate\\Foundation\\Bootstrap\\HandleExceptions->handleError()
#1 /var/www/html/app/Models/User.php(34): Illuminate\\Foundation\\Bootstrap\\HandleExceptions->{closure:Illuminate\\Foundation\\Bootstrap\\HandleExceptions::forwardsTo():257}()
#2 /var/www/html/vendor/laravel/framework/src/Illuminate/Database/Eloquent/Concerns/HasAttributes.php(733): App\\Models\\User->getAvatarUrlAttribute()
#3 /var/www/html/vendor/laravel/framework/src/Illuminate/Database/Eloquent/Concerns/HasAttributes.php(785): Illuminate\\Database\\Eloquent\\Model->mutateAttribute()
#4 /var/www/html/vendor/laravel/framework/src/Illuminate/Database/Eloquent/Concerns/HasAttributes.php(251): Illuminate\\Database\\Eloquent\\Model->mutateAttributeForArray()
#5 /var/www/html/vendor/laravel/framework/src/Illuminate/Database/Eloquent/Model.php(1925): Illuminate\\Database\\Eloquent\\Model->attributesToArray()
#6 [internal function]: Illuminate\\Database\\Eloquent\\Model->{closure:Illuminate\\Database\\Eloquent\\Model::toArray():1925}()
#7 /var/www/html/vendor/laravel/framework/src/Illuminate/Database/Eloquent/Concerns/PreventsCircularRecursion.php(46): call_user_func()
#8 /var/www/html/vendor/laravel/framework/src/Illuminate/Database/Eloquent/Model.php(1924): Illuminate\\Database\\Eloquent\\Model->withoutRecursion()
#9 /var/www/html/vendor/laravel/framework/src/Illuminate/Collections/Traits/EnumeratesValues.php(978): Illuminate\\Database\\Eloquent\\Model->toArray()
#10 [internal function]: Illuminate\\Support\\Collection->{closure:Illuminate\\Support\\Traits\\EnumeratesValues::toArray():978}()
#11 /var/www/html/vendor/laravel/framework/src/Illuminate/Collections/Arr.php(841): array_map()
#12 /var/www/html/vendor/laravel/framework/src/Illuminate/Collections/Collection.php(815): Illuminate\\Support\\Arr::map()
#13 /var/www/html/vendor/laravel/framework/src/Illuminate/Database/Eloquent/Collection.php(421): Illuminate\\Support\\Collection->map()
#14 /var/www/html/vendor/laravel/framework/src/Illuminate/Collections/Traits/EnumeratesValues.php(978): Illuminate\\Database\\Eloquent\\Collection->map()
#15 /var/www/html/vendor/inertiajs/inertia-laravel/src/PropsResolver.php(429): Illuminate\\Support\\Collection->toArray()
#16 /var/www/html/vendor/inertiajs/inertia-laravel/src/PropsResolver.php(262): Inertia\\PropsResolver->resolveValue()
#17 /var/www/html/vendor/inertiajs/inertia-laravel/src/PropsResolver.php(158): Inertia\\PropsResolver->resolveProps()
#18 /var/www/html/vendor/inertiajs/inertia-laravel/src/Response.php(189): Inertia\\PropsResolver->resolve()
#19 /var/www/html/vendor/laravel/framework/src/Illuminate/Routing/Router.php(921): Inertia\\Response->toResponse()
#20 /var/www/html/vendor/laravel/framework/src/Illuminate/Routing/Router.php(906): Illuminate\\Routing\\Router::toResponse()
#21 /var/www/html/vendor/laravel/framework/src/Illuminate/Routing/Router.php(821): Illuminate\\Routing\\Router->prepareResponse()
#22 /var/www/html/vendor/laravel/framework/src/Illuminate/Pipeline/Pipeline.php(180): Illuminate\\Routing\\Router->{closure:Illuminate\\Routing\\Router::runRouteWithinStack():821}()
#23 /var/www/html/vendor/spatie/laravel-permission/src/Middleware/PermissionMiddleware.php(41): Illuminate\\Pipeline\\Pipeline->{closure:Illuminate\\Pipeline\\Pipeline::prepareDestination():178}()
#24 /var/www/html/vendor/laravel/framework/src/Illuminate/Pipeline/Pipeline.php(219): Spatie\\Permission\\Middleware\\PermissionMiddleware->handle()
#25 /var/www/html/vendor/laravel/framework/src/Illuminate/Auth/Middleware/EnsureEmailIsVerified.php(41): Illuminate\\Pipeline\\Pipeline->{closure:{closure:Illuminate\\Pipeline\\Pipeline::carry():194}:195}()
#26 /var/www/html/vendor/laravel/framework/src/Illuminate/Pipeline/Pipeline.php(219): Illuminate\\Auth\\Middleware\\EnsureEmailIsVerified->handle()
#27 /var/www/html/vendor/laravel/framework/src/Illuminate/Http/Middleware/AddLinkHeadersForPreloadedAssets.php(32): Illuminate\\Pipeline\\Pipeline->{closure:{closure:Illuminate\\Pipeline\\Pipeline::carry():194}:195}()
#28 /var/www/html/vendor/laravel/framework/src/Illuminate/Pipeline/Pipeline.php(219): Illuminate\\Http\\Middleware\\AddLinkHeadersForPreloadedAssets->handle()
#29 /var/www/html/vendor/inertiajs/inertia-laravel/src/Middleware.php(138): Illuminate\\Pipeline\\Pipeline->{closure:{closure:Illuminate\\Pipeline\\Pipeline::carry():194}:195}()
#30 /var/www/html/vendor/laravel/framework/src/Illuminate/Pipeline/Pipeline.php(219): Inertia\\Middleware->handle()
#31 /var/www/html/app/Http/Middleware/HandleAppearance.php(21): Illuminate\\Pipeline\\Pipeline->{closure:{closure:Illuminate\\Pipeline\\Pipeline::carry():194}:195}()
#32 /var/www/html/vendor/laravel/framework/src/Illuminate/Pipeline/Pipeline.php(219): App\\Http\\Middleware\\HandleAppearance->handle()
#33 /var/www/html/vendor/laravel/framework/src/Illuminate/Routing/Middleware/SubstituteBindings.php(52): Illuminate\\Pipeline\\Pipeline->{closure:{closure:Illuminate\\Pipeline\\Pipeline::carry():194}:195}()
#34 /var/www/html/vendor/laravel/framework/src/Illuminate/Pipeline/Pipeline.php(219): Illuminate\\Routing\\Middleware\\SubstituteBindings->handle()
#35 /var/www/html/vendor/laravel/framework/src/Illuminate/Auth/Middleware/Authenticate.php(63): Illuminate\\Pipeline\\Pipeline->{closure:{closure:Illuminate\\Pipeline\\Pipeline::carry():194}:195}()
#36 /var/www/html/vendor/laravel/framework/src/Illuminate/Pipeline/Pipeline.php(219): Illuminate\\Auth\\Middleware\\Authenticate->handle()
#37 /var/www/html/vendor/laravel/framework/src/Illuminate/Foundation/Http/Middleware/PreventRequestForgery.php(104): Illuminate\\Pipeline\\Pipeline->{closure:{closure:Illuminate\\Pipeline\\Pipeline::carry():194}:195}()
#38 /var/www/html/vendor/laravel/framework/src/Illuminate/Pipeline/Pipeline.php(219): Illuminate\\Foundation\\Http\\Middleware\\PreventRequestForgery->handle()
#39 /var/www/html/vendor/laravel/framework/src/Illuminate/View/Middleware/ShareErrorsFromSession.php(48): Illuminate\\Pipeline\\Pipeline->{closure:{closure:Illuminate\\Pipeline\\Pipeline::carry():194}:195}()
#40 /var/www/html/vendor/laravel/framework/src/Illuminate/Pipeline/Pipeline.php(219): Illuminate\\View\\Middleware\\ShareErrorsFromSession->handle()
#41 /var/www/html/vendor/laravel/framework/src/Illuminate/Session/Middleware/StartSession.php(120): Illuminate\\Pipeline\\Pipeline->{closure:{closure:Illuminate\\Pipeline\\Pipeline::carry():194}:195}()
#42 /var/www/html/vendor/laravel/framework/src/Illuminate/Session/Middleware/StartSession.php(63): Illuminate\\Session\\Middleware\\StartSession->handleStatefulRequest()
#43 /var/www/html/vendor/laravel/framework/src/Illuminate/Pipeline/Pipeline.php(219): Illuminate\\Session\\Middleware\\StartSession->handle()
#44 /var/www/html/vendor/laravel/framework/src/Illuminate/Cookie/Middleware/AddQueuedCookiesToResponse.php(36): Illuminate\\Pipeline\\Pipeline->{closure:{closure:Illuminate\\Pipeline\\Pipeline::carry():194}:195}()
#45 /var/www/html/vendor/laravel/framework/src/Illuminate/Pipeline/Pipeline.php(219): Illuminate\\Cookie\\Middleware\\AddQueuedCookiesToResponse->handle()
#46 /var/www/html/vendor/laravel/framework/src/Illuminate/Cookie/Middleware/EncryptCookies.php(74): Illuminate\\Pipeline\\Pipeline->{closure:{closure:Illuminate\\Pipeline\\Pipeline::carry():194}:195}()
#47 /var/www/html/vendor/laravel/framework/src/Illuminate/Pipeline/Pipeline.php(219): Illuminate\\Cookie\\Middleware\\EncryptCookies->handle()
#48 /var/www/html/vendor/laravel/framework/src/Illuminate/Pipeline/Pipeline.php(137): Illuminate\\Pipeline\\Pipeline->{closure:{closure:Illuminate\\Pipeline\\Pipeline::carry():194}:195}()
#49 /var/www/html/vendor/laravel/framework/src/Illuminate/Routing/Router.php(821): Illuminate\\Pipeline\\Pipeline->then()
#50 /var/www/html/vendor/laravel/framework/src/Illuminate/Routing/Router.php(800): Illuminate\\Routing\\Router->runRouteWithinStack()
#51 /var/www/html/vendor/laravel/framework/src/Illuminate/Routing/Router.php(764): Illuminate\\Routing\\Router->runRoute()
#52 /var/www/html/vendor/laravel/framework/src/Illuminate/Routing/Router.php(753): Illuminate\\Routing\\Router->dispatchToRoute()
#53 /var/www/html/vendor/laravel/framework/src/Illuminate/Foundation/Http/Kernel.php(200): Illuminate\\Routing\\Router->dispatch()
#54 /var/www/html/vendor/laravel/framework/src/Illuminate/Pipeline/Pipeline.php(180): Illuminate\\Foundation\\Http\\Kernel->{closure:Illuminate\\Foundation\\Http\\Kernel::dispatchToRouter():197}()
#55 /var/www/html/vendor/laravel/framework/src/Illuminate/Foundation/Http/Middleware/TransformsRequest.php(21): Illuminate\\Pipeline\\Pipeline->{closure:Illuminate\\Pipeline\\Pipeline::prepareDestination():178}()
#56 /var/www/html/vendor/laravel/framework/src/Illuminate/Foundation/Http/Middleware/ConvertEmptyStringsToNull.php(31): Illuminate\\Foundation\\Http\\Middleware\\TransformsRequest->handle()
#57 /var/www/html/vendor/laravel/framework/src/Illuminate/Pipeline/Pipeline.php(219): Illuminate\\Foundation\\Http\\Middleware\\ConvertEmptyStringsToNull->handle()
#58 /var/www/html/vendor/laravel/framework/src/Illuminate/Foundation/Http/Middleware/TransformsRequest.php(21): Illuminate\\Pipeline\\Pipeline->{closure:{closure:Illuminate\\Pipeline\\Pipeline::carry():194}:195}()
#59 /var/www/html/vendor/laravel/framework/src/Illuminate/Foundation/Http/Middleware/TrimStrings.php(51): Illuminate\\Foundation\\Http\\Middleware\\TransformsRequest->handle()
#60 /var/www/html/vendor/laravel/framework/src/Illuminate/Pipeline/Pipeline.php(219): Illuminate\\Foundation\\Http\\Middleware\\TrimStrings->handle()
#61 /var/www/html/vendor/laravel/framework/src/Illuminate/Http/Middleware/ValidatePostSize.php(27): Illuminate\\Pipeline\\Pipeline->{closure:{closure:Illuminate\\Pipeline\\Pipeline::carry():194}:195}()
#62 /var/www/html/vendor/laravel/framework/src/Illuminate/Pipeline/Pipeline.php(219): Illuminate\\Http\\Middleware\\ValidatePostSize->handle()
#63 /var/www/html/vendor/laravel/framework/src/Illuminate/Foundation/Http/Middleware/PreventRequestsDuringMaintenance.php(109): Illuminate\\Pipeline\\Pipeline->{closure:{closure:Illuminate\\Pipeline\\Pipeline::carry():194}:195}()
#64 /var/www/html/vendor/laravel/framework/src/Illuminate/Pipeline/Pipeline.php(219): Illuminate\\Foundation\\Http\\Middleware\\PreventRequestsDuringMaintenance->handle()
#65 /var/www/html/vendor/laravel/framework/src/Illuminate/Http/Middleware/HandleCors.php(61): Illuminate\\Pipeline\\Pipeline->{closure:{closure:Illuminate\\Pipeline\\Pipeline::carry():194}:195}()
#66 /var/www/html/vendor/laravel/framework/src/Illuminate/Pipeline/Pipeline.php(219): Illuminate\\Http\\Middleware\\HandleCors->handle()
#67 /var/www/html/vendor/laravel/framework/src/Illuminate/Http/Middleware/TrustProxies.php(58): Illuminate\\Pipeline\\Pipeline->{closure:{closure:Illuminate\\Pipeline\\Pipeline::carry():194}:195}()
#68 /var/www/html/vendor/laravel/framework/src/Illuminate/Pipeline/Pipeline.php(219): Illuminate\\Http\\Middleware\\TrustProxies->handle()
#69 /var/www/html/vendor/laravel/framework/src/Illuminate/Foundation/Http/Middleware/InvokeDeferredCallbacks.php(22): Illuminate\\Pipeline\\Pipeline->{closure:{closure:Illuminate\\Pipeline\\Pipeline::carry():194}:195}()
#70 /var/www/html/vendor/laravel/framework/src/Illuminate/Pipeline/Pipeline.php(219): Illuminate\\Foundation\\Http\\Middleware\\InvokeDeferredCallbacks->handle()
#71 /var/www/html/vendor/laravel/framework/src/Illuminate/Http/Middleware/ValidatePathEncoding.php(28): Illuminate\\Pipeline\\Pipeline->{closure:{closure:Illuminate\\Pipeline\\Pipeline::carry():194}:195}()
#72 /var/www/html/vendor/laravel/framework/src/Illuminate/Pipeline/Pipeline.php(219): Illuminate\\Http\\Middleware\\ValidatePathEncoding->handle()
#73 /var/www/html/vendor/laravel/framework/src/Illuminate/Pipeline/Pipeline.php(137): Illuminate\\Pipeline\\Pipeline->{closure:{closure:Illuminate\\Pipeline\\Pipeline::carry():194}:195}()
#74 /var/www/html/vendor/laravel/framework/src/Illuminate/Foundation/Http/Kernel.php(175): Illuminate\\Pipeline\\Pipeline->then()
#75 /var/www/html/vendor/laravel/framework/src/Illuminate/Foundation/Http/Kernel.php(144): Illuminate\\Foundation\\Http\\Kernel->sendRequestThroughRouter()
#76 /var/www/html/vendor/laravel/framework/src/Illuminate/Foundation/Application.php(1220): Illuminate\\Foundation\\Http\\Kernel->handle()
#77 /var/www/html/public/index.php(20): Illuminate\\Foundation\\Application->handleRequest()
#78 /var/www/html/vendor/laravel/framework/src/Illuminate/Foundation/resources/server.php(23): require_once('...')
#79 {main}
"} 
[2026-08-08 07:30:03] local.ERROR: Undefined array key "avatar" {"userId":1,"exception":"[object] (ErrorException(code: 0): Undefined array key \"avatar\" at /var/www/html/app/Models/User.php:34)
[stacktrace]
#0 /var/www/html/vendor/laravel/framework/src/Illuminate/Foundation/Bootstrap/HandleExceptions.php(258): Illuminate\\Foundation\\Bootstrap\\HandleExceptions->handleError()
#1 /var/www/html/app/Models/User.php(34): Illuminate\\Foundation\\Bootstrap\\HandleExceptions->{closure:Illuminate\\Foundation\\Bootstrap\\HandleExceptions::forwardsTo():257}()
#2 /var/www/html/vendor/laravel/framework/src/Illuminate/Database/Eloquent/Concerns/HasAttributes.php(733): App\\Models\\User->getAvatarUrlAttribute()
#3 /var/www/html/vendor/laravel/framework/src/Illuminate/Database/Eloquent/Concerns/HasAttributes.php(785): Illuminate\\Database\\Eloquent\\Model->mutateAttribute()
#4 /var/www/html/vendor/laravel/framework/src/Illuminate/Database/Eloquent/Concerns/HasAttributes.php(251): Illuminate\\Database\\Eloquent\\Model->mutateAttributeForArray()
#5 /var/www/html/vendor/laravel/framework/src/Illuminate/Database/Eloquent/Model.php(1925): Illuminate\\Database\\Eloquent\\Model->attributesToArray()
#6 [internal function]: Illuminate\\Database\\Eloquent\\Model->{closure:Illuminate\\Database\\Eloquent\\Model::toArray():1925}()
#7 /var/www/html/vendor/laravel/framework/src/Illuminate/Database/Eloquent/Concerns/PreventsCircularRecursion.php(46): call_user_func()
#8 /var/www/html/vendor/laravel/framework/src/Illuminate/Database/Eloquent/Model.php(1924): Illuminate\\Database\\Eloquent\\Model->withoutRecursion()
#9 /var/www/html/vendor/laravel/framework/src/Illuminate/Collections/Traits/EnumeratesValues.php(978): Illuminate\\Database\\Eloquent\\Model->toArray()
#10 [internal function]: Illuminate\\Support\\Collection->{closure:Illuminate\\Support\\Traits\\EnumeratesValues::toArray():978}()
#11 /var/www/html/vendor/laravel/framework/src/Illuminate/Collections/Arr.php(841): array_map()
#12 /var/www/html/vendor/laravel/framework/src/Illuminate/Collections/Collection.php(815): Illuminate\\Support\\Arr::map()
#13 /var/www/html/vendor/laravel/framework/src/Illuminate/Database/Eloquent/Collection.php(421): Illuminate\\Support\\Collection->map()
#14 /var/www/html/vendor/laravel/framework/src/Illuminate/Collections/Traits/EnumeratesValues.php(978): Illuminate\\Database\\Eloquent\\Collection->map()
#15 /var/www/html/vendor/inertiajs/inertia-laravel/src/PropsResolver.php(429): Illuminate\\Support\\Collection->toArray()
#16 /var/www/html/vendor/inertiajs/inertia-laravel/src/PropsResolver.php(262): Inertia\\PropsResolver->resolveValue()
#17 /var/www/html/vendor/inertiajs/inertia-laravel/src/PropsResolver.php(158): Inertia\\PropsResolver->resolveProps()
#18 /var/www/html/vendor/inertiajs/inertia-laravel/src/Response.php(189): Inertia\\PropsResolver->resolve()
#19 /var/www/html/vendor/laravel/framework/src/Illuminate/Routing/Router.php(921): Inertia\\Response->toResponse()
#20 /var/www/html/vendor/laravel/framework/src/Illuminate/Routing/Router.php(906): Illuminate\\Routing\\Router::toResponse()
#21 /var/www/html/vendor/laravel/framework/src/Illuminate/Routing/Router.php(821): Illuminate\\Routing\\Router->prepareResponse()
#22 /var/www/html/vendor/laravel/framework/src/Illuminate/Pipeline/Pipeline.php(180): Illuminate\\Routing\\Router->{closure:Illuminate\\Routing\\Router::runRouteWithinStack():821}()
#23 /var/www/html/vendor/spatie/laravel-permission/src/Middleware/PermissionMiddleware.php(41): Illuminate\\Pipeline\\Pipeline->{closure:Illuminate\\Pipeline\\Pipeline::prepareDestination():178}()
#24 /var/www/html/vendor/laravel/framework/src/Illuminate/Pipeline/Pipeline.php(219): Spatie\\Permission\\Middleware\\PermissionMiddleware->handle()
#25 /var/www/html/vendor/laravel/framework/src/Illuminate/Auth/Middleware/EnsureEmailIsVerified.php(41): Illuminate\\Pipeline\\Pipeline->{closure:{closure:Illuminate\\Pipeline\\Pipeline::carry():194}:195}()
#26 /var/www/html/vendor/laravel/framework/src/Illuminate/Pipeline/Pipeline.php(219): Illuminate\\Auth\\Middleware\\EnsureEmailIsVerified->handle()
#27 /var/www/html/vendor/laravel/framework/src/Illuminate/Http/Middleware/AddLinkHeadersForPreloadedAssets.php(32): Illuminate\\Pipeline\\Pipeline->{closure:{closure:Illuminate\\Pipeline\\Pipeline::carry():194}:195}()
#28 /var/www/html/vendor/laravel/framework/src/Illuminate/Pipeline/Pipeline.php(219): Illuminate\\Http\\Middleware\\AddLinkHeadersForPreloadedAssets->handle()
#29 /var/www/html/vendor/inertiajs/inertia-laravel/src/Middleware.php(138): Illuminate\\Pipeline\\Pipeline->{closure:{closure:Illuminate\\Pipeline\\Pipeline::carry():194}:195}()
#30 /var/www/html/vendor/laravel/framework/src/Illuminate/Pipeline/Pipeline.php(219): Inertia\\Middleware->handle()
#31 /var/www/html/app/Http/Middleware/HandleAppearance.php(21): Illuminate\\Pipeline\\Pipeline->{closure:{closure:Illuminate\\Pipeline\\Pipeline::carry():194}:195}()
#32 /var/www/html/vendor/laravel/framework/src/Illuminate/Pipeline/Pipeline.php(219): App\\Http\\Middleware\\HandleAppearance->handle()
#33 /var/www/html/vendor/laravel/framework/src/Illuminate/Routing/Middleware/SubstituteBindings.php(52): Illuminate\\Pipeline\\Pipeline->{closure:{closure:Illuminate\\Pipeline\\Pipeline::carry():194}:195}()
#34 /var/www/html/vendor/laravel/framework/src/Illuminate/Pipeline/Pipeline.php(219): Illuminate\\Routing\\Middleware\\SubstituteBindings->handle()
#35 /var/www/html/vendor/laravel/framework/src/Illuminate/Auth/Middleware/Authenticate.php(63): Illuminate\\Pipeline\\Pipeline->{closure:{closure:Illuminate\\Pipeline\\Pipeline::carry():194}:195}()
#36 /var/www/html/vendor/laravel/framework/src/Illuminate/Pipeline/Pipeline.php(219): Illuminate\\Auth\\Middleware\\Authenticate->handle()
#37 /var/www/html/vendor/laravel/framework/src/Illuminate/Foundation/Http/Middleware/PreventRequestForgery.php(104): Illuminate\\Pipeline\\Pipeline->{closure:{closure:Illuminate\\Pipeline\\Pipeline::carry():194}:195}()
#38 /var/www/html/vendor/laravel/framework/src/Illuminate/Pipeline/Pipeline.php(219): Illuminate\\Foundation\\Http\\Middleware\\PreventRequestForgery->handle()
#39 /var/www/html/vendor/laravel/framework/src/Illuminate/View/Middleware/ShareErrorsFromSession.php(48): Illuminate\\Pipeline\\Pipeline->{closure:{closure:Illuminate\\Pipeline\\Pipeline::carry():194}:195}()
#40 /var/www/html/vendor/laravel/framework/src/Illuminate/Pipeline/Pipeline.php(219): Illuminate\\View\\Middleware\\ShareErrorsFromSession->handle()
#41 /var/www/html/vendor/laravel/framework/src/Illuminate/Session/Middleware/StartSession.php(120): Illuminate\\Pipeline\\Pipeline->{closure:{closure:Illuminate\\Pipeline\\Pipeline::carry():194}:195}()
#42 /var/www/html/vendor/laravel/framework/src/Illuminate/Session/Middleware/StartSession.php(63): Illuminate\\Session\\Middleware\\StartSession->handleStatefulRequest()
#43 /var/www/html/vendor/laravel/framework/src/Illuminate/Pipeline/Pipeline.php(219): Illuminate\\Session\\Middleware\\StartSession->handle()
#44 /var/www/html/vendor/laravel/framework/src/Illuminate/Cookie/Middleware/AddQueuedCookiesToResponse.php(36): Illuminate\\Pipeline\\Pipeline->{closure:{closure:Illuminate\\Pipeline\\Pipeline::carry():194}:195}()
#45 /var/www/html/vendor/laravel/framework/src/Illuminate/Pipeline/Pipeline.php(219): Illuminate\\Cookie\\Middleware\\AddQueuedCookiesToResponse->handle()
#46 /var/www/html/vendor/laravel/framework/src/Illuminate/Cookie/Middleware/EncryptCookies.php(74): Illuminate\\Pipeline\\Pipeline->{closure:{closure:Illuminate\\Pipeline\\Pipeline::carry():194}:195}()
#47 /var/www/html/vendor/laravel/framework/src/Illuminate/Pipeline/Pipeline.php(219): Illuminate\\Cookie\\Middleware\\EncryptCookies->handle()
#48 /var/www/html/vendor/laravel/framework/src/Illuminate/Pipeline/Pipeline.php(137): Illuminate\\Pipeline\\Pipeline->{closure:{closure:Illuminate\\Pipeline\\Pipeline::carry():194}:195}()
#49 /var/www/html/vendor/laravel/framework/src/Illuminate/Routing/Router.php(821): Illuminate\\Pipeline\\Pipeline->then()
#50 /var/www/html/vendor/laravel/framework/src/Illuminate/Routing/Router.php(800): Illuminate\\Routing\\Router->runRouteWithinStack()
#51 /var/www/html/vendor/laravel/framework/src/Illuminate/Routing/Router.php(764): Illuminate\\Routing\\Router->runRoute()
#52 /var/www/html/vendor/laravel/framework/src/Illuminate/Routing/Router.php(753): Illuminate\\Routing\\Router->dispatchToRoute()
#53 /var/www/html/vendor/laravel/framework/src/Illuminate/Foundation/Http/Kernel.php(200): Illuminate\\Routing\\Router->dispatch()
#54 /var/www/html/vendor/laravel/framework/src/Illuminate/Pipeline/Pipeline.php(180): Illuminate\\Foundation\\Http\\Kernel->{closure:Illuminate\\Foundation\\Http\\Kernel::dispatchToRouter():197}()
#55 /var/www/html/vendor/laravel/framework/src/Illuminate/Foundation/Http/Middleware/TransformsRequest.php(21): Illuminate\\Pipeline\\Pipeline->{closure:Illuminate\\Pipeline\\Pipeline::prepareDestination():178}()
#56 /var/www/html/vendor/laravel/framework/src/Illuminate/Foundation/Http/Middleware/ConvertEmptyStringsToNull.php(31): Illuminate\\Foundation\\Http\\Middleware\\TransformsRequest->handle()
#57 /var/www/html/vendor/laravel/framework/src/Illuminate/Pipeline/Pipeline.php(219): Illuminate\\Foundation\\Http\\Middleware\\ConvertEmptyStringsToNull->handle()
#58 /var/www/html/vendor/laravel/framework/src/Illuminate/Foundation/Http/Middleware/TransformsRequest.php(21): Illuminate\\Pipeline\\Pipeline->{closure:{closure:Illuminate\\Pipeline\\Pipeline::carry():194}:195}()
#59 /var/www/html/vendor/laravel/framework/src/Illuminate/Foundation/Http/Middleware/TrimStrings.php(51): Illuminate\\Foundation\\Http\\Middleware\\TransformsRequest->handle()
#60 /var/www/html/vendor/laravel/framework/src/Illuminate/Pipeline/Pipeline.php(219): Illuminate\\Foundation\\Http\\Middleware\\TrimStrings->handle()
#61 /var/www/html/vendor/laravel/framework/src/Illuminate/Http/Middleware/ValidatePostSize.php(27): Illuminate\\Pipeline\\Pipeline->{closure:{closure:Illuminate\\Pipeline\\Pipeline::carry():194}:195}()
#62 /var/www/html/vendor/laravel/framework/src/Illuminate/Pipeline/Pipeline.php(219): Illuminate\\Http\\Middleware\\ValidatePostSize->handle()
#63 /var/www/html/vendor/laravel/framework/src/Illuminate/Foundation/Http/Middleware/PreventRequestsDuringMaintenance.php(109): Illuminate\\Pipeline\\Pipeline->{closure:{closure:Illuminate\\Pipeline\\Pipeline::carry():194}:195}()
#64 /var/www/html/vendor/laravel/framework/src/Illuminate/Pipeline/Pipeline.php(219): Illuminate\\Foundation\\Http\\Middleware\\PreventRequestsDuringMaintenance->handle()
#65 /var/www/html/vendor/laravel/framework/src/Illuminate/Http/Middleware/HandleCors.php(61): Illuminate\\Pipeline\\Pipeline->{closure:{closure:Illuminate\\Pipeline\\Pipeline::carry():194}:195}()
#66 /var/www/html/vendor/laravel/framework/src/Illuminate/Pipeline/Pipeline.php(219): Illuminate\\Http\\Middleware\\HandleCors->handle()
#67 /var/www/html/vendor/laravel/framework/src/Illuminate/Http/Middleware/TrustProxies.php(58): Illuminate\\Pipeline\\Pipeline->{closure:{closure:Illuminate\\Pipeline\\Pipeline::carry():194}:195}()
#68 /var/www/html/vendor/laravel/framework/src/Illuminate/Pipeline/Pipeline.php(219): Illuminate\\Http\\Middleware\\TrustProxies->handle()
#69 /var/www/html/vendor/laravel/framework/src/Illuminate/Foundation/Http/Middleware/InvokeDeferredCallbacks.php(22): Illuminate\\Pipeline\\Pipeline->{closure:{closure:Illuminate\\Pipeline\\Pipeline::carry():194}:195}()
#70 /var/www/html/vendor/laravel/framework/src/Illuminate/Pipeline/Pipeline.php(219): Illuminate\\Foundation\\Http\\Middleware\\InvokeDeferredCallbacks->handle()
#71 /var/www/html/vendor/laravel/framework/src/Illuminate/Http/Middleware/ValidatePathEncoding.php(28): Illuminate\\Pipeline\\Pipeline->{closure:{closure:Illuminate\\Pipeline\\Pipeline::carry():194}:195}()
#72 /var/www/html/vendor/laravel/framework/src/Illuminate/Pipeline/Pipeline.php(219): Illuminate\\Http\\Middleware\\ValidatePathEncoding->handle()
#73 /var/www/html/vendor/laravel/framework/src/Illuminate/Pipeline/Pipeline.php(137): Illuminate\\Pipeline\\Pipeline->{closure:{closure:Illuminate\\Pipeline\\Pipeline::carry():194}:195}()
#74 /var/www/html/vendor/laravel/framework/src/Illuminate/Foundation/Http/Kernel.php(175): Illuminate\\Pipeline\\Pipeline->then()
#75 /var/www/html/vendor/laravel/framework/src/Illuminate/Foundation/Http/Kernel.php(144): Illuminate\\Foundation\\Http\\Kernel->sendRequestThroughRouter()
#76 /var/www/html/vendor/laravel/framework/src/Illuminate/Foundation/Application.php(1220): Illuminate\\Foundation\\Http\\Kernel->handle()
#77 /var/www/html/public/index.php(20): Illuminate\\Foundation\\Application->handleRequest()
#78 /var/www/html/vendor/laravel/framework/src/Illuminate/Foundation/resources/server.php(23): require_once('...')
#79 {main}
"} 
[2026-08-08 07:30:08] local.ERROR: Undefined array key "avatar" {"userId":1,"exception":"[object] (ErrorException(code: 0): Undefined array key \"avatar\" at /var/www/html/app/Models/User.php:34)
[stacktrace]
#0 /var/www/html/vendor/laravel/framework/src/Illuminate/Foundation/Bootstrap/HandleExceptions.php(258): Illuminate\\Foundation\\Bootstrap\\HandleExceptions->handleError()
#1 /var/www/html/app/Models/User.php(34): Illuminate\\Foundation\\Bootstrap\\HandleExceptions->{closure:Illuminate\\Foundation\\Bootstrap\\HandleExceptions::forwardsTo():257}()
#2 /var/www/html/vendor/laravel/framework/src/Illuminate/Database/Eloquent/Concerns/HasAttributes.php(733): App\\Models\\User->getAvatarUrlAttribute()
#3 /var/www/html/vendor/laravel/framework/src/Illuminate/Database/Eloquent/Concerns/HasAttributes.php(785): Illuminate\\Database\\Eloquent\\Model->mutateAttribute()
#4 /var/www/html/vendor/laravel/framework/src/Illuminate/Database/Eloquent/Concerns/HasAttributes.php(251): Illuminate\\Database\\Eloquent\\Model->mutateAttributeForArray()
#5 /var/www/html/vendor/laravel/framework/src/Illuminate/Database/Eloquent/Model.php(1925): Illuminate\\Database\\Eloquent\\Model->attributesToArray()
#6 [internal function]: Illuminate\\Database\\Eloquent\\Model->{closure:Illuminate\\Database\\Eloquent\\Model::toArray():1925}()
#7 /var/www/html/vendor/laravel/framework/src/Illuminate/Database/Eloquent/Concerns/PreventsCircularRecursion.php(46): call_user_func()
#8 /var/www/html/vendor/laravel/framework/src/Illuminate/Database/Eloquent/Model.php(1924): Illuminate\\Database\\Eloquent\\Model->withoutRecursion()
#9 /var/www/html/vendor/laravel/framework/src/Illuminate/Collections/Traits/EnumeratesValues.php(978): Illuminate\\Database\\Eloquent\\Model->toArray()
#10 [internal function]: Illuminate\\Support\\Collection->{closure:Illuminate\\Support\\Traits\\EnumeratesValues::toArray():978}()
#11 /var/www/html/vendor/laravel/framework/src/Illuminate/Collections/Arr.php(841): array_map()
#12 /var/www/html/vendor/laravel/framework/src/Illuminate/Collections/Collection.php(815): Illuminate\\Support\\Arr::map()
#13 /var/www/html/vendor/laravel/framework/src/Illuminate/Database/Eloquent/Collection.php(421): Illuminate\\Support\\Collection->map()
#14 /var/www/html/vendor/laravel/framework/src/Illuminate/Collections/Traits/EnumeratesValues.php(978): Illuminate\\Database\\Eloquent\\Collection->map()
#15 /var/www/html/vendor/inertiajs/inertia-laravel/src/PropsResolver.php(429): Illuminate\\Support\\Collection->toArray()
#16 /var/www/html/vendor/inertiajs/inertia-laravel/src/PropsResolver.php(262): Inertia\\PropsResolver->resolveValue()
#17 /var/www/html/vendor/inertiajs/inertia-laravel/src/PropsResolver.php(158): Inertia\\PropsResolver->resolveProps()
#18 /var/www/html/vendor/inertiajs/inertia-laravel/src/Response.php(189): Inertia\\PropsResolver->resolve()
#19 /var/www/html/vendor/laravel/framework/src/Illuminate/Routing/Router.php(921): Inertia\\Response->toResponse()
#20 /var/www/html/vendor/laravel/framework/src/Illuminate/Routing/Router.php(906): Illuminate\\Routing\\Router::toResponse()
#21 /var/www/html/vendor/laravel/framework/src/Illuminate/Routing/Router.php(821): Illuminate\\Routing\\Router->prepareResponse()
#22 /var/www/html/vendor/laravel/framework/src/Illuminate/Pipeline/Pipeline.php(180): Illuminate\\Routing\\Router->{closure:Illuminate\\Routing\\Router::runRouteWithinStack():821}()
#23 /var/www/html/vendor/spatie/laravel-permission/src/Middleware/PermissionMiddleware.php(41): Illuminate\\Pipeline\\Pipeline->{closure:Illuminate\\Pipeline\\Pipeline::prepareDestination():178}()
#24 /var/www/html/vendor/laravel/framework/src/Illuminate/Pipeline/Pipeline.php(219): Spatie\\Permission\\Middleware\\PermissionMiddleware->handle()
#25 /var/www/html/vendor/laravel/framework/src/Illuminate/Auth/Middleware/EnsureEmailIsVerified.php(41): Illuminate\\Pipeline\\Pipeline->{closure:{closure:Illuminate\\Pipeline\\Pipeline::carry():194}:195}()
#26 /var/www/html/vendor/laravel/framework/src/Illuminate/Pipeline/Pipeline.php(219): Illuminate\\Auth\\Middleware\\EnsureEmailIsVerified->handle()
#27 /var/www/html/vendor/laravel/framework/src/Illuminate/Http/Middleware/AddLinkHeadersForPreloadedAssets.php(32): Illuminate\\Pipeline\\Pipeline->{closure:{closure:Illuminate\\Pipeline\\Pipeline::carry():194}:195}()
#28 /var/www/html/vendor/laravel/framework/src/Illuminate/Pipeline/Pipeline.php(219): Illuminate\\Http\\Middleware\\AddLinkHeadersForPreloadedAssets->handle()
#29 /var/www/html/vendor/inertiajs/inertia-laravel/src/Middleware.php(138): Illuminate\\Pipeline\\Pipeline->{closure:{closure:Illuminate\\Pipeline\\Pipeline::carry():194}:195}()
#30 /var/www/html/vendor/laravel/framework/src/Illuminate/Pipeline/Pipeline.php(219): Inertia\\Middleware->handle()
#31 /var/www/html/app/Http/Middleware/HandleAppearance.php(21): Illuminate\\Pipeline\\Pipeline->{closure:{closure:Illuminate\\Pipeline\\Pipeline::carry():194}:195}()
#32 /var/www/html/vendor/laravel/framework/src/Illuminate/Pipeline/Pipeline.php(219): App\\Http\\Middleware\\HandleAppearance->handle()
#33 /var/www/html/vendor/laravel/framework/src/Illuminate/Routing/Middleware/SubstituteBindings.php(52): Illuminate\\Pipeline\\Pipeline->{closure:{closure:Illuminate\\Pipeline\\Pipeline::carry():194}:195}()
#34 /var/www/html/vendor/laravel/framework/src/Illuminate/Pipeline/Pipeline.php(219): Illuminate\\Routing\\Middleware\\SubstituteBindings->handle()
#35 /var/www/html/vendor/laravel/framework/src/Illuminate/Auth/Middleware/Authenticate.php(63): Illuminate\\Pipeline\\Pipeline->{closure:{closure:Illuminate\\Pipeline\\Pipeline::carry():194}:195}()
#36 /var/www/html/vendor/laravel/framework/src/Illuminate/Pipeline/Pipeline.php(219): Illuminate\\Auth\\Middleware\\Authenticate->handle()
#37 /var/www/html/vendor/laravel/framework/src/Illuminate/Foundation/Http/Middleware/PreventRequestForgery.php(104): Illuminate\\Pipeline\\Pipeline->{closure:{closure:Illuminate\\Pipeline\\Pipeline::carry():194}:195}()
#38 /var/www/html/vendor/laravel/framework/src/Illuminate/Pipeline/Pipeline.php(219): Illuminate\\Foundation\\Http\\Middleware\\PreventRequestForgery->handle()
#39 /var/www/html/vendor/laravel/framework/src/Illuminate/View/Middleware/ShareErrorsFromSession.php(48): Illuminate\\Pipeline\\Pipeline->{closure:{closure:Illuminate\\Pipeline\\Pipeline::carry():194}:195}()
#40 /var/www/html/vendor/laravel/framework/src/Illuminate/Pipeline/Pipeline.php(219): Illuminate\\View\\Middleware\\ShareErrorsFromSession->handle()
#41 /var/www/html/vendor/laravel/framework/src/Illuminate/Session/Middleware/StartSession.php(120): Illuminate\\Pipeline\\Pipeline->{closure:{closure:Illuminate\\Pipeline\\Pipeline::carry():194}:195}()
#42 /var/www/html/vendor/laravel/framework/src/Illuminate/Session/Middleware/StartSession.php(63): Illuminate\\Session\\Middleware\\StartSession->handleStatefulRequest()
#43 /var/www/html/vendor/laravel/framework/src/Illuminate/Pipeline/Pipeline.php(219): Illuminate\\Session\\Middleware\\StartSession->handle()
#44 /var/www/html/vendor/laravel/framework/src/Illuminate/Cookie/Middleware/AddQueuedCookiesToResponse.php(36): Illuminate\\Pipeline\\Pipeline->{closure:{closure:Illuminate\\Pipeline\\Pipeline::carry():194}:195}()
#45 /var/www/html/vendor/laravel/framework/src/Illuminate/Pipeline/Pipeline.php(219): Illuminate\\Cookie\\Middleware\\AddQueuedCookiesToResponse->handle()
#46 /var/www/html/vendor/laravel/framework/src/Illuminate/Cookie/Middleware/EncryptCookies.php(74): Illuminate\\Pipeline\\Pipeline->{closure:{closure:Illuminate\\Pipeline\\Pipeline::carry():194}:195}()
#47 /var/www/html/vendor/laravel/framework/src/Illuminate/Pipeline/Pipeline.php(219): Illuminate\\Cookie\\Middleware\\EncryptCookies->handle()
#48 /var/www/html/vendor/laravel/framework/src/Illuminate/Pipeline/Pipeline.php(137): Illuminate\\Pipeline\\Pipeline->{closure:{closure:Illuminate\\Pipeline\\Pipeline::carry():194}:195}()
#49 /var/www/html/vendor/laravel/framework/src/Illuminate/Routing/Router.php(821): Illuminate\\Pipeline\\Pipeline->then()
#50 /var/www/html/vendor/laravel/framework/src/Illuminate/Routing/Router.php(800): Illuminate\\Routing\\Router->runRouteWithinStack()
#51 /var/www/html/vendor/laravel/framework/src/Illuminate/Routing/Router.php(764): Illuminate\\Routing\\Router->runRoute()
#52 /var/www/html/vendor/laravel/framework/src/Illuminate/Routing/Router.php(753): Illuminate\\Routing\\Router->dispatchToRoute()
#53 /var/www/html/vendor/laravel/framework/src/Illuminate/Foundation/Http/Kernel.php(200): Illuminate\\Routing\\Router->dispatch()
#54 /var/www/html/vendor/laravel/framework/src/Illuminate/Pipeline/Pipeline.php(180): Illuminate\\Foundation\\Http\\Kernel->{closure:Illuminate\\Foundation\\Http\\Kernel::dispatchToRouter():197}()
#55 /var/www/html/vendor/laravel/framework/src/Illuminate/Foundation/Http/Middleware/TransformsRequest.php(21): Illuminate\\Pipeline\\Pipeline->{closure:Illuminate\\Pipeline\\Pipeline::prepareDestination():178}()
#56 /var/www/html/vendor/laravel/framework/src/Illuminate/Foundation/Http/Middleware/ConvertEmptyStringsToNull.php(31): Illuminate\\Foundation\\Http\\Middleware\\TransformsRequest->handle()
#57 /var/www/html/vendor/laravel/framework/src/Illuminate/Pipeline/Pipeline.php(219): Illuminate\\Foundation\\Http\\Middleware\\ConvertEmptyStringsToNull->handle()
#58 /var/www/html/vendor/laravel/framework/src/Illuminate/Foundation/Http/Middleware/TransformsRequest.php(21): Illuminate\\Pipeline\\Pipeline->{closure:{closure:Illuminate\\Pipeline\\Pipeline::carry():194}:195}()
#59 /var/www/html/vendor/laravel/framework/src/Illuminate/Foundation/Http/Middleware/TrimStrings.php(51): Illuminate\\Foundation\\Http\\Middleware\\TransformsRequest->handle()
#60 /var/www/html/vendor/laravel/framework/src/Illuminate/Pipeline/Pipeline.php(219): Illuminate\\Foundation\\Http\\Middleware\\TrimStrings->handle()
#61 /var/www/html/vendor/laravel/framework/src/Illuminate/Http/Middleware/ValidatePostSize.php(27): Illuminate\\Pipeline\\Pipeline->{closure:{closure:Illuminate\\Pipeline\\Pipeline::carry():194}:195}()
#62 /var/www/html/vendor/laravel/framework/src/Illuminate/Pipeline/Pipeline.php(219): Illuminate\\Http\\Middleware\\ValidatePostSize->handle()
#63 /var/www/html/vendor/laravel/framework/src/Illuminate/Foundation/Http/Middleware/PreventRequestsDuringMaintenance.php(109): Illuminate\\Pipeline\\Pipeline->{closure:{closure:Illuminate\\Pipeline\\Pipeline::carry():194}:195}()
#64 /var/www/html/vendor/laravel/framework/src/Illuminate/Pipeline/Pipeline.php(219): Illuminate\\Foundation\\Http\\Middleware\\PreventRequestsDuringMaintenance->handle()
#65 /var/www/html/vendor/laravel/framework/src/Illuminate/Http/Middleware/HandleCors.php(61): Illuminate\\Pipeline\\Pipeline->{closure:{closure:Illuminate\\Pipeline\\Pipeline::carry():194}:195}()
#66 /var/www/html/vendor/laravel/framework/src/Illuminate/Pipeline/Pipeline.php(219): Illuminate\\Http\\Middleware\\HandleCors->handle()
#67 /var/www/html/vendor/laravel/framework/src/Illuminate/Http/Middleware/TrustProxies.php(58): Illuminate\\Pipeline\\Pipeline->{closure:{closure:Illuminate\\Pipeline\\Pipeline::carry():194}:195}()
#68 /var/www/html/vendor/laravel/framework/src/Illuminate/Pipeline/Pipeline.php(219): Illuminate\\Http\\Middleware\\TrustProxies->handle()
#69 /var/www/html/vendor/laravel/framework/src/Illuminate/Foundation/Http/Middleware/InvokeDeferredCallbacks.php(22): Illuminate\\Pipeline\\Pipeline->{closure:{closure:Illuminate\\Pipeline\\Pipeline::carry():194}:195}()
#70 /var/www/html/vendor/laravel/framework/src/Illuminate/Pipeline/Pipeline.php(219): Illuminate\\Foundation\\Http\\Middleware\\InvokeDeferredCallbacks->handle()
#71 /var/www/html/vendor/laravel/framework/src/Illuminate/Http/Middleware/ValidatePathEncoding.php(28): Illuminate\\Pipeline\\Pipeline->{closure:{closure:Illuminate\\Pipeline\\Pipeline::carry():194}:195}()
#72 /var/www/html/vendor/laravel/framework/src/Illuminate/Pipeline/Pipeline.php(219): Illuminate\\Http\\Middleware\\ValidatePathEncoding->handle()
#73 /var/www/html/vendor/laravel/framework/src/Illuminate/Pipeline/Pipeline.php(137): Illuminate\\Pipeline\\Pipeline->{closure:{closure:Illuminate\\Pipeline\\Pipeline::carry():194}:195}()
#74 /var/www/html/vendor/laravel/framework/src/Illuminate/Foundation/Http/Kernel.php(175): Illuminate\\Pipeline\\Pipeline->then()
#75 /var/www/html/vendor/laravel/framework/src/Illuminate/Foundation/Http/Kernel.php(144): Illuminate\\Foundation\\Http\\Kernel->sendRequestThroughRouter()
#76 /var/www/html/vendor/laravel/framework/src/Illuminate/Foundation/Application.php(1220): Illuminate\\Foundation\\Http\\Kernel->handle()
#77 /var/www/html/public/index.php(20): Illuminate\\Foundation\\Application->handleRequest()
#78 /var/www/html/vendor/laravel/framework/src/Illuminate/Foundation/resources/server.php(23): require_once('...')
#79 {main}
"} 
[2026-08-08 07:30:14] local.ERROR: Undefined array key "avatar" {"userId":1,"exception":"[object] (ErrorException(code: 0): Undefined array key \"avatar\" at /var/www/html/app/Models/User.php:34)
[stacktrace]
#0 /var/www/html/vendor/laravel/framework/src/Illuminate/Foundation/Bootstrap/HandleExceptions.php(258): Illuminate\\Foundation\\Bootstrap\\HandleExceptions->handleError()
#1 /var/www/html/app/Models/User.php(34): Illuminate\\Foundation\\Bootstrap\\HandleExceptions->{closure:Illuminate\\Foundation\\Bootstrap\\HandleExceptions::forwardsTo():257}()
#2 /var/www/html/vendor/laravel/framework/src/Illuminate/Database/Eloquent/Concerns/HasAttributes.php(733): App\\Models\\User->getAvatarUrlAttribute()
#3 /var/www/html/vendor/laravel/framework/src/Illuminate/Database/Eloquent/Concerns/HasAttributes.php(785): Illuminate\\Database\\Eloquent\\Model->mutateAttribute()
#4 /var/www/html/vendor/laravel/framework/src/Illuminate/Database/Eloquent/Concerns/HasAttributes.php(251): Illuminate\\Database\\Eloquent\\Model->mutateAttributeForArray()
#5 /var/www/html/vendor/laravel/framework/src/Illuminate/Database/Eloquent/Model.php(1925): Illuminate\\Database\\Eloquent\\Model->attributesToArray()
#6 [internal function]: Illuminate\\Database\\Eloquent\\Model->{closure:Illuminate\\Database\\Eloquent\\Model::toArray():1925}()
#7 /var/www/html/vendor/laravel/framework/src/Illuminate/Database/Eloquent/Concerns/PreventsCircularRecursion.php(46): call_user_func()
#8 /var/www/html/vendor/laravel/framework/src/Illuminate/Database/Eloquent/Model.php(1924): Illuminate\\Database\\Eloquent\\Model->withoutRecursion()
#9 /var/www/html/vendor/laravel/framework/src/Illuminate/Collections/Traits/EnumeratesValues.php(978): Illuminate\\Database\\Eloquent\\Model->toArray()
#10 [internal function]: Illuminate\\Support\\Collection->{closure:Illuminate\\Support\\Traits\\EnumeratesValues::toArray():978}()
#11 /var/www/html/vendor/laravel/framework/src/Illuminate/Collections/Arr.php(841): array_map()
#12 /var/www/html/vendor/laravel/framework/src/Illuminate/Collections/Collection.php(815): Illuminate\\Support\\Arr::map()
#13 /var/www/html/vendor/laravel/framework/src/Illuminate/Database/Eloquent/Collection.php(421): Illuminate\\Support\\Collection->map()
#14 /var/www/html/vendor/laravel/framework/src/Illuminate/Collections/Traits/EnumeratesValues.php(978): Illuminate\\Database\\Eloquent\\Collection->map()
#15 /var/www/html/vendor/inertiajs/inertia-laravel/src/PropsResolver.php(429): Illuminate\\Support\\Collection->toArray()
#16 /var/www/html/vendor/inertiajs/inertia-laravel/src/PropsResolver.php(262): Inertia\\PropsResolver->resolveValue()
#17 /var/www/html/vendor/inertiajs/inertia-laravel/src/PropsResolver.php(158): Inertia\\PropsResolver->resolveProps()
#18 /var/www/html/vendor/inertiajs/inertia-laravel/src/Response.php(189): Inertia\\PropsResolver->resolve()
#19 /var/www/html/vendor/laravel/framework/src/Illuminate/Routing/Router.php(921): Inertia\\Response->toResponse()
#20 /var/www/html/vendor/laravel/framework/src/Illuminate/Routing/Router.php(906): Illuminate\\Routing\\Router::toResponse()
#21 /var/www/html/vendor/laravel/framework/src/Illuminate/Routing/Router.php(821): Illuminate\\Routing\\Router->prepareResponse()
#22 /var/www/html/vendor/laravel/framework/src/Illuminate/Pipeline/Pipeline.php(180): Illuminate\\Routing\\Router->{closure:Illuminate\\Routing\\Router::runRouteWithinStack():821}()
#23 /var/www/html/vendor/spatie/laravel-permission/src/Middleware/PermissionMiddleware.php(41): Illuminate\\Pipeline\\Pipeline->{closure:Illuminate\\Pipeline\\Pipeline::prepareDestination():178}()
#24 /var/www/html/vendor/laravel/framework/src/Illuminate/Pipeline/Pipeline.php(219): Spatie\\Permission\\Middleware\\PermissionMiddleware->handle()
#25 /var/www/html/vendor/laravel/framework/src/Illuminate/Auth/Middleware/EnsureEmailIsVerified.php(41): Illuminate\\Pipeline\\Pipeline->{closure:{closure:Illuminate\\Pipeline\\Pipeline::carry():194}:195}()
#26 /var/www/html/vendor/laravel/framework/src/Illuminate/Pipeline/Pipeline.php(219): Illuminate\\Auth\\Middleware\\EnsureEmailIsVerified->handle()
#27 /var/www/html/vendor/laravel/framework/src/Illuminate/Http/Middleware/AddLinkHeadersForPreloadedAssets.php(32): Illuminate\\Pipeline\\Pipeline->{closure:{closure:Illuminate\\Pipeline\\Pipeline::carry():194}:195}()
#28 /var/www/html/vendor/laravel/framework/src/Illuminate/Pipeline/Pipeline.php(219): Illuminate\\Http\\Middleware\\AddLinkHeadersForPreloadedAssets->handle()
#29 /var/www/html/vendor/inertiajs/inertia-laravel/src/Middleware.php(138): Illuminate\\Pipeline\\Pipeline->{closure:{closure:Illuminate\\Pipeline\\Pipeline::carry():194}:195}()
#30 /var/www/html/vendor/laravel/framework/src/Illuminate/Pipeline/Pipeline.php(219): Inertia\\Middleware->handle()
#31 /var/www/html/app/Http/Middleware/HandleAppearance.php(21): Illuminate\\Pipeline\\Pipeline->{closure:{closure:Illuminate\\Pipeline\\Pipeline::carry():194}:195}()
#32 /var/www/html/vendor/laravel/framework/src/Illuminate/Pipeline/Pipeline.php(219): App\\Http\\Middleware\\HandleAppearance->handle()
#33 /var/www/html/vendor/laravel/framework/src/Illuminate/Routing/Middleware/SubstituteBindings.php(52): Illuminate\\Pipeline\\Pipeline->{closure:{closure:Illuminate\\Pipeline\\Pipeline::carry():194}:195}()
#34 /var/www/html/vendor/laravel/framework/src/Illuminate/Pipeline/Pipeline.php(219): Illuminate\\Routing\\Middleware\\SubstituteBindings->handle()
#35 /var/www/html/vendor/laravel/framework/src/Illuminate/Auth/Middleware/Authenticate.php(63): Illuminate\\Pipeline\\Pipeline->{closure:{closure:Illuminate\\Pipeline\\Pipeline::carry():194}:195}()
#36 /var/www/html/vendor/laravel/framework/src/Illuminate/Pipeline/Pipeline.php(219): Illuminate\\Auth\\Middleware\\Authenticate->handle()
#37 /var/www/html/vendor/laravel/framework/src/Illuminate/Foundation/Http/Middleware/PreventRequestForgery.php(104): Illuminate\\Pipeline\\Pipeline->{closure:{closure:Illuminate\\Pipeline\\Pipeline::carry():194}:195}()
#38 /var/www/html/vendor/laravel/framework/src/Illuminate/Pipeline/Pipeline.php(219): Illuminate\\Foundation\\Http\\Middleware\\PreventRequestForgery->handle()
#39 /var/www/html/vendor/laravel/framework/src/Illuminate/View/Middleware/ShareErrorsFromSession.php(48): Illuminate\\Pipeline\\Pipeline->{closure:{closure:Illuminate\\Pipeline\\Pipeline::carry():194}:195}()
#40 /var/www/html/vendor/laravel/framework/src/Illuminate/Pipeline/Pipeline.php(219): Illuminate\\View\\Middleware\\ShareErrorsFromSession->handle()
#41 /var/www/html/vendor/laravel/framework/src/Illuminate/Session/Middleware/StartSession.php(120): Illuminate\\Pipeline\\Pipeline->{closure:{closure:Illuminate\\Pipeline\\Pipeline::carry():194}:195}()
#42 /var/www/html/vendor/laravel/framework/src/Illuminate/Session/Middleware/StartSession.php(63): Illuminate\\Session\\Middleware\\StartSession->handleStatefulRequest()
#43 /var/www/html/vendor/laravel/framework/src/Illuminate/Pipeline/Pipeline.php(219): Illuminate\\Session\\Middleware\\StartSession->handle()
#44 /var/www/html/vendor/laravel/framework/src/Illuminate/Cookie/Middleware/AddQueuedCookiesToResponse.php(36): Illuminate\\Pipeline\\Pipeline->{closure:{closure:Illuminate\\Pipeline\\Pipeline::carry():194}:195}()
#45 /var/www/html/vendor/laravel/framework/src/Illuminate/Pipeline/Pipeline.php(219): Illuminate\\Cookie\\Middleware\\AddQueuedCookiesToResponse->handle()
#46 /var/www/html/vendor/laravel/framework/src/Illuminate/Cookie/Middleware/EncryptCookies.php(74): Illuminate\\Pipeline\\Pipeline->{closure:{closure:Illuminate\\Pipeline\\Pipeline::carry():194}:195}()
#47 /var/www/html/vendor/laravel/framework/src/Illuminate/Pipeline/Pipeline.php(219): Illuminate\\Cookie\\Middleware\\EncryptCookies->handle()
#48 /var/www/html/vendor/laravel/framework/src/Illuminate/Pipeline/Pipeline.php(137): Illuminate\\Pipeline\\Pipeline->{closure:{closure:Illuminate\\Pipeline\\Pipeline::carry():194}:195}()
#49 /var/www/html/vendor/laravel/framework/src/Illuminate/Routing/Router.php(821): Illuminate\\Pipeline\\Pipeline->then()
#50 /var/www/html/vendor/laravel/framework/src/Illuminate/Routing/Router.php(800): Illuminate\\Routing\\Router->runRouteWithinStack()
#51 /var/www/html/vendor/laravel/framework/src/Illuminate/Routing/Router.php(764): Illuminate\\Routing\\Router->runRoute()
#52 /var/www/html/vendor/laravel/framework/src/Illuminate/Routing/Router.php(753): Illuminate\\Routing\\Router->dispatchToRoute()
#53 /var/www/html/vendor/laravel/framework/src/Illuminate/Foundation/Http/Kernel.php(200): Illuminate\\Routing\\Router->dispatch()
#54 /var/www/html/vendor/laravel/framework/src/Illuminate/Pipeline/Pipeline.php(180): Illuminate\\Foundation\\Http\\Kernel->{closure:Illuminate\\Foundation\\Http\\Kernel::dispatchToRouter():197}()
#55 /var/www/html/vendor/laravel/framework/src/Illuminate/Foundation/Http/Middleware/TransformsRequest.php(21): Illuminate\\Pipeline\\Pipeline->{closure:Illuminate\\Pipeline\\Pipeline::prepareDestination():178}()
#56 /var/www/html/vendor/laravel/framework/src/Illuminate/Foundation/Http/Middleware/ConvertEmptyStringsToNull.php(31): Illuminate\\Foundation\\Http\\Middleware\\TransformsRequest->handle()
#57 /var/www/html/vendor/laravel/framework/src/Illuminate/Pipeline/Pipeline.php(219): Illuminate\\Foundation\\Http\\Middleware\\ConvertEmptyStringsToNull->handle()
#58 /var/www/html/vendor/laravel/framework/src/Illuminate/Foundation/Http/Middleware/TransformsRequest.php(21): Illuminate\\Pipeline\\Pipeline->{closure:{closure:Illuminate\\Pipeline\\Pipeline::carry():194}:195}()
#59 /var/www/html/vendor/laravel/framework/src/Illuminate/Foundation/Http/Middleware/TrimStrings.php(51): Illuminate\\Foundation\\Http\\Middleware\\TransformsRequest->handle()
#60 /var/www/html/vendor/laravel/framework/src/Illuminate/Pipeline/Pipeline.php(219): Illuminate\\Foundation\\Http\\Middleware\\TrimStrings->handle()
#61 /var/www/html/vendor/laravel/framework/src/Illuminate/Http/Middleware/ValidatePostSize.php(27): Illuminate\\Pipeline\\Pipeline->{closure:{closure:Illuminate\\Pipeline\\Pipeline::carry():194}:195}()
#62 /var/www/html/vendor/laravel/framework/src/Illuminate/Pipeline/Pipeline.php(219): Illuminate\\Http\\Middleware\\ValidatePostSize->handle()
#63 /var/www/html/vendor/laravel/framework/src/Illuminate/Foundation/Http/Middleware/PreventRequestsDuringMaintenance.php(109): Illuminate\\Pipeline\\Pipeline->{closure:{closure:Illuminate\\Pipeline\\Pipeline::carry():194}:195}()
#64 /var/www/html/vendor/laravel/framework/src/Illuminate/Pipeline/Pipeline.php(219): Illuminate\\Foundation\\Http\\Middleware\\PreventRequestsDuringMaintenance->handle()
#65 /var/www/html/vendor/laravel/framework/src/Illuminate/Http/Middleware/HandleCors.php(61): Illuminate\\Pipeline\\Pipeline->{closure:{closure:Illuminate\\Pipeline\\Pipeline::carry():194}:195}()
#66 /var/www/html/vendor/laravel/framework/src/Illuminate/Pipeline/Pipeline.php(219): Illuminate\\Http\\Middleware\\HandleCors->handle()
#67 /var/www/html/vendor/laravel/framework/src/Illuminate/Http/Middleware/TrustProxies.php(58): Illuminate\\Pipeline\\Pipeline->{closure:{closure:Illuminate\\Pipeline\\Pipeline::carry():194}:195}()
#68 /var/www/html/vendor/laravel/framework/src/Illuminate/Pipeline/Pipeline.php(219): Illuminate\\Http\\Middleware\\TrustProxies->handle()
#69 /var/www/html/vendor/laravel/framework/src/Illuminate/Foundation/Http/Middleware/InvokeDeferredCallbacks.php(22): Illuminate\\Pipeline\\Pipeline->{closure:{closure:Illuminate\\Pipeline\\Pipeline::carry():194}:195}()
#70 /var/www/html/vendor/laravel/framework/src/Illuminate/Pipeline/Pipeline.php(219): Illuminate\\Foundation\\Http\\Middleware\\InvokeDeferredCallbacks->handle()
#71 /var/www/html/vendor/laravel/framework/src/Illuminate/Http/Middleware/ValidatePathEncoding.php(28): Illuminate\\Pipeline\\Pipeline->{closure:{closure:Illuminate\\Pipeline\\Pipeline::carry():194}:195}()
#72 /var/www/html/vendor/laravel/framework/src/Illuminate/Pipeline/Pipeline.php(219): Illuminate\\Http\\Middleware\\ValidatePathEncoding->handle()
#73 /var/www/html/vendor/laravel/framework/src/Illuminate/Pipeline/Pipeline.php(137): Illuminate\\Pipeline\\Pipeline->{closure:{closure:Illuminate\\Pipeline\\Pipeline::carry():194}:195}()
#74 /var/www/html/vendor/laravel/framework/src/Illuminate/Foundation/Http/Kernel.php(175): Illuminate\\Pipeline\\Pipeline->then()
#75 /var/www/html/vendor/laravel/framework/src/Illuminate/Foundation/Http/Kernel.php(144): Illuminate\\Foundation\\Http\\Kernel->sendRequestThroughRouter()
#76 /var/www/html/vendor/laravel/framework/src/Illuminate/Foundation/Application.php(1220): Illuminate\\Foundation\\Http\\Kernel->handle()
#77 /var/www/html/public/index.php(20): Illuminate\\Foundation\\Application->handleRequest()
#78 /var/www/html/vendor/laravel/framework/src/Illuminate/Foundation/resources/server.php(23): require_once('...')
#79 {main}
"} 
[2026-08-08 07:32:41] local.ERROR: Undefined array key "avatar" {"userId":1,"exception":"[object] (ErrorException(code: 0): Undefined array key \"avatar\" at /var/www/html/app/Models/User.php:34)
[stacktrace]
#0 /var/www/html/vendor/laravel/framework/src/Illuminate/Foundation/Bootstrap/HandleExceptions.php(258): Illuminate\\Foundation\\Bootstrap\\HandleExceptions->handleError()
#1 /var/www/html/app/Models/User.php(34): Illuminate\\Foundation\\Bootstrap\\HandleExceptions->{closure:Illuminate\\Foundation\\Bootstrap\\HandleExceptions::forwardsTo():257}()
#2 /var/www/html/vendor/laravel/framework/src/Illuminate/Database/Eloquent/Concerns/HasAttributes.php(733): App\\Models\\User->getAvatarUrlAttribute()
#3 /var/www/html/vendor/laravel/framework/src/Illuminate/Database/Eloquent/Concerns/HasAttributes.php(785): Illuminate\\Database\\Eloquent\\Model->mutateAttribute()
#4 /var/www/html/vendor/laravel/framework/src/Illuminate/Database/Eloquent/Concerns/HasAttributes.php(251): Illuminate\\Database\\Eloquent\\Model->mutateAttributeForArray()
#5 /var/www/html/vendor/laravel/framework/src/Illuminate/Database/Eloquent/Model.php(1925): Illuminate\\Database\\Eloquent\\Model->attributesToArray()
#6 [internal function]: Illuminate\\Database\\Eloquent\\Model->{closure:Illuminate\\Database\\Eloquent\\Model::toArray():1925}()
#7 /var/www/html/vendor/laravel/framework/src/Illuminate/Database/Eloquent/Concerns/PreventsCircularRecursion.php(46): call_user_func()
#8 /var/www/html/vendor/laravel/framework/src/Illuminate/Database/Eloquent/Model.php(1924): Illuminate\\Database\\Eloquent\\Model->withoutRecursion()
#9 /var/www/html/vendor/laravel/framework/src/Illuminate/Collections/Traits/EnumeratesValues.php(978): Illuminate\\Database\\Eloquent\\Model->toArray()
#10 [internal function]: Illuminate\\Support\\Collection->{closure:Illuminate\\Support\\Traits\\EnumeratesValues::toArray():978}()
#11 /var/www/html/vendor/laravel/framework/src/Illuminate/Collections/Arr.php(841): array_map()
#12 /var/www/html/vendor/laravel/framework/src/Illuminate/Collections/Collection.php(815): Illuminate\\Support\\Arr::map()
#13 /var/www/html/vendor/laravel/framework/src/Illuminate/Database/Eloquent/Collection.php(421): Illuminate\\Support\\Collection->map()
#14 /var/www/html/vendor/laravel/framework/src/Illuminate/Collections/Traits/EnumeratesValues.php(978): Illuminate\\Database\\Eloquent\\Collection->map()
#15 /var/www/html/vendor/inertiajs/inertia-laravel/src/PropsResolver.php(429): Illuminate\\Support\\Collection->toArray()
#16 /var/www/html/vendor/inertiajs/inertia-laravel/src/PropsResolver.php(262): Inertia\\PropsResolver->resolveValue()
#17 /var/www/html/vendor/inertiajs/inertia-laravel/src/PropsResolver.php(158): Inertia\\PropsResolver->resolveProps()
#18 /var/www/html/vendor/inertiajs/inertia-laravel/src/Response.php(189): Inertia\\PropsResolver->resolve()
#19 /var/www/html/vendor/laravel/framework/src/Illuminate/Routing/Router.php(921): Inertia\\Response->toResponse()
#20 /var/www/html/vendor/laravel/framework/src/Illuminate/Routing/Router.php(906): Illuminate\\Routing\\Router::toResponse()
#21 /var/www/html/vendor/laravel/framework/src/Illuminate/Routing/Router.php(821): Illuminate\\Routing\\Router->prepareResponse()
#22 /var/www/html/vendor/laravel/framework/src/Illuminate/Pipeline/Pipeline.php(180): Illuminate\\Routing\\Router->{closure:Illuminate\\Routing\\Router::runRouteWithinStack():821}()
#23 /var/www/html/vendor/spatie/laravel-permission/src/Middleware/PermissionMiddleware.php(41): Illuminate\\Pipeline\\Pipeline->{closure:Illuminate\\Pipeline\\Pipeline::prepareDestination():178}()
#24 /var/www/html/vendor/laravel/framework/src/Illuminate/Pipeline/Pipeline.php(219): Spatie\\Permission\\Middleware\\PermissionMiddleware->handle()
#25 /var/www/html/vendor/laravel/framework/src/Illuminate/Auth/Middleware/EnsureEmailIsVerified.php(41): Illuminate\\Pipeline\\Pipeline->{closure:{closure:Illuminate\\Pipeline\\Pipeline::carry():194}:195}()
#26 /var/www/html/vendor/laravel/framework/src/Illuminate/Pipeline/Pipeline.php(219): Illuminate\\Auth\\Middleware\\EnsureEmailIsVerified->handle()
#27 /var/www/html/vendor/laravel/framework/src/Illuminate/Http/Middleware/AddLinkHeadersForPreloadedAssets.php(32): Illuminate\\Pipeline\\Pipeline->{closure:{closure:Illuminate\\Pipeline\\Pipeline::carry():194}:195}()
#28 /var/www/html/vendor/laravel/framework/src/Illuminate/Pipeline/Pipeline.php(219): Illuminate\\Http\\Middleware\\AddLinkHeadersForPreloadedAssets->handle()
#29 /var/www/html/vendor/inertiajs/inertia-laravel/src/Middleware.php(138): Illuminate\\Pipeline\\Pipeline->{closure:{closure:Illuminate\\Pipeline\\Pipeline::carry():194}:195}()
#30 /var/www/html/vendor/laravel/framework/src/Illuminate/Pipeline/Pipeline.php(219): Inertia\\Middleware->handle()
#31 /var/www/html/app/Http/Middleware/HandleAppearance.php(21): Illuminate\\Pipeline\\Pipeline->{closure:{closure:Illuminate\\Pipeline\\Pipeline::carry():194}:195}()
#32 /var/www/html/vendor/laravel/framework/src/Illuminate/Pipeline/Pipeline.php(219): App\\Http\\Middleware\\HandleAppearance->handle()
#33 /var/www/html/vendor/laravel/framework/src/Illuminate/Routing/Middleware/SubstituteBindings.php(52): Illuminate\\Pipeline\\Pipeline->{closure:{closure:Illuminate\\Pipeline\\Pipeline::carry():194}:195}()
#34 /var/www/html/vendor/laravel/framework/src/Illuminate/Pipeline/Pipeline.php(219): Illuminate\\Routing\\Middleware\\SubstituteBindings->handle()
#35 /var/www/html/vendor/laravel/framework/src/Illuminate/Auth/Middleware/Authenticate.php(63): Illuminate\\Pipeline\\Pipeline->{closure:{closure:Illuminate\\Pipeline\\Pipeline::carry():194}:195}()
#36 /var/www/html/vendor/laravel/framework/src/Illuminate/Pipeline/Pipeline.php(219): Illuminate\\Auth\\Middleware\\Authenticate->handle()
#37 /var/www/html/vendor/laravel/framework/src/Illuminate/Foundation/Http/Middleware/PreventRequestForgery.php(104): Illuminate\\Pipeline\\Pipeline->{closure:{closure:Illuminate\\Pipeline\\Pipeline::carry():194}:195}()
#38 /var/www/html/vendor/laravel/framework/src/Illuminate/Pipeline/Pipeline.php(219): Illuminate\\Foundation\\Http\\Middleware\\PreventRequestForgery->handle()
#39 /var/www/html/vendor/laravel/framework/src/Illuminate/View/Middleware/ShareErrorsFromSession.php(48): Illuminate\\Pipeline\\Pipeline->{closure:{closure:Illuminate\\Pipeline\\Pipeline::carry():194}:195}()
#40 /var/www/html/vendor/laravel/framework/src/Illuminate/Pipeline/Pipeline.php(219): Illuminate\\View\\Middleware\\ShareErrorsFromSession->handle()
#41 /var/www/html/vendor/laravel/framework/src/Illuminate/Session/Middleware/StartSession.php(120): Illuminate\\Pipeline\\Pipeline->{closure:{closure:Illuminate\\Pipeline\\Pipeline::carry():194}:195}()
#42 /var/www/html/vendor/laravel/framework/src/Illuminate/Session/Middleware/StartSession.php(63): Illuminate\\Session\\Middleware\\StartSession->handleStatefulRequest()
#43 /var/www/html/vendor/laravel/framework/src/Illuminate/Pipeline/Pipeline.php(219): Illuminate\\Session\\Middleware\\StartSession->handle()
#44 /var/www/html/vendor/laravel/framework/src/Illuminate/Cookie/Middleware/AddQueuedCookiesToResponse.php(36): Illuminate\\Pipeline\\Pipeline->{closure:{closure:Illuminate\\Pipeline\\Pipeline::carry():194}:195}()
#45 /var/www/html/vendor/laravel/framework/src/Illuminate/Pipeline/Pipeline.php(219): Illuminate\\Cookie\\Middleware\\AddQueuedCookiesToResponse->handle()
#46 /var/www/html/vendor/laravel/framework/src/Illuminate/Cookie/Middleware/EncryptCookies.php(74): Illuminate\\Pipeline\\Pipeline->{closure:{closure:Illuminate\\Pipeline\\Pipeline::carry():194}:195}()
#47 /var/www/html/vendor/laravel/framework/src/Illuminate/Pipeline/Pipeline.php(219): Illuminate\\Cookie\\Middleware\\EncryptCookies->handle()
#48 /var/www/html/vendor/laravel/framework/src/Illuminate/Pipeline/Pipeline.php(137): Illuminate\\Pipeline\\Pipeline->{closure:{closure:Illuminate\\Pipeline\\Pipeline::carry():194}:195}()
#49 /var/www/html/vendor/laravel/framework/src/Illuminate/Routing/Router.php(821): Illuminate\\Pipeline\\Pipeline->then()
#50 /var/www/html/vendor/laravel/framework/src/Illuminate/Routing/Router.php(800): Illuminate\\Routing\\Router->runRouteWithinStack()
#51 /var/www/html/vendor/laravel/framework/src/Illuminate/Routing/Router.php(764): Illuminate\\Routing\\Router->runRoute()
#52 /var/www/html/vendor/laravel/framework/src/Illuminate/Routing/Router.php(753): Illuminate\\Routing\\Router->dispatchToRoute()
#53 /var/www/html/vendor/laravel/framework/src/Illuminate/Foundation/Http/Kernel.php(200): Illuminate\\Routing\\Router->dispatch()
#54 /var/www/html/vendor/laravel/framework/src/Illuminate/Pipeline/Pipeline.php(180): Illuminate\\Foundation\\Http\\Kernel->{closure:Illuminate\\Foundation\\Http\\Kernel::dispatchToRouter():197}()
#55 /var/www/html/vendor/laravel/framework/src/Illuminate/Foundation/Http/Middleware/TransformsRequest.php(21): Illuminate\\Pipeline\\Pipeline->{closure:Illuminate\\Pipeline\\Pipeline::prepareDestination():178}()
#56 /var/www/html/vendor/laravel/framework/src/Illuminate/Foundation/Http/Middleware/ConvertEmptyStringsToNull.php(31): Illuminate\\Foundation\\Http\\Middleware\\TransformsRequest->handle()
#57 /var/www/html/vendor/laravel/framework/src/Illuminate/Pipeline/Pipeline.php(219): Illuminate\\Foundation\\Http\\Middleware\\ConvertEmptyStringsToNull->handle()
#58 /var/www/html/vendor/laravel/framework/src/Illuminate/Foundation/Http/Middleware/TransformsRequest.php(21): Illuminate\\Pipeline\\Pipeline->{closure:{closure:Illuminate\\Pipeline\\Pipeline::carry():194}:195}()
#59 /var/www/html/vendor/laravel/framework/src/Illuminate/Foundation/Http/Middleware/TrimStrings.php(51): Illuminate\\Foundation\\Http\\Middleware\\TransformsRequest->handle()
#60 /var/www/html/vendor/laravel/framework/src/Illuminate/Pipeline/Pipeline.php(219): Illuminate\\Foundation\\Http\\Middleware\\TrimStrings->handle()
#61 /var/www/html/vendor/laravel/framework/src/Illuminate/Http/Middleware/ValidatePostSize.php(27): Illuminate\\Pipeline\\Pipeline->{closure:{closure:Illuminate\\Pipeline\\Pipeline::carry():194}:195}()
#62 /var/www/html/vendor/laravel/framework/src/Illuminate/Pipeline/Pipeline.php(219): Illuminate\\Http\\Middleware\\ValidatePostSize->handle()
#63 /var/www/html/vendor/laravel/framework/src/Illuminate/Foundation/Http/Middleware/PreventRequestsDuringMaintenance.php(109): Illuminate\\Pipeline\\Pipeline->{closure:{closure:Illuminate\\Pipeline\\Pipeline::carry():194}:195}()
#64 /var/www/html/vendor/laravel/framework/src/Illuminate/Pipeline/Pipeline.php(219): Illuminate\\Foundation\\Http\\Middleware\\PreventRequestsDuringMaintenance->handle()
#65 /var/www/html/vendor/laravel/framework/src/Illuminate/Http/Middleware/HandleCors.php(61): Illuminate\\Pipeline\\Pipeline->{closure:{closure:Illuminate\\Pipeline\\Pipeline::carry():194}:195}()
#66 /var/www/html/vendor/laravel/framework/src/Illuminate/Pipeline/Pipeline.php(219): Illuminate\\Http\\Middleware\\HandleCors->handle()
#67 /var/www/html/vendor/laravel/framework/src/Illuminate/Http/Middleware/TrustProxies.php(58): Illuminate\\Pipeline\\Pipeline->{closure:{closure:Illuminate\\Pipeline\\Pipeline::carry():194}:195}()
#68 /var/www/html/vendor/laravel/framework/src/Illuminate/Pipeline/Pipeline.php(219): Illuminate\\Http\\Middleware\\TrustProxies->handle()
#69 /var/www/html/vendor/laravel/framework/src/Illuminate/Foundation/Http/Middleware/InvokeDeferredCallbacks.php(22): Illuminate\\Pipeline\\Pipeline->{closure:{closure:Illuminate\\Pipeline\\Pipeline::carry():194}:195}()
#70 /var/www/html/vendor/laravel/framework/src/Illuminate/Pipeline/Pipeline.php(219): Illuminate\\Foundation\\Http\\Middleware\\InvokeDeferredCallbacks->handle()
#71 /var/www/html/vendor/laravel/framework/src/Illuminate/Http/Middleware/ValidatePathEncoding.php(28): Illuminate\\Pipeline\\Pipeline->{closure:{closure:Illuminate\\Pipeline\\Pipeline::carry():194}:195}()
#72 /var/www/html/vendor/laravel/framework/src/Illuminate/Pipeline/Pipeline.php(219): Illuminate\\Http\\Middleware\\ValidatePathEncoding->handle()
#73 /var/www/html/vendor/laravel/framework/src/Illuminate/Pipeline/Pipeline.php(137): Illuminate\\Pipeline\\Pipeline->{closure:{closure:Illuminate\\Pipeline\\Pipeline::carry():194}:195}()
#74 /var/www/html/vendor/laravel/framework/src/Illuminate/Foundation/Http/Kernel.php(175): Illuminate\\Pipeline\\Pipeline->then()
#75 /var/www/html/vendor/laravel/framework/src/Illuminate/Foundation/Http/Kernel.php(144): Illuminate\\Foundation\\Http\\Kernel->sendRequestThroughRouter()
#76 /var/www/html/vendor/laravel/framework/src/Illuminate/Foundation/Application.php(1220): Illuminate\\Foundation\\Http\\Kernel->handle()
#77 /var/www/html/public/index.php(20): Illuminate\\Foundation\\Application->handleRequest()
#78 /var/www/html/vendor/laravel/framework/src/Illuminate/Foundation/resources/server.php(23): require_once('...')
#79 {main}
"} 
[2026-08-08 07:32:44] local.ERROR: Undefined array key "avatar" {"userId":1,"exception":"[object] (ErrorException(code: 0): Undefined array key \"avatar\" at /var/www/html/app/Models/User.php:34)
[stacktrace]
#0 /var/www/html/vendor/laravel/framework/src/Illuminate/Foundation/Bootstrap/HandleExceptions.php(258): Illuminate\\Foundation\\Bootstrap\\HandleExceptions->handleError()
#1 /var/www/html/app/Models/User.php(34): Illuminate\\Foundation\\Bootstrap\\HandleExceptions->{closure:Illuminate\\Foundation\\Bootstrap\\HandleExceptions::forwardsTo():257}()
#2 /var/www/html/vendor/laravel/framework/src/Illuminate/Database/Eloquent/Concerns/HasAttributes.php(733): App\\Models\\User->getAvatarUrlAttribute()
#3 /var/www/html/vendor/laravel/framework/src/Illuminate/Database/Eloquent/Concerns/HasAttributes.php(785): Illuminate\\Database\\Eloquent\\Model->mutateAttribute()
#4 /var/www/html/vendor/laravel/framework/src/Illuminate/Database/Eloquent/Concerns/HasAttributes.php(251): Illuminate\\Database\\Eloquent\\Model->mutateAttributeForArray()
#5 /var/www/html/vendor/laravel/framework/src/Illuminate/Database/Eloquent/Model.php(1925): Illuminate\\Database\\Eloquent\\Model->attributesToArray()
#6 [internal function]: Illuminate\\Database\\Eloquent\\Model->{closure:Illuminate\\Database\\Eloquent\\Model::toArray():1925}()
#7 /var/www/html/vendor/laravel/framework/src/Illuminate/Database/Eloquent/Concerns/PreventsCircularRecursion.php(46): call_user_func()
#8 /var/www/html/vendor/laravel/framework/src/Illuminate/Database/Eloquent/Model.php(1924): Illuminate\\Database\\Eloquent\\Model->withoutRecursion()
#9 /var/www/html/vendor/laravel/framework/src/Illuminate/Collections/Traits/EnumeratesValues.php(978): Illuminate\\Database\\Eloquent\\Model->toArray()
#10 [internal function]: Illuminate\\Support\\Collection->{closure:Illuminate\\Support\\Traits\\EnumeratesValues::toArray():978}()
#11 /var/www/html/vendor/laravel/framework/src/Illuminate/Collections/Arr.php(841): array_map()
#12 /var/www/html/vendor/laravel/framework/src/Illuminate/Collections/Collection.php(815): Illuminate\\Support\\Arr::map()
#13 /var/www/html/vendor/laravel/framework/src/Illuminate/Database/Eloquent/Collection.php(421): Illuminate\\Support\\Collection->map()
#14 /var/www/html/vendor/laravel/framework/src/Illuminate/Collections/Traits/EnumeratesValues.php(978): Illuminate\\Database\\Eloquent\\Collection->map()
#15 /var/www/html/vendor/inertiajs/inertia-laravel/src/PropsResolver.php(429): Illuminate\\Support\\Collection->toArray()
#16 /var/www/html/vendor/inertiajs/inertia-laravel/src/PropsResolver.php(262): Inertia\\PropsResolver->resolveValue()
#17 /var/www/html/vendor/inertiajs/inertia-laravel/src/PropsResolver.php(158): Inertia\\PropsResolver->resolveProps()
#18 /var/www/html/vendor/inertiajs/inertia-laravel/src/Response.php(189): Inertia\\PropsResolver->resolve()
#19 /var/www/html/vendor/laravel/framework/src/Illuminate/Routing/Router.php(921): Inertia\\Response->toResponse()
#20 /var/www/html/vendor/laravel/framework/src/Illuminate/Routing/Router.php(906): Illuminate\\Routing\\Router::toResponse()
#21 /var/www/html/vendor/laravel/framework/src/Illuminate/Routing/Router.php(821): Illuminate\\Routing\\Router->prepareResponse()
#22 /var/www/html/vendor/laravel/framework/src/Illuminate/Pipeline/Pipeline.php(180): Illuminate\\Routing\\Router->{closure:Illuminate\\Routing\\Router::runRouteWithinStack():821}()
#23 /var/www/html/vendor/spatie/laravel-permission/src/Middleware/PermissionMiddleware.php(41): Illuminate\\Pipeline\\Pipeline->{closure:Illuminate\\Pipeline\\Pipeline::prepareDestination():178}()
#24 /var/www/html/vendor/laravel/framework/src/Illuminate/Pipeline/Pipeline.php(219): Spatie\\Permission\\Middleware\\PermissionMiddleware->handle()
#25 /var/www/html/vendor/laravel/framework/src/Illuminate/Auth/Middleware/EnsureEmailIsVerified.php(41): Illuminate\\Pipeline\\Pipeline->{closure:{closure:Illuminate\\Pipeline\\Pipeline::carry():194}:195}()
#26 /var/www/html/vendor/laravel/framework/src/Illuminate/Pipeline/Pipeline.php(219): Illuminate\\Auth\\Middleware\\EnsureEmailIsVerified->handle()
#27 /var/www/html/vendor/laravel/framework/src/Illuminate/Http/Middleware/AddLinkHeadersForPreloadedAssets.php(32): Illuminate\\Pipeline\\Pipeline->{closure:{closure:Illuminate\\Pipeline\\Pipeline::carry():194}:195}()
#28 /var/www/html/vendor/laravel/framework/src/Illuminate/Pipeline/Pipeline.php(219): Illuminate\\Http\\Middleware\\AddLinkHeadersForPreloadedAssets->handle()
#29 /var/www/html/vendor/inertiajs/inertia-laravel/src/Middleware.php(138): Illuminate\\Pipeline\\Pipeline->{closure:{closure:Illuminate\\Pipeline\\Pipeline::carry():194}:195}()
#30 /var/www/html/vendor/laravel/framework/src/Illuminate/Pipeline/Pipeline.php(219): Inertia\\Middleware->handle()
#31 /var/www/html/app/Http/Middleware/HandleAppearance.php(21): Illuminate\\Pipeline\\Pipeline->{closure:{closure:Illuminate\\Pipeline\\Pipeline::carry():194}:195}()
#32 /var/www/html/vendor/laravel/framework/src/Illuminate/Pipeline/Pipeline.php(219): App\\Http\\Middleware\\HandleAppearance->handle()
#33 /var/www/html/vendor/laravel/framework/src/Illuminate/Routing/Middleware/SubstituteBindings.php(52): Illuminate\\Pipeline\\Pipeline->{closure:{closure:Illuminate\\Pipeline\\Pipeline::carry():194}:195}()
#34 /var/www/html/vendor/laravel/framework/src/Illuminate/Pipeline/Pipeline.php(219): Illuminate\\Routing\\Middleware\\SubstituteBindings->handle()
#35 /var/www/html/vendor/laravel/framework/src/Illuminate/Auth/Middleware/Authenticate.php(63): Illuminate\\Pipeline\\Pipeline->{closure:{closure:Illuminate\\Pipeline\\Pipeline::carry():194}:195}()
#36 /var/www/html/vendor/laravel/framework/src/Illuminate/Pipeline/Pipeline.php(219): Illuminate\\Auth\\Middleware\\Authenticate->handle()
#37 /var/www/html/vendor/laravel/framework/src/Illuminate/Foundation/Http/Middleware/PreventRequestForgery.php(104): Illuminate\\Pipeline\\Pipeline->{closure:{closure:Illuminate\\Pipeline\\Pipeline::carry():194}:195}()
#38 /var/www/html/vendor/laravel/framework/src/Illuminate/Pipeline/Pipeline.php(219): Illuminate\\Foundation\\Http\\Middleware\\PreventRequestForgery->handle()
#39 /var/www/html/vendor/laravel/framework/src/Illuminate/View/Middleware/ShareErrorsFromSession.php(48): Illuminate\\Pipeline\\Pipeline->{closure:{closure:Illuminate\\Pipeline\\Pipeline::carry():194}:195}()
#40 /var/www/html/vendor/laravel/framework/src/Illuminate/Pipeline/Pipeline.php(219): Illuminate\\View\\Middleware\\ShareErrorsFromSession->handle()
#41 /var/www/html/vendor/laravel/framework/src/Illuminate/Session/Middleware/StartSession.php(120): Illuminate\\Pipeline\\Pipeline->{closure:{closure:Illuminate\\Pipeline\\Pipeline::carry():194}:195}()
#42 /var/www/html/vendor/laravel/framework/src/Illuminate/Session/Middleware/StartSession.php(63): Illuminate\\Session\\Middleware\\StartSession->handleStatefulRequest()
#43 /var/www/html/vendor/laravel/framework/src/Illuminate/Pipeline/Pipeline.php(219): Illuminate\\Session\\Middleware\\StartSession->handle()
#44 /var/www/html/vendor/laravel/framework/src/Illuminate/Cookie/Middleware/AddQueuedCookiesToResponse.php(36): Illuminate\\Pipeline\\Pipeline->{closure:{closure:Illuminate\\Pipeline\\Pipeline::carry():194}:195}()
#45 /var/www/html/vendor/laravel/framework/src/Illuminate/Pipeline/Pipeline.php(219): Illuminate\\Cookie\\Middleware\\AddQueuedCookiesToResponse->handle()
#46 /var/www/html/vendor/laravel/framework/src/Illuminate/Cookie/Middleware/EncryptCookies.php(74): Illuminate\\Pipeline\\Pipeline->{closure:{closure:Illuminate\\Pipeline\\Pipeline::carry():194}:195}()
#47 /var/www/html/vendor/laravel/framework/src/Illuminate/Pipeline/Pipeline.php(219): Illuminate\\Cookie\\Middleware\\EncryptCookies->handle()
#48 /var/www/html/vendor/laravel/framework/src/Illuminate/Pipeline/Pipeline.php(137): Illuminate\\Pipeline\\Pipeline->{closure:{closure:Illuminate\\Pipeline\\Pipeline::carry():194}:195}()
#49 /var/www/html/vendor/laravel/framework/src/Illuminate/Routing/Router.php(821): Illuminate\\Pipeline\\Pipeline->then()
#50 /var/www/html/vendor/laravel/framework/src/Illuminate/Routing/Router.php(800): Illuminate\\Routing\\Router->runRouteWithinStack()
#51 /var/www/html/vendor/laravel/framework/src/Illuminate/Routing/Router.php(764): Illuminate\\Routing\\Router->runRoute()
#52 /var/www/html/vendor/laravel/framework/src/Illuminate/Routing/Router.php(753): Illuminate\\Routing\\Router->dispatchToRoute()
#53 /var/www/html/vendor/laravel/framework/src/Illuminate/Foundation/Http/Kernel.php(200): Illuminate\\Routing\\Router->dispatch()
#54 /var/www/html/vendor/laravel/framework/src/Illuminate/Pipeline/Pipeline.php(180): Illuminate\\Foundation\\Http\\Kernel->{closure:Illuminate\\Foundation\\Http\\Kernel::dispatchToRouter():197}()
#55 /var/www/html/vendor/laravel/framework/src/Illuminate/Foundation/Http/Middleware/TransformsRequest.php(21): Illuminate\\Pipeline\\Pipeline->{closure:Illuminate\\Pipeline\\Pipeline::prepareDestination():178}()
#56 /var/www/html/vendor/laravel/framework/src/Illuminate/Foundation/Http/Middleware/ConvertEmptyStringsToNull.php(31): Illuminate\\Foundation\\Http\\Middleware\\TransformsRequest->handle()
#57 /var/www/html/vendor/laravel/framework/src/Illuminate/Pipeline/Pipeline.php(219): Illuminate\\Foundation\\Http\\Middleware\\ConvertEmptyStringsToNull->handle()
#58 /var/www/html/vendor/laravel/framework/src/Illuminate/Foundation/Http/Middleware/TransformsRequest.php(21): Illuminate\\Pipeline\\Pipeline->{closure:{closure:Illuminate\\Pipeline\\Pipeline::carry():194}:195}()
#59 /var/www/html/vendor/laravel/framework/src/Illuminate/Foundation/Http/Middleware/TrimStrings.php(51): Illuminate\\Foundation\\Http\\Middleware\\TransformsRequest->handle()
#60 /var/www/html/vendor/laravel/framework/src/Illuminate/Pipeline/Pipeline.php(219): Illuminate\\Foundation\\Http\\Middleware\\TrimStrings->handle()
#61 /var/www/html/vendor/laravel/framework/src/Illuminate/Http/Middleware/ValidatePostSize.php(27): Illuminate\\Pipeline\\Pipeline->{closure:{closure:Illuminate\\Pipeline\\Pipeline::carry():194}:195}()
#62 /var/www/html/vendor/laravel/framework/src/Illuminate/Pipeline/Pipeline.php(219): Illuminate\\Http\\Middleware\\ValidatePostSize->handle()
#63 /var/www/html/vendor/laravel/framework/src/Illuminate/Foundation/Http/Middleware/PreventRequestsDuringMaintenance.php(109): Illuminate\\Pipeline\\Pipeline->{closure:{closure:Illuminate\\Pipeline\\Pipeline::carry():194}:195}()
#64 /var/www/html/vendor/laravel/framework/src/Illuminate/Pipeline/Pipeline.php(219): Illuminate\\Foundation\\Http\\Middleware\\PreventRequestsDuringMaintenance->handle()
#65 /var/www/html/vendor/laravel/framework/src/Illuminate/Http/Middleware/HandleCors.php(61): Illuminate\\Pipeline\\Pipeline->{closure:{closure:Illuminate\\Pipeline\\Pipeline::carry():194}:195}()
#66 /var/www/html/vendor/laravel/framework/src/Illuminate/Pipeline/Pipeline.php(219): Illuminate\\Http\\Middleware\\HandleCors->handle()
#67 /var/www/html/vendor/laravel/framework/src/Illuminate/Http/Middleware/TrustProxies.php(58): Illuminate\\Pipeline\\Pipeline->{closure:{closure:Illuminate\\Pipeline\\Pipeline::carry():194}:195}()
#68 /var/www/html/vendor/laravel/framework/src/Illuminate/Pipeline/Pipeline.php(219): Illuminate\\Http\\Middleware\\TrustProxies->handle()
#69 /var/www/html/vendor/laravel/framework/src/Illuminate/Foundation/Http/Middleware/InvokeDeferredCallbacks.php(22): Illuminate\\Pipeline\\Pipeline->{closure:{closure:Illuminate\\Pipeline\\Pipeline::carry():194}:195}()
#70 /var/www/html/vendor/laravel/framework/src/Illuminate/Pipeline/Pipeline.php(219): Illuminate\\Foundation\\Http\\Middleware\\InvokeDeferredCallbacks->handle()
#71 /var/www/html/vendor/laravel/framework/src/Illuminate/Http/Middleware/ValidatePathEncoding.php(28): Illuminate\\Pipeline\\Pipeline->{closure:{closure:Illuminate\\Pipeline\\Pipeline::carry():194}:195}()
#72 /var/www/html/vendor/laravel/framework/src/Illuminate/Pipeline/Pipeline.php(219): Illuminate\\Http\\Middleware\\ValidatePathEncoding->handle()
#73 /var/www/html/vendor/laravel/framework/src/Illuminate/Pipeline/Pipeline.php(137): Illuminate\\Pipeline\\Pipeline->{closure:{closure:Illuminate\\Pipeline\\Pipeline::carry():194}:195}()
#74 /var/www/html/vendor/laravel/framework/src/Illuminate/Foundation/Http/Kernel.php(175): Illuminate\\Pipeline\\Pipeline->then()
#75 /var/www/html/vendor/laravel/framework/src/Illuminate/Foundation/Http/Kernel.php(144): Illuminate\\Foundation\\Http\\Kernel->sendRequestThroughRouter()
#76 /var/www/html/vendor/laravel/framework/src/Illuminate/Foundation/Application.php(1220): Illuminate\\Foundation\\Http\\Kernel->handle()
#77 /var/www/html/public/index.php(20): Illuminate\\Foundation\\Application->handleRequest()
#78 /var/www/html/vendor/laravel/framework/src/Illuminate/Foundation/resources/server.php(23): require_once('...')
#79 {main}
"} 
[2026-08-08 07:32:59] local.ERROR: Undefined array key "avatar" {"userId":1,"exception":"[object] (ErrorException(code: 0): Undefined array key \"avatar\" at /var/www/html/app/Models/User.php:34)
[stacktrace]
#0 /var/www/html/vendor/laravel/framework/src/Illuminate/Foundation/Bootstrap/HandleExceptions.php(258): Illuminate\\Foundation\\Bootstrap\\HandleExceptions->handleError()
#1 /var/www/html/app/Models/User.php(34): Illuminate\\Foundation\\Bootstrap\\HandleExceptions->{closure:Illuminate\\Foundation\\Bootstrap\\HandleExceptions::forwardsTo():257}()
#2 /var/www/html/vendor/laravel/framework/src/Illuminate/Database/Eloquent/Concerns/HasAttributes.php(733): App\\Models\\User->getAvatarUrlAttribute()
#3 /var/www/html/vendor/laravel/framework/src/Illuminate/Database/Eloquent/Concerns/HasAttributes.php(785): Illuminate\\Database\\Eloquent\\Model->mutateAttribute()
#4 /var/www/html/vendor/laravel/framework/src/Illuminate/Database/Eloquent/Concerns/HasAttributes.php(251): Illuminate\\Database\\Eloquent\\Model->mutateAttributeForArray()
#5 /var/www/html/vendor/laravel/framework/src/Illuminate/Database/Eloquent/Model.php(1925): Illuminate\\Database\\Eloquent\\Model->attributesToArray()
#6 [internal function]: Illuminate\\Database\\Eloquent\\Model->{closure:Illuminate\\Database\\Eloquent\\Model::toArray():1925}()
#7 /var/www/html/vendor/laravel/framework/src/Illuminate/Database/Eloquent/Concerns/PreventsCircularRecursion.php(46): call_user_func()
#8 /var/www/html/vendor/laravel/framework/src/Illuminate/Database/Eloquent/Model.php(1924): Illuminate\\Database\\Eloquent\\Model->withoutRecursion()
#9 /var/www/html/vendor/laravel/framework/src/Illuminate/Collections/Traits/EnumeratesValues.php(978): Illuminate\\Database\\Eloquent\\Model->toArray()
#10 [internal function]: Illuminate\\Support\\Collection->{closure:Illuminate\\Support\\Traits\\EnumeratesValues::toArray():978}()
#11 /var/www/html/vendor/laravel/framework/src/Illuminate/Collections/Arr.php(841): array_map()
#12 /var/www/html/vendor/laravel/framework/src/Illuminate/Collections/Collection.php(815): Illuminate\\Support\\Arr::map()
#13 /var/www/html/vendor/laravel/framework/src/Illuminate/Database/Eloquent/Collection.php(421): Illuminate\\Support\\Collection->map()
#14 /var/www/html/vendor/laravel/framework/src/Illuminate/Collections/Traits/EnumeratesValues.php(978): Illuminate\\Database\\Eloquent\\Collection->map()
#15 /var/www/html/vendor/inertiajs/inertia-laravel/src/PropsResolver.php(429): Illuminate\\Support\\Collection->toArray()
#16 /var/www/html/vendor/inertiajs/inertia-laravel/src/PropsResolver.php(262): Inertia\\PropsResolver->resolveValue()
#17 /var/www/html/vendor/inertiajs/inertia-laravel/src/PropsResolver.php(158): Inertia\\PropsResolver->resolveProps()
#18 /var/www/html/vendor/inertiajs/inertia-laravel/src/Response.php(189): Inertia\\PropsResolver->resolve()
#19 /var/www/html/vendor/laravel/framework/src/Illuminate/Routing/Router.php(921): Inertia\\Response->toResponse()
#20 /var/www/html/vendor/laravel/framework/src/Illuminate/Routing/Router.php(906): Illuminate\\Routing\\Router::toResponse()
#21 /var/www/html/vendor/laravel/framework/src/Illuminate/Routing/Router.php(821): Illuminate\\Routing\\Router->prepareResponse()
#22 /var/www/html/vendor/laravel/framework/src/Illuminate/Pipeline/Pipeline.php(180): Illuminate\\Routing\\Router->{closure:Illuminate\\Routing\\Router::runRouteWithinStack():821}()
#23 /var/www/html/vendor/spatie/laravel-permission/src/Middleware/PermissionMiddleware.php(41): Illuminate\\Pipeline\\Pipeline->{closure:Illuminate\\Pipeline\\Pipeline::prepareDestination():178}()
#24 /var/www/html/vendor/laravel/framework/src/Illuminate/Pipeline/Pipeline.php(219): Spatie\\Permission\\Middleware\\PermissionMiddleware->handle()
#25 /var/www/html/vendor/laravel/framework/src/Illuminate/Auth/Middleware/EnsureEmailIsVerified.php(41): Illuminate\\Pipeline\\Pipeline->{closure:{closure:Illuminate\\Pipeline\\Pipeline::carry():194}:195}()
#26 /var/www/html/vendor/laravel/framework/src/Illuminate/Pipeline/Pipeline.php(219): Illuminate\\Auth\\Middleware\\EnsureEmailIsVerified->handle()
#27 /var/www/html/vendor/laravel/framework/src/Illuminate/Http/Middleware/AddLinkHeadersForPreloadedAssets.php(32): Illuminate\\Pipeline\\Pipeline->{closure:{closure:Illuminate\\Pipeline\\Pipeline::carry():194}:195}()
#28 /var/www/html/vendor/laravel/framework/src/Illuminate/Pipeline/Pipeline.php(219): Illuminate\\Http\\Middleware\\AddLinkHeadersForPreloadedAssets->handle()
#29 /var/www/html/vendor/inertiajs/inertia-laravel/src/Middleware.php(138): Illuminate\\Pipeline\\Pipeline->{closure:{closure:Illuminate\\Pipeline\\Pipeline::carry():194}:195}()
#30 /var/www/html/vendor/laravel/framework/src/Illuminate/Pipeline/Pipeline.php(219): Inertia\\Middleware->handle()
#31 /var/www/html/app/Http/Middleware/HandleAppearance.php(21): Illuminate\\Pipeline\\Pipeline->{closure:{closure:Illuminate\\Pipeline\\Pipeline::carry():194}:195}()
#32 /var/www/html/vendor/laravel/framework/src/Illuminate/Pipeline/Pipeline.php(219): App\\Http\\Middleware\\HandleAppearance->handle()
#33 /var/www/html/vendor/laravel/framework/src/Illuminate/Routing/Middleware/SubstituteBindings.php(52): Illuminate\\Pipeline\\Pipeline->{closure:{closure:Illuminate\\Pipeline\\Pipeline::carry():194}:195}()
#34 /var/www/html/vendor/laravel/framework/src/Illuminate/Pipeline/Pipeline.php(219): Illuminate\\Routing\\Middleware\\SubstituteBindings->handle()
#35 /var/www/html/vendor/laravel/framework/src/Illuminate/Auth/Middleware/Authenticate.php(63): Illuminate\\Pipeline\\Pipeline->{closure:{closure:Illuminate\\Pipeline\\Pipeline::carry():194}:195}()
#36 /var/www/html/vendor/laravel/framework/src/Illuminate/Pipeline/Pipeline.php(219): Illuminate\\Auth\\Middleware\\Authenticate->handle()
#37 /var/www/html/vendor/laravel/framework/src/Illuminate/Foundation/Http/Middleware/PreventRequestForgery.php(104): Illuminate\\Pipeline\\Pipeline->{closure:{closure:Illuminate\\Pipeline\\Pipeline::carry():194}:195}()
#38 /var/www/html/vendor/laravel/framework/src/Illuminate/Pipeline/Pipeline.php(219): Illuminate\\Foundation\\Http\\Middleware\\PreventRequestForgery->handle()
#39 /var/www/html/vendor/laravel/framework/src/Illuminate/View/Middleware/ShareErrorsFromSession.php(48): Illuminate\\Pipeline\\Pipeline->{closure:{closure:Illuminate\\Pipeline\\Pipeline::carry():194}:195}()
#40 /var/www/html/vendor/laravel/framework/src/Illuminate/Pipeline/Pipeline.php(219): Illuminate\\View\\Middleware\\ShareErrorsFromSession->handle()
#41 /var/www/html/vendor/laravel/framework/src/Illuminate/Session/Middleware/StartSession.php(120): Illuminate\\Pipeline\\Pipeline->{closure:{closure:Illuminate\\Pipeline\\Pipeline::carry():194}:195}()
#42 /var/www/html/vendor/laravel/framework/src/Illuminate/Session/Middleware/StartSession.php(63): Illuminate\\Session\\Middleware\\StartSession->handleStatefulRequest()
#43 /var/www/html/vendor/laravel/framework/src/Illuminate/Pipeline/Pipeline.php(219): Illuminate\\Session\\Middleware\\StartSession->handle()
#44 /var/www/html/vendor/laravel/framework/src/Illuminate/Cookie/Middleware/AddQueuedCookiesToResponse.php(36): Illuminate\\Pipeline\\Pipeline->{closure:{closure:Illuminate\\Pipeline\\Pipeline::carry():194}:195}()
#45 /var/www/html/vendor/laravel/framework/src/Illuminate/Pipeline/Pipeline.php(219): Illuminate\\Cookie\\Middleware\\AddQueuedCookiesToResponse->handle()
#46 /var/www/html/vendor/laravel/framework/src/Illuminate/Cookie/Middleware/EncryptCookies.php(74): Illuminate\\Pipeline\\Pipeline->{closure:{closure:Illuminate\\Pipeline\\Pipeline::carry():194}:195}()
#47 /var/www/html/vendor/laravel/framework/src/Illuminate/Pipeline/Pipeline.php(219): Illuminate\\Cookie\\Middleware\\EncryptCookies->handle()
#48 /var/www/html/vendor/laravel/framework/src/Illuminate/Pipeline/Pipeline.php(137): Illuminate\\Pipeline\\Pipeline->{closure:{closure:Illuminate\\Pipeline\\Pipeline::carry():194}:195}()
#49 /var/www/html/vendor/laravel/framework/src/Illuminate/Routing/Router.php(821): Illuminate\\Pipeline\\Pipeline->then()
#50 /var/www/html/vendor/laravel/framework/src/Illuminate/Routing/Router.php(800): Illuminate\\Routing\\Router->runRouteWithinStack()
#51 /var/www/html/vendor/laravel/framework/src/Illuminate/Routing/Router.php(764): Illuminate\\Routing\\Router->runRoute()
#52 /var/www/html/vendor/laravel/framework/src/Illuminate/Routing/Router.php(753): Illuminate\\Routing\\Router->dispatchToRoute()
#53 /var/www/html/vendor/laravel/framework/src/Illuminate/Foundation/Http/Kernel.php(200): Illuminate\\Routing\\Router->dispatch()
#54 /var/www/html/vendor/laravel/framework/src/Illuminate/Pipeline/Pipeline.php(180): Illuminate\\Foundation\\Http\\Kernel->{closure:Illuminate\\Foundation\\Http\\Kernel::dispatchToRouter():197}()
#55 /var/www/html/vendor/laravel/framework/src/Illuminate/Foundation/Http/Middleware/TransformsRequest.php(21): Illuminate\\Pipeline\\Pipeline->{closure:Illuminate\\Pipeline\\Pipeline::prepareDestination():178}()
#56 /var/www/html/vendor/laravel/framework/src/Illuminate/Foundation/Http/Middleware/ConvertEmptyStringsToNull.php(31): Illuminate\\Foundation\\Http\\Middleware\\TransformsRequest->handle()
#57 /var/www/html/vendor/laravel/framework/src/Illuminate/Pipeline/Pipeline.php(219): Illuminate\\Foundation\\Http\\Middleware\\ConvertEmptyStringsToNull->handle()
#58 /var/www/html/vendor/laravel/framework/src/Illuminate/Foundation/Http/Middleware/TransformsRequest.php(21): Illuminate\\Pipeline\\Pipeline->{closure:{closure:Illuminate\\Pipeline\\Pipeline::carry():194}:195}()
#59 /var/www/html/vendor/laravel/framework/src/Illuminate/Foundation/Http/Middleware/TrimStrings.php(51): Illuminate\\Foundation\\Http\\Middleware\\TransformsRequest->handle()
#60 /var/www/html/vendor/laravel/framework/src/Illuminate/Pipeline/Pipeline.php(219): Illuminate\\Foundation\\Http\\Middleware\\TrimStrings->handle()
#61 /var/www/html/vendor/laravel/framework/src/Illuminate/Http/Middleware/ValidatePostSize.php(27): Illuminate\\Pipeline\\Pipeline->{closure:{closure:Illuminate\\Pipeline\\Pipeline::carry():194}:195}()
#62 /var/www/html/vendor/laravel/framework/src/Illuminate/Pipeline/Pipeline.php(219): Illuminate\\Http\\Middleware\\ValidatePostSize->handle()
#63 /var/www/html/vendor/laravel/framework/src/Illuminate/Foundation/Http/Middleware/PreventRequestsDuringMaintenance.php(109): Illuminate\\Pipeline\\Pipeline->{closure:{closure:Illuminate\\Pipeline\\Pipeline::carry():194}:195}()
#64 /var/www/html/vendor/laravel/framework/src/Illuminate/Pipeline/Pipeline.php(219): Illuminate\\Foundation\\Http\\Middleware\\PreventRequestsDuringMaintenance->handle()
#65 /var/www/html/vendor/laravel/framework/src/Illuminate/Http/Middleware/HandleCors.php(61): Illuminate\\Pipeline\\Pipeline->{closure:{closure:Illuminate\\Pipeline\\Pipeline::carry():194}:195}()
#66 /var/www/html/vendor/laravel/framework/src/Illuminate/Pipeline/Pipeline.php(219): Illuminate\\Http\\Middleware\\HandleCors->handle()
#67 /var/www/html/vendor/laravel/framework/src/Illuminate/Http/Middleware/TrustProxies.php(58): Illuminate\\Pipeline\\Pipeline->{closure:{closure:Illuminate\\Pipeline\\Pipeline::carry():194}:195}()
#68 /var/www/html/vendor/laravel/framework/src/Illuminate/Pipeline/Pipeline.php(219): Illuminate\\Http\\Middleware\\TrustProxies->handle()
#69 /var/www/html/vendor/laravel/framework/src/Illuminate/Foundation/Http/Middleware/InvokeDeferredCallbacks.php(22): Illuminate\\Pipeline\\Pipeline->{closure:{closure:Illuminate\\Pipeline\\Pipeline::carry():194}:195}()
#70 /var/www/html/vendor/laravel/framework/src/Illuminate/Pipeline/Pipeline.php(219): Illuminate\\Foundation\\Http\\Middleware\\InvokeDeferredCallbacks->handle()
#71 /var/www/html/vendor/laravel/framework/src/Illuminate/Http/Middleware/ValidatePathEncoding.php(28): Illuminate\\Pipeline\\Pipeline->{closure:{closure:Illuminate\\Pipeline\\Pipeline::carry():194}:195}()
#72 /var/www/html/vendor/laravel/framework/src/Illuminate/Pipeline/Pipeline.php(219): Illuminate\\Http\\Middleware\\ValidatePathEncoding->handle()
#73 /var/www/html/vendor/laravel/framework/src/Illuminate/Pipeline/Pipeline.php(137): Illuminate\\Pipeline\\Pipeline->{closure:{closure:Illuminate\\Pipeline\\Pipeline::carry():194}:195}()
#74 /var/www/html/vendor/laravel/framework/src/Illuminate/Foundation/Http/Kernel.php(175): Illuminate\\Pipeline\\Pipeline->then()
#75 /var/www/html/vendor/laravel/framework/src/Illuminate/Foundation/Http/Kernel.php(144): Illuminate\\Foundation\\Http\\Kernel->sendRequestThroughRouter()
#76 /var/www/html/vendor/laravel/framework/src/Illuminate/Foundation/Application.php(1220): Illuminate\\Foundation\\Http\\Kernel->handle()
#77 /var/www/html/public/index.php(20): Illuminate\\Foundation\\Application->handleRequest()
#78 /var/www/html/vendor/laravel/framework/src/Illuminate/Foundation/resources/server.php(23): require_once('...')
#79 {main}
"} 
[2026-08-08 07:37:15] local.ERROR: Undefined array key "avatar" {"userId":1,"exception":"[object] (ErrorException(code: 0): Undefined array key \"avatar\" at /var/www/html/app/Models/User.php:34)
[stacktrace]
#0 /var/www/html/vendor/laravel/framework/src/Illuminate/Foundation/Bootstrap/HandleExceptions.php(258): Illuminate\\Foundation\\Bootstrap\\HandleExceptions->handleError()
#1 /var/www/html/app/Models/User.php(34): Illuminate\\Foundation\\Bootstrap\\HandleExceptions->{closure:Illuminate\\Foundation\\Bootstrap\\HandleExceptions::forwardsTo():257}()
#2 /var/www/html/vendor/laravel/framework/src/Illuminate/Database/Eloquent/Concerns/HasAttributes.php(733): App\\Models\\User->getAvatarUrlAttribute()
#3 /var/www/html/vendor/laravel/framework/src/Illuminate/Database/Eloquent/Concerns/HasAttributes.php(785): Illuminate\\Database\\Eloquent\\Model->mutateAttribute()
#4 /var/www/html/vendor/laravel/framework/src/Illuminate/Database/Eloquent/Concerns/HasAttributes.php(251): Illuminate\\Database\\Eloquent\\Model->mutateAttributeForArray()
#5 /var/www/html/vendor/laravel/framework/src/Illuminate/Database/Eloquent/Model.php(1925): Illuminate\\Database\\Eloquent\\Model->attributesToArray()
#6 [internal function]: Illuminate\\Database\\Eloquent\\Model->{closure:Illuminate\\Database\\Eloquent\\Model::toArray():1925}()
#7 /var/www/html/vendor/laravel/framework/src/Illuminate/Database/Eloquent/Concerns/PreventsCircularRecursion.php(46): call_user_func()
#8 /var/www/html/vendor/laravel/framework/src/Illuminate/Database/Eloquent/Model.php(1924): Illuminate\\Database\\Eloquent\\Model->withoutRecursion()
#9 /var/www/html/vendor/laravel/framework/src/Illuminate/Collections/Traits/EnumeratesValues.php(978): Illuminate\\Database\\Eloquent\\Model->toArray()
#10 [internal function]: Illuminate\\Support\\Collection->{closure:Illuminate\\Support\\Traits\\EnumeratesValues::toArray():978}()
#11 /var/www/html/vendor/laravel/framework/src/Illuminate/Collections/Arr.php(841): array_map()
#12 /var/www/html/vendor/laravel/framework/src/Illuminate/Collections/Collection.php(815): Illuminate\\Support\\Arr::map()
#13 /var/www/html/vendor/laravel/framework/src/Illuminate/Database/Eloquent/Collection.php(421): Illuminate\\Support\\Collection->map()
#14 /var/www/html/vendor/laravel/framework/src/Illuminate/Collections/Traits/EnumeratesValues.php(978): Illuminate\\Database\\Eloquent\\Collection->map()
#15 /var/www/html/vendor/inertiajs/inertia-laravel/src/PropsResolver.php(429): Illuminate\\Support\\Collection->toArray()
#16 /var/www/html/vendor/inertiajs/inertia-laravel/src/PropsResolver.php(262): Inertia\\PropsResolver->resolveValue()
#17 /var/www/html/vendor/inertiajs/inertia-laravel/src/PropsResolver.php(158): Inertia\\PropsResolver->resolveProps()
#18 /var/www/html/vendor/inertiajs/inertia-laravel/src/Response.php(189): Inertia\\PropsResolver->resolve()
#19 /var/www/html/vendor/laravel/framework/src/Illuminate/Routing/Router.php(921): Inertia\\Response->toResponse()
#20 /var/www/html/vendor/laravel/framework/src/Illuminate/Routing/Router.php(906): Illuminate\\Routing\\Router::toResponse()
#21 /var/www/html/vendor/laravel/framework/src/Illuminate/Routing/Router.php(821): Illuminate\\Routing\\Router->prepareResponse()
#22 /var/www/html/vendor/laravel/framework/src/Illuminate/Pipeline/Pipeline.php(180): Illuminate\\Routing\\Router->{closure:Illuminate\\Routing\\Router::runRouteWithinStack():821}()
#23 /var/www/html/vendor/spatie/laravel-permission/src/Middleware/PermissionMiddleware.php(41): Illuminate\\Pipeline\\Pipeline->{closure:Illuminate\\Pipeline\\Pipeline::prepareDestination():178}()
#24 /var/www/html/vendor/laravel/framework/src/Illuminate/Pipeline/Pipeline.php(219): Spatie\\Permission\\Middleware\\PermissionMiddleware->handle()
#25 /var/www/html/vendor/laravel/framework/src/Illuminate/Auth/Middleware/EnsureEmailIsVerified.php(41): Illuminate\\Pipeline\\Pipeline->{closure:{closure:Illuminate\\Pipeline\\Pipeline::carry():194}:195}()
#26 /var/www/html/vendor/laravel/framework/src/Illuminate/Pipeline/Pipeline.php(219): Illuminate\\Auth\\Middleware\\EnsureEmailIsVerified->handle()
#27 /var/www/html/vendor/laravel/framework/src/Illuminate/Http/Middleware/AddLinkHeadersForPreloadedAssets.php(32): Illuminate\\Pipeline\\Pipeline->{closure:{closure:Illuminate\\Pipeline\\Pipeline::carry():194}:195}()
#28 /var/www/html/vendor/laravel/framework/src/Illuminate/Pipeline/Pipeline.php(219): Illuminate\\Http\\Middleware\\AddLinkHeadersForPreloadedAssets->handle()
#29 /var/www/html/vendor/inertiajs/inertia-laravel/src/Middleware.php(138): Illuminate\\Pipeline\\Pipeline->{closure:{closure:Illuminate\\Pipeline\\Pipeline::carry():194}:195}()
#30 /var/www/html/vendor/laravel/framework/src/Illuminate/Pipeline/Pipeline.php(219): Inertia\\Middleware->handle()
#31 /var/www/html/app/Http/Middleware/HandleAppearance.php(21): Illuminate\\Pipeline\\Pipeline->{closure:{closure:Illuminate\\Pipeline\\Pipeline::carry():194}:195}()
#32 /var/www/html/vendor/laravel/framework/src/Illuminate/Pipeline/Pipeline.php(219): App\\Http\\Middleware\\HandleAppearance->handle()
#33 /var/www/html/vendor/laravel/framework/src/Illuminate/Routing/Middleware/SubstituteBindings.php(52): Illuminate\\Pipeline\\Pipeline->{closure:{closure:Illuminate\\Pipeline\\Pipeline::carry():194}:195}()
#34 /var/www/html/vendor/laravel/framework/src/Illuminate/Pipeline/Pipeline.php(219): Illuminate\\Routing\\Middleware\\SubstituteBindings->handle()
#35 /var/www/html/vendor/laravel/framework/src/Illuminate/Auth/Middleware/Authenticate.php(63): Illuminate\\Pipeline\\Pipeline->{closure:{closure:Illuminate\\Pipeline\\Pipeline::carry():194}:195}()
#36 /var/www/html/vendor/laravel/framework/src/Illuminate/Pipeline/Pipeline.php(219): Illuminate\\Auth\\Middleware\\Authenticate->handle()
#37 /var/www/html/vendor/laravel/framework/src/Illuminate/Foundation/Http/Middleware/PreventRequestForgery.php(104): Illuminate\\Pipeline\\Pipeline->{closure:{closure:Illuminate\\Pipeline\\Pipeline::carry():194}:195}()
#38 /var/www/html/vendor/laravel/framework/src/Illuminate/Pipeline/Pipeline.php(219): Illuminate\\Foundation\\Http\\Middleware\\PreventRequestForgery->handle()
#39 /var/www/html/vendor/laravel/framework/src/Illuminate/View/Middleware/ShareErrorsFromSession.php(48): Illuminate\\Pipeline\\Pipeline->{closure:{closure:Illuminate\\Pipeline\\Pipeline::carry():194}:195}()
#40 /var/www/html/vendor/laravel/framework/src/Illuminate/Pipeline/Pipeline.php(219): Illuminate\\View\\Middleware\\ShareErrorsFromSession->handle()
#41 /var/www/html/vendor/laravel/framework/src/Illuminate/Session/Middleware/StartSession.php(120): Illuminate\\Pipeline\\Pipeline->{closure:{closure:Illuminate\\Pipeline\\Pipeline::carry():194}:195}()
#42 /var/www/html/vendor/laravel/framework/src/Illuminate/Session/Middleware/StartSession.php(63): Illuminate\\Session\\Middleware\\StartSession->handleStatefulRequest()
#43 /var/www/html/vendor/laravel/framework/src/Illuminate/Pipeline/Pipeline.php(219): Illuminate\\Session\\Middleware\\StartSession->handle()
#44 /var/www/html/vendor/laravel/framework/src/Illuminate/Cookie/Middleware/AddQueuedCookiesToResponse.php(36): Illuminate\\Pipeline\\Pipeline->{closure:{closure:Illuminate\\Pipeline\\Pipeline::carry():194}:195}()
#45 /var/www/html/vendor/laravel/framework/src/Illuminate/Pipeline/Pipeline.php(219): Illuminate\\Cookie\\Middleware\\AddQueuedCookiesToResponse->handle()
#46 /var/www/html/vendor/laravel/framework/src/Illuminate/Cookie/Middleware/EncryptCookies.php(74): Illuminate\\Pipeline\\Pipeline->{closure:{closure:Illuminate\\Pipeline\\Pipeline::carry():194}:195}()
#47 /var/www/html/vendor/laravel/framework/src/Illuminate/Pipeline/Pipeline.php(219): Illuminate\\Cookie\\Middleware\\EncryptCookies->handle()
#48 /var/www/html/vendor/laravel/framework/src/Illuminate/Pipeline/Pipeline.php(137): Illuminate\\Pipeline\\Pipeline->{closure:{closure:Illuminate\\Pipeline\\Pipeline::carry():194}:195}()
#49 /var/www/html/vendor/laravel/framework/src/Illuminate/Routing/Router.php(821): Illuminate\\Pipeline\\Pipeline->then()
#50 /var/www/html/vendor/laravel/framework/src/Illuminate/Routing/Router.php(800): Illuminate\\Routing\\Router->runRouteWithinStack()
#51 /var/www/html/vendor/laravel/framework/src/Illuminate/Routing/Router.php(764): Illuminate\\Routing\\Router->runRoute()
#52 /var/www/html/vendor/laravel/framework/src/Illuminate/Routing/Router.php(753): Illuminate\\Routing\\Router->dispatchToRoute()
#53 /var/www/html/vendor/laravel/framework/src/Illuminate/Foundation/Http/Kernel.php(200): Illuminate\\Routing\\Router->dispatch()
#54 /var/www/html/vendor/laravel/framework/src/Illuminate/Pipeline/Pipeline.php(180): Illuminate\\Foundation\\Http\\Kernel->{closure:Illuminate\\Foundation\\Http\\Kernel::dispatchToRouter():197}()
#55 /var/www/html/vendor/laravel/framework/src/Illuminate/Foundation/Http/Middleware/TransformsRequest.php(21): Illuminate\\Pipeline\\Pipeline->{closure:Illuminate\\Pipeline\\Pipeline::prepareDestination():178}()
#56 /var/www/html/vendor/laravel/framework/src/Illuminate/Foundation/Http/Middleware/ConvertEmptyStringsToNull.php(31): Illuminate\\Foundation\\Http\\Middleware\\TransformsRequest->handle()
#57 /var/www/html/vendor/laravel/framework/src/Illuminate/Pipeline/Pipeline.php(219): Illuminate\\Foundation\\Http\\Middleware\\ConvertEmptyStringsToNull->handle()
#58 /var/www/html/vendor/laravel/framework/src/Illuminate/Foundation/Http/Middleware/TransformsRequest.php(21): Illuminate\\Pipeline\\Pipeline->{closure:{closure:Illuminate\\Pipeline\\Pipeline::carry():194}:195}()
#59 /var/www/html/vendor/laravel/framework/src/Illuminate/Foundation/Http/Middleware/TrimStrings.php(51): Illuminate\\Foundation\\Http\\Middleware\\TransformsRequest->handle()
#60 /var/www/html/vendor/laravel/framework/src/Illuminate/Pipeline/Pipeline.php(219): Illuminate\\Foundation\\Http\\Middleware\\TrimStrings->handle()
#61 /var/www/html/vendor/laravel/framework/src/Illuminate/Http/Middleware/ValidatePostSize.php(27): Illuminate\\Pipeline\\Pipeline->{closure:{closure:Illuminate\\Pipeline\\Pipeline::carry():194}:195}()
#62 /var/www/html/vendor/laravel/framework/src/Illuminate/Pipeline/Pipeline.php(219): Illuminate\\Http\\Middleware\\ValidatePostSize->handle()
#63 /var/www/html/vendor/laravel/framework/src/Illuminate/Foundation/Http/Middleware/PreventRequestsDuringMaintenance.php(109): Illuminate\\Pipeline\\Pipeline->{closure:{closure:Illuminate\\Pipeline\\Pipeline::carry():194}:195}()
#64 /var/www/html/vendor/laravel/framework/src/Illuminate/Pipeline/Pipeline.php(219): Illuminate\\Foundation\\Http\\Middleware\\PreventRequestsDuringMaintenance->handle()
#65 /var/www/html/vendor/laravel/framework/src/Illuminate/Http/Middleware/HandleCors.php(61): Illuminate\\Pipeline\\Pipeline->{closure:{closure:Illuminate\\Pipeline\\Pipeline::carry():194}:195}()
#66 /var/www/html/vendor/laravel/framework/src/Illuminate/Pipeline/Pipeline.php(219): Illuminate\\Http\\Middleware\\HandleCors->handle()
#67 /var/www/html/vendor/laravel/framework/src/Illuminate/Http/Middleware/TrustProxies.php(58): Illuminate\\Pipeline\\Pipeline->{closure:{closure:Illuminate\\Pipeline\\Pipeline::carry():194}:195}()
#68 /var/www/html/vendor/laravel/framework/src/Illuminate/Pipeline/Pipeline.php(219): Illuminate\\Http\\Middleware\\TrustProxies->handle()
#69 /var/www/html/vendor/laravel/framework/src/Illuminate/Foundation/Http/Middleware/InvokeDeferredCallbacks.php(22): Illuminate\\Pipeline\\Pipeline->{closure:{closure:Illuminate\\Pipeline\\Pipeline::carry():194}:195}()
#70 /var/www/html/vendor/laravel/framework/src/Illuminate/Pipeline/Pipeline.php(219): Illuminate\\Foundation\\Http\\Middleware\\InvokeDeferredCallbacks->handle()
#71 /var/www/html/vendor/laravel/framework/src/Illuminate/Http/Middleware/ValidatePathEncoding.php(28): Illuminate\\Pipeline\\Pipeline->{closure:{closure:Illuminate\\Pipeline\\Pipeline::carry():194}:195}()
#72 /var/www/html/vendor/laravel/framework/src/Illuminate/Pipeline/Pipeline.php(219): Illuminate\\Http\\Middleware\\ValidatePathEncoding->handle()
#73 /var/www/html/vendor/laravel/framework/src/Illuminate/Pipeline/Pipeline.php(137): Illuminate\\Pipeline\\Pipeline->{closure:{closure:Illuminate\\Pipeline\\Pipeline::carry():194}:195}()
#74 /var/www/html/vendor/laravel/framework/src/Illuminate/Foundation/Http/Kernel.php(175): Illuminate\\Pipeline\\Pipeline->then()
#75 /var/www/html/vendor/laravel/framework/src/Illuminate/Foundation/Http/Kernel.php(144): Illuminate\\Foundation\\Http\\Kernel->sendRequestThroughRouter()
#76 /var/www/html/vendor/laravel/framework/src/Illuminate/Foundation/Application.php(1220): Illuminate\\Foundation\\Http\\Kernel->handle()
#77 /var/www/html/public/index.php(20): Illuminate\\Foundation\\Application->handleRequest()
#78 /var/www/html/vendor/laravel/framework/src/Illuminate/Foundation/resources/server.php(23): require_once('...')
#79 {main}
"} 
[2026-08-08 07:37:19] local.ERROR: Undefined array key "avatar" {"userId":1,"exception":"[object] (ErrorException(code: 0): Undefined array key \"avatar\" at /var/www/html/app/Models/User.php:34)
[stacktrace]
#0 /var/www/html/vendor/laravel/framework/src/Illuminate/Foundation/Bootstrap/HandleExceptions.php(258): Illuminate\\Foundation\\Bootstrap\\HandleExceptions->handleError()
#1 /var/www/html/app/Models/User.php(34): Illuminate\\Foundation\\Bootstrap\\HandleExceptions->{closure:Illuminate\\Foundation\\Bootstrap\\HandleExceptions::forwardsTo():257}()
#2 /var/www/html/vendor/laravel/framework/src/Illuminate/Database/Eloquent/Concerns/HasAttributes.php(733): App\\Models\\User->getAvatarUrlAttribute()
#3 /var/www/html/vendor/laravel/framework/src/Illuminate/Database/Eloquent/Concerns/HasAttributes.php(785): Illuminate\\Database\\Eloquent\\Model->mutateAttribute()
#4 /var/www/html/vendor/laravel/framework/src/Illuminate/Database/Eloquent/Concerns/HasAttributes.php(251): Illuminate\\Database\\Eloquent\\Model->mutateAttributeForArray()
#5 /var/www/html/vendor/laravel/framework/src/Illuminate/Database/Eloquent/Model.php(1925): Illuminate\\Database\\Eloquent\\Model->attributesToArray()
#6 [internal function]: Illuminate\\Database\\Eloquent\\Model->{closure:Illuminate\\Database\\Eloquent\\Model::toArray():1925}()
#7 /var/www/html/vendor/laravel/framework/src/Illuminate/Database/Eloquent/Concerns/PreventsCircularRecursion.php(46): call_user_func()
#8 /var/www/html/vendor/laravel/framework/src/Illuminate/Database/Eloquent/Model.php(1924): Illuminate\\Database\\Eloquent\\Model->withoutRecursion()
#9 /var/www/html/vendor/laravel/framework/src/Illuminate/Collections/Traits/EnumeratesValues.php(978): Illuminate\\Database\\Eloquent\\Model->toArray()
#10 [internal function]: Illuminate\\Support\\Collection->{closure:Illuminate\\Support\\Traits\\EnumeratesValues::toArray():978}()
#11 /var/www/html/vendor/laravel/framework/src/Illuminate/Collections/Arr.php(841): array_map()
#12 /var/www/html/vendor/laravel/framework/src/Illuminate/Collections/Collection.php(815): Illuminate\\Support\\Arr::map()
#13 /var/www/html/vendor/laravel/framework/src/Illuminate/Database/Eloquent/Collection.php(421): Illuminate\\Support\\Collection->map()
#14 /var/www/html/vendor/laravel/framework/src/Illuminate/Collections/Traits/EnumeratesValues.php(978): Illuminate\\Database\\Eloquent\\Collection->map()
#15 /var/www/html/vendor/inertiajs/inertia-laravel/src/PropsResolver.php(429): Illuminate\\Support\\Collection->toArray()
#16 /var/www/html/vendor/inertiajs/inertia-laravel/src/PropsResolver.php(262): Inertia\\PropsResolver->resolveValue()
#17 /var/www/html/vendor/inertiajs/inertia-laravel/src/PropsResolver.php(158): Inertia\\PropsResolver->resolveProps()
#18 /var/www/html/vendor/inertiajs/inertia-laravel/src/Response.php(189): Inertia\\PropsResolver->resolve()
#19 /var/www/html/vendor/laravel/framework/src/Illuminate/Routing/Router.php(921): Inertia\\Response->toResponse()
#20 /var/www/html/vendor/laravel/framework/src/Illuminate/Routing/Router.php(906): Illuminate\\Routing\\Router::toResponse()
#21 /var/www/html/vendor/laravel/framework/src/Illuminate/Routing/Router.php(821): Illuminate\\Routing\\Router->prepareResponse()
#22 /var/www/html/vendor/laravel/framework/src/Illuminate/Pipeline/Pipeline.php(180): Illuminate\\Routing\\Router->{closure:Illuminate\\Routing\\Router::runRouteWithinStack():821}()
#23 /var/www/html/vendor/spatie/laravel-permission/src/Middleware/PermissionMiddleware.php(41): Illuminate\\Pipeline\\Pipeline->{closure:Illuminate\\Pipeline\\Pipeline::prepareDestination():178}()
#24 /var/www/html/vendor/laravel/framework/src/Illuminate/Pipeline/Pipeline.php(219): Spatie\\Permission\\Middleware\\PermissionMiddleware->handle()
#25 /var/www/html/vendor/laravel/framework/src/Illuminate/Auth/Middleware/EnsureEmailIsVerified.php(41): Illuminate\\Pipeline\\Pipeline->{closure:{closure:Illuminate\\Pipeline\\Pipeline::carry():194}:195}()
#26 /var/www/html/vendor/laravel/framework/src/Illuminate/Pipeline/Pipeline.php(219): Illuminate\\Auth\\Middleware\\EnsureEmailIsVerified->handle()
#27 /var/www/html/vendor/laravel/framework/src/Illuminate/Http/Middleware/AddLinkHeadersForPreloadedAssets.php(32): Illuminate\\Pipeline\\Pipeline->{closure:{closure:Illuminate\\Pipeline\\Pipeline::carry():194}:195}()
#28 /var/www/html/vendor/laravel/framework/src/Illuminate/Pipeline/Pipeline.php(219): Illuminate\\Http\\Middleware\\AddLinkHeadersForPreloadedAssets->handle()
#29 /var/www/html/vendor/inertiajs/inertia-laravel/src/Middleware.php(138): Illuminate\\Pipeline\\Pipeline->{closure:{closure:Illuminate\\Pipeline\\Pipeline::carry():194}:195}()
#30 /var/www/html/vendor/laravel/framework/src/Illuminate/Pipeline/Pipeline.php(219): Inertia\\Middleware->handle()
#31 /var/www/html/app/Http/Middleware/HandleAppearance.php(21): Illuminate\\Pipeline\\Pipeline->{closure:{closure:Illuminate\\Pipeline\\Pipeline::carry():194}:195}()
#32 /var/www/html/vendor/laravel/framework/src/Illuminate/Pipeline/Pipeline.php(219): App\\Http\\Middleware\\HandleAppearance->handle()
#33 /var/www/html/vendor/laravel/framework/src/Illuminate/Routing/Middleware/SubstituteBindings.php(52): Illuminate\\Pipeline\\Pipeline->{closure:{closure:Illuminate\\Pipeline\\Pipeline::carry():194}:195}()
#34 /var/www/html/vendor/laravel/framework/src/Illuminate/Pipeline/Pipeline.php(219): Illuminate\\Routing\\Middleware\\SubstituteBindings->handle()
#35 /var/www/html/vendor/laravel/framework/src/Illuminate/Auth/Middleware/Authenticate.php(63): Illuminate\\Pipeline\\Pipeline->{closure:{closure:Illuminate\\Pipeline\\Pipeline::carry():194}:195}()
#36 /var/www/html/vendor/laravel/framework/src/Illuminate/Pipeline/Pipeline.php(219): Illuminate\\Auth\\Middleware\\Authenticate->handle()
#37 /var/www/html/vendor/laravel/framework/src/Illuminate/Foundation/Http/Middleware/PreventRequestForgery.php(104): Illuminate\\Pipeline\\Pipeline->{closure:{closure:Illuminate\\Pipeline\\Pipeline::carry():194}:195}()
#38 /var/www/html/vendor/laravel/framework/src/Illuminate/Pipeline/Pipeline.php(219): Illuminate\\Foundation\\Http\\Middleware\\PreventRequestForgery->handle()
#39 /var/www/html/vendor/laravel/framework/src/Illuminate/View/Middleware/ShareErrorsFromSession.php(48): Illuminate\\Pipeline\\Pipeline->{closure:{closure:Illuminate\\Pipeline\\Pipeline::carry():194}:195}()
#40 /var/www/html/vendor/laravel/framework/src/Illuminate/Pipeline/Pipeline.php(219): Illuminate\\View\\Middleware\\ShareErrorsFromSession->handle()
#41 /var/www/html/vendor/laravel/framework/src/Illuminate/Session/Middleware/StartSession.php(120): Illuminate\\Pipeline\\Pipeline->{closure:{closure:Illuminate\\Pipeline\\Pipeline::carry():194}:195}()
#42 /var/www/html/vendor/laravel/framework/src/Illuminate/Session/Middleware/StartSession.php(63): Illuminate\\Session\\Middleware\\StartSession->handleStatefulRequest()
#43 /var/www/html/vendor/laravel/framework/src/Illuminate/Pipeline/Pipeline.php(219): Illuminate\\Session\\Middleware\\StartSession->handle()
#44 /var/www/html/vendor/laravel/framework/src/Illuminate/Cookie/Middleware/AddQueuedCookiesToResponse.php(36): Illuminate\\Pipeline\\Pipeline->{closure:{closure:Illuminate\\Pipeline\\Pipeline::carry():194}:195}()
#45 /var/www/html/vendor/laravel/framework/src/Illuminate/Pipeline/Pipeline.php(219): Illuminate\\Cookie\\Middleware\\AddQueuedCookiesToResponse->handle()
#46 /var/www/html/vendor/laravel/framework/src/Illuminate/Cookie/Middleware/EncryptCookies.php(74): Illuminate\\Pipeline\\Pipeline->{closure:{closure:Illuminate\\Pipeline\\Pipeline::carry():194}:195}()
#47 /var/www/html/vendor/laravel/framework/src/Illuminate/Pipeline/Pipeline.php(219): Illuminate\\Cookie\\Middleware\\EncryptCookies->handle()
#48 /var/www/html/vendor/laravel/framework/src/Illuminate/Pipeline/Pipeline.php(137): Illuminate\\Pipeline\\Pipeline->{closure:{closure:Illuminate\\Pipeline\\Pipeline::carry():194}:195}()
#49 /var/www/html/vendor/laravel/framework/src/Illuminate/Routing/Router.php(821): Illuminate\\Pipeline\\Pipeline->then()
#50 /var/www/html/vendor/laravel/framework/src/Illuminate/Routing/Router.php(800): Illuminate\\Routing\\Router->runRouteWithinStack()
#51 /var/www/html/vendor/laravel/framework/src/Illuminate/Routing/Router.php(764): Illuminate\\Routing\\Router->runRoute()
#52 /var/www/html/vendor/laravel/framework/src/Illuminate/Routing/Router.php(753): Illuminate\\Routing\\Router->dispatchToRoute()
#53 /var/www/html/vendor/laravel/framework/src/Illuminate/Foundation/Http/Kernel.php(200): Illuminate\\Routing\\Router->dispatch()
#54 /var/www/html/vendor/laravel/framework/src/Illuminate/Pipeline/Pipeline.php(180): Illuminate\\Foundation\\Http\\Kernel->{closure:Illuminate\\Foundation\\Http\\Kernel::dispatchToRouter():197}()
#55 /var/www/html/vendor/laravel/framework/src/Illuminate/Foundation/Http/Middleware/TransformsRequest.php(21): Illuminate\\Pipeline\\Pipeline->{closure:Illuminate\\Pipeline\\Pipeline::prepareDestination():178}()
#56 /var/www/html/vendor/laravel/framework/src/Illuminate/Foundation/Http/Middleware/ConvertEmptyStringsToNull.php(31): Illuminate\\Foundation\\Http\\Middleware\\TransformsRequest->handle()
#57 /var/www/html/vendor/laravel/framework/src/Illuminate/Pipeline/Pipeline.php(219): Illuminate\\Foundation\\Http\\Middleware\\ConvertEmptyStringsToNull->handle()
#58 /var/www/html/vendor/laravel/framework/src/Illuminate/Foundation/Http/Middleware/TransformsRequest.php(21): Illuminate\\Pipeline\\Pipeline->{closure:{closure:Illuminate\\Pipeline\\Pipeline::carry():194}:195}()
#59 /var/www/html/vendor/laravel/framework/src/Illuminate/Foundation/Http/Middleware/TrimStrings.php(51): Illuminate\\Foundation\\Http\\Middleware\\TransformsRequest->handle()
#60 /var/www/html/vendor/laravel/framework/src/Illuminate/Pipeline/Pipeline.php(219): Illuminate\\Foundation\\Http\\Middleware\\TrimStrings->handle()
#61 /var/www/html/vendor/laravel/framework/src/Illuminate/Http/Middleware/ValidatePostSize.php(27): Illuminate\\Pipeline\\Pipeline->{closure:{closure:Illuminate\\Pipeline\\Pipeline::carry():194}:195}()
#62 /var/www/html/vendor/laravel/framework/src/Illuminate/Pipeline/Pipeline.php(219): Illuminate\\Http\\Middleware\\ValidatePostSize->handle()
#63 /var/www/html/vendor/laravel/framework/src/Illuminate/Foundation/Http/Middleware/PreventRequestsDuringMaintenance.php(109): Illuminate\\Pipeline\\Pipeline->{closure:{closure:Illuminate\\Pipeline\\Pipeline::carry():194}:195}()
#64 /var/www/html/vendor/laravel/framework/src/Illuminate/Pipeline/Pipeline.php(219): Illuminate\\Foundation\\Http\\Middleware\\PreventRequestsDuringMaintenance->handle()
#65 /var/www/html/vendor/laravel/framework/src/Illuminate/Http/Middleware/HandleCors.php(61): Illuminate\\Pipeline\\Pipeline->{closure:{closure:Illuminate\\Pipeline\\Pipeline::carry():194}:195}()
#66 /var/www/html/vendor/laravel/framework/src/Illuminate/Pipeline/Pipeline.php(219): Illuminate\\Http\\Middleware\\HandleCors->handle()
#67 /var/www/html/vendor/laravel/framework/src/Illuminate/Http/Middleware/TrustProxies.php(58): Illuminate\\Pipeline\\Pipeline->{closure:{closure:Illuminate\\Pipeline\\Pipeline::carry():194}:195}()
#68 /var/www/html/vendor/laravel/framework/src/Illuminate/Pipeline/Pipeline.php(219): Illuminate\\Http\\Middleware\\TrustProxies->handle()
#69 /var/www/html/vendor/laravel/framework/src/Illuminate/Foundation/Http/Middleware/InvokeDeferredCallbacks.php(22): Illuminate\\Pipeline\\Pipeline->{closure:{closure:Illuminate\\Pipeline\\Pipeline::carry():194}:195}()
#70 /var/www/html/vendor/laravel/framework/src/Illuminate/Pipeline/Pipeline.php(219): Illuminate\\Foundation\\Http\\Middleware\\InvokeDeferredCallbacks->handle()
#71 /var/www/html/vendor/laravel/framework/src/Illuminate/Http/Middleware/ValidatePathEncoding.php(28): Illuminate\\Pipeline\\Pipeline->{closure:{closure:Illuminate\\Pipeline\\Pipeline::carry():194}:195}()
#72 /var/www/html/vendor/laravel/framework/src/Illuminate/Pipeline/Pipeline.php(219): Illuminate\\Http\\Middleware\\ValidatePathEncoding->handle()
#73 /var/www/html/vendor/laravel/framework/src/Illuminate/Pipeline/Pipeline.php(137): Illuminate\\Pipeline\\Pipeline->{closure:{closure:Illuminate\\Pipeline\\Pipeline::carry():194}:195}()
#74 /var/www/html/vendor/laravel/framework/src/Illuminate/Foundation/Http/Kernel.php(175): Illuminate\\Pipeline\\Pipeline->then()
#75 /var/www/html/vendor/laravel/framework/src/Illuminate/Foundation/Http/Kernel.php(144): Illuminate\\Foundation\\Http\\Kernel->sendRequestThroughRouter()
#76 /var/www/html/vendor/laravel/framework/src/Illuminate/Foundation/Application.php(1220): Illuminate\\Foundation\\Http\\Kernel->handle()
#77 /var/www/html/public/index.php(20): Illuminate\\Foundation\\Application->handleRequest()
#78 /var/www/html/vendor/laravel/framework/src/Illuminate/Foundation/resources/server.php(23): require_once('...')
#79 {main}
"} 
[2026-08-08 07:39:08] local.ERROR: Undefined array key "avatar" {"userId":1,"exception":"[object] (ErrorException(code: 0): Undefined array key \"avatar\" at /var/www/html/app/Models/User.php:34)
[stacktrace]
#0 /var/www/html/vendor/laravel/framework/src/Illuminate/Foundation/Bootstrap/HandleExceptions.php(258): Illuminate\\Foundation\\Bootstrap\\HandleExceptions->handleError()
#1 /var/www/html/app/Models/User.php(34): Illuminate\\Foundation\\Bootstrap\\HandleExceptions->{closure:Illuminate\\Foundation\\Bootstrap\\HandleExceptions::forwardsTo():257}()
#2 /var/www/html/vendor/laravel/framework/src/Illuminate/Database/Eloquent/Concerns/HasAttributes.php(733): App\\Models\\User->getAvatarUrlAttribute()
#3 /var/www/html/vendor/laravel/framework/src/Illuminate/Database/Eloquent/Concerns/HasAttributes.php(785): Illuminate\\Database\\Eloquent\\Model->mutateAttribute()
#4 /var/www/html/vendor/laravel/framework/src/Illuminate/Database/Eloquent/Concerns/HasAttributes.php(251): Illuminate\\Database\\Eloquent\\Model->mutateAttributeForArray()
#5 /var/www/html/vendor/laravel/framework/src/Illuminate/Database/Eloquent/Model.php(1925): Illuminate\\Database\\Eloquent\\Model->attributesToArray()
#6 [internal function]: Illuminate\\Database\\Eloquent\\Model->{closure:Illuminate\\Database\\Eloquent\\Model::toArray():1925}()
#7 /var/www/html/vendor/laravel/framework/src/Illuminate/Database/Eloquent/Concerns/PreventsCircularRecursion.php(46): call_user_func()
#8 /var/www/html/vendor/laravel/framework/src/Illuminate/Database/Eloquent/Model.php(1924): Illuminate\\Database\\Eloquent\\Model->withoutRecursion()
#9 /var/www/html/vendor/laravel/framework/src/Illuminate/Collections/Traits/EnumeratesValues.php(978): Illuminate\\Database\\Eloquent\\Model->toArray()
#10 [internal function]: Illuminate\\Support\\Collection->{closure:Illuminate\\Support\\Traits\\EnumeratesValues::toArray():978}()
#11 /var/www/html/vendor/laravel/framework/src/Illuminate/Collections/Arr.php(841): array_map()
#12 /var/www/html/vendor/laravel/framework/src/Illuminate/Collections/Collection.php(815): Illuminate\\Support\\Arr::map()
#13 /var/www/html/vendor/laravel/framework/src/Illuminate/Database/Eloquent/Collection.php(421): Illuminate\\Support\\Collection->map()
#14 /var/www/html/vendor/laravel/framework/src/Illuminate/Collections/Traits/EnumeratesValues.php(978): Illuminate\\Database\\Eloquent\\Collection->map()
#15 /var/www/html/vendor/inertiajs/inertia-laravel/src/PropsResolver.php(429): Illuminate\\Support\\Collection->toArray()
#16 /var/www/html/vendor/inertiajs/inertia-laravel/src/PropsResolver.php(262): Inertia\\PropsResolver->resolveValue()
#17 /var/www/html/vendor/inertiajs/inertia-laravel/src/PropsResolver.php(158): Inertia\\PropsResolver->resolveProps()
#18 /var/www/html/vendor/inertiajs/inertia-laravel/src/Response.php(189): Inertia\\PropsResolver->resolve()
#19 /var/www/html/vendor/laravel/framework/src/Illuminate/Routing/Router.php(921): Inertia\\Response->toResponse()
#20 /var/www/html/vendor/laravel/framework/src/Illuminate/Routing/Router.php(906): Illuminate\\Routing\\Router::toResponse()
#21 /var/www/html/vendor/laravel/framework/src/Illuminate/Routing/Router.php(821): Illuminate\\Routing\\Router->prepareResponse()
#22 /var/www/html/vendor/laravel/framework/src/Illuminate/Pipeline/Pipeline.php(180): Illuminate\\Routing\\Router->{closure:Illuminate\\Routing\\Router::runRouteWithinStack():821}()
#23 /var/www/html/vendor/spatie/laravel-permission/src/Middleware/PermissionMiddleware.php(41): Illuminate\\Pipeline\\Pipeline->{closure:Illuminate\\Pipeline\\Pipeline::prepareDestination():178}()
#24 /var/www/html/vendor/laravel/framework/src/Illuminate/Pipeline/Pipeline.php(219): Spatie\\Permission\\Middleware\\PermissionMiddleware->handle()
#25 /var/www/html/vendor/laravel/framework/src/Illuminate/Auth/Middleware/EnsureEmailIsVerified.php(41): Illuminate\\Pipeline\\Pipeline->{closure:{closure:Illuminate\\Pipeline\\Pipeline::carry():194}:195}()
#26 /var/www/html/vendor/laravel/framework/src/Illuminate/Pipeline/Pipeline.php(219): Illuminate\\Auth\\Middleware\\EnsureEmailIsVerified->handle()
#27 /var/www/html/vendor/laravel/framework/src/Illuminate/Http/Middleware/AddLinkHeadersForPreloadedAssets.php(32): Illuminate\\Pipeline\\Pipeline->{closure:{closure:Illuminate\\Pipeline\\Pipeline::carry():194}:195}()
#28 /var/www/html/vendor/laravel/framework/src/Illuminate/Pipeline/Pipeline.php(219): Illuminate\\Http\\Middleware\\AddLinkHeadersForPreloadedAssets->handle()
#29 /var/www/html/vendor/inertiajs/inertia-laravel/src/Middleware.php(138): Illuminate\\Pipeline\\Pipeline->{closure:{closure:Illuminate\\Pipeline\\Pipeline::carry():194}:195}()
#30 /var/www/html/vendor/laravel/framework/src/Illuminate/Pipeline/Pipeline.php(219): Inertia\\Middleware->handle()
#31 /var/www/html/app/Http/Middleware/HandleAppearance.php(21): Illuminate\\Pipeline\\Pipeline->{closure:{closure:Illuminate\\Pipeline\\Pipeline::carry():194}:195}()
#32 /var/www/html/vendor/laravel/framework/src/Illuminate/Pipeline/Pipeline.php(219): App\\Http\\Middleware\\HandleAppearance->handle()
#33 /var/www/html/vendor/laravel/framework/src/Illuminate/Routing/Middleware/SubstituteBindings.php(52): Illuminate\\Pipeline\\Pipeline->{closure:{closure:Illuminate\\Pipeline\\Pipeline::carry():194}:195}()
#34 /var/www/html/vendor/laravel/framework/src/Illuminate/Pipeline/Pipeline.php(219): Illuminate\\Routing\\Middleware\\SubstituteBindings->handle()
#35 /var/www/html/vendor/laravel/framework/src/Illuminate/Auth/Middleware/Authenticate.php(63): Illuminate\\Pipeline\\Pipeline->{closure:{closure:Illuminate\\Pipeline\\Pipeline::carry():194}:195}()
#36 /var/www/html/vendor/laravel/framework/src/Illuminate/Pipeline/Pipeline.php(219): Illuminate\\Auth\\Middleware\\Authenticate->handle()
#37 /var/www/html/vendor/laravel/framework/src/Illuminate/Foundation/Http/Middleware/PreventRequestForgery.php(104): Illuminate\\Pipeline\\Pipeline->{closure:{closure:Illuminate\\Pipeline\\Pipeline::carry():194}:195}()
#38 /var/www/html/vendor/laravel/framework/src/Illuminate/Pipeline/Pipeline.php(219): Illuminate\\Foundation\\Http\\Middleware\\PreventRequestForgery->handle()
#39 /var/www/html/vendor/laravel/framework/src/Illuminate/View/Middleware/ShareErrorsFromSession.php(48): Illuminate\\Pipeline\\Pipeline->{closure:{closure:Illuminate\\Pipeline\\Pipeline::carry():194}:195}()
#40 /var/www/html/vendor/laravel/framework/src/Illuminate/Pipeline/Pipeline.php(219): Illuminate\\View\\Middleware\\ShareErrorsFromSession->handle()
#41 /var/www/html/vendor/laravel/framework/src/Illuminate/Session/Middleware/StartSession.php(120): Illuminate\\Pipeline\\Pipeline->{closure:{closure:Illuminate\\Pipeline\\Pipeline::carry():194}:195}()
#42 /var/www/html/vendor/laravel/framework/src/Illuminate/Session/Middleware/StartSession.php(63): Illuminate\\Session\\Middleware\\StartSession->handleStatefulRequest()
#43 /var/www/html/vendor/laravel/framework/src/Illuminate/Pipeline/Pipeline.php(219): Illuminate\\Session\\Middleware\\StartSession->handle()
#44 /var/www/html/vendor/laravel/framework/src/Illuminate/Cookie/Middleware/AddQueuedCookiesToResponse.php(36): Illuminate\\Pipeline\\Pipeline->{closure:{closure:Illuminate\\Pipeline\\Pipeline::carry():194}:195}()
#45 /var/www/html/vendor/laravel/framework/src/Illuminate/Pipeline/Pipeline.php(219): Illuminate\\Cookie\\Middleware\\AddQueuedCookiesToResponse->handle()
#46 /var/www/html/vendor/laravel/framework/src/Illuminate/Cookie/Middleware/EncryptCookies.php(74): Illuminate\\Pipeline\\Pipeline->{closure:{closure:Illuminate\\Pipeline\\Pipeline::carry():194}:195}()
#47 /var/www/html/vendor/laravel/framework/src/Illuminate/Pipeline/Pipeline.php(219): Illuminate\\Cookie\\Middleware\\EncryptCookies->handle()
#48 /var/www/html/vendor/laravel/framework/src/Illuminate/Pipeline/Pipeline.php(137): Illuminate\\Pipeline\\Pipeline->{closure:{closure:Illuminate\\Pipeline\\Pipeline::carry():194}:195}()
#49 /var/www/html/vendor/laravel/framework/src/Illuminate/Routing/Router.php(821): Illuminate\\Pipeline\\Pipeline->then()
#50 /var/www/html/vendor/laravel/framework/src/Illuminate/Routing/Router.php(800): Illuminate\\Routing\\Router->runRouteWithinStack()
#51 /var/www/html/vendor/laravel/framework/src/Illuminate/Routing/Router.php(764): Illuminate\\Routing\\Router->runRoute()
#52 /var/www/html/vendor/laravel/framework/src/Illuminate/Routing/Router.php(753): Illuminate\\Routing\\Router->dispatchToRoute()
#53 /var/www/html/vendor/laravel/framework/src/Illuminate/Foundation/Http/Kernel.php(200): Illuminate\\Routing\\Router->dispatch()
#54 /var/www/html/vendor/laravel/framework/src/Illuminate/Pipeline/Pipeline.php(180): Illuminate\\Foundation\\Http\\Kernel->{closure:Illuminate\\Foundation\\Http\\Kernel::dispatchToRouter():197}()
#55 /var/www/html/vendor/laravel/framework/src/Illuminate/Foundation/Http/Middleware/TransformsRequest.php(21): Illuminate\\Pipeline\\Pipeline->{closure:Illuminate\\Pipeline\\Pipeline::prepareDestination():178}()
#56 /var/www/html/vendor/laravel/framework/src/Illuminate/Foundation/Http/Middleware/ConvertEmptyStringsToNull.php(31): Illuminate\\Foundation\\Http\\Middleware\\TransformsRequest->handle()
#57 /var/www/html/vendor/laravel/framework/src/Illuminate/Pipeline/Pipeline.php(219): Illuminate\\Foundation\\Http\\Middleware\\ConvertEmptyStringsToNull->handle()
#58 /var/www/html/vendor/laravel/framework/src/Illuminate/Foundation/Http/Middleware/TransformsRequest.php(21): Illuminate\\Pipeline\\Pipeline->{closure:{closure:Illuminate\\Pipeline\\Pipeline::carry():194}:195}()
#59 /var/www/html/vendor/laravel/framework/src/Illuminate/Foundation/Http/Middleware/TrimStrings.php(51): Illuminate\\Foundation\\Http\\Middleware\\TransformsRequest->handle()
#60 /var/www/html/vendor/laravel/framework/src/Illuminate/Pipeline/Pipeline.php(219): Illuminate\\Foundation\\Http\\Middleware\\TrimStrings->handle()
#61 /var/www/html/vendor/laravel/framework/src/Illuminate/Http/Middleware/ValidatePostSize.php(27): Illuminate\\Pipeline\\Pipeline->{closure:{closure:Illuminate\\Pipeline\\Pipeline::carry():194}:195}()
#62 /var/www/html/vendor/laravel/framework/src/Illuminate/Pipeline/Pipeline.php(219): Illuminate\\Http\\Middleware\\ValidatePostSize->handle()
#63 /var/www/html/vendor/laravel/framework/src/Illuminate/Foundation/Http/Middleware/PreventRequestsDuringMaintenance.php(109): Illuminate\\Pipeline\\Pipeline->{closure:{closure:Illuminate\\Pipeline\\Pipeline::carry():194}:195}()
#64 /var/www/html/vendor/laravel/framework/src/Illuminate/Pipeline/Pipeline.php(219): Illuminate\\Foundation\\Http\\Middleware\\PreventRequestsDuringMaintenance->handle()
#65 /var/www/html/vendor/laravel/framework/src/Illuminate/Http/Middleware/HandleCors.php(61): Illuminate\\Pipeline\\Pipeline->{closure:{closure:Illuminate\\Pipeline\\Pipeline::carry():194}:195}()
#66 /var/www/html/vendor/laravel/framework/src/Illuminate/Pipeline/Pipeline.php(219): Illuminate\\Http\\Middleware\\HandleCors->handle()
#67 /var/www/html/vendor/laravel/framework/src/Illuminate/Http/Middleware/TrustProxies.php(58): Illuminate\\Pipeline\\Pipeline->{closure:{closure:Illuminate\\Pipeline\\Pipeline::carry():194}:195}()
#68 /var/www/html/vendor/laravel/framework/src/Illuminate/Pipeline/Pipeline.php(219): Illuminate\\Http\\Middleware\\TrustProxies->handle()
#69 /var/www/html/vendor/laravel/framework/src/Illuminate/Foundation/Http/Middleware/InvokeDeferredCallbacks.php(22): Illuminate\\Pipeline\\Pipeline->{closure:{closure:Illuminate\\Pipeline\\Pipeline::carry():194}:195}()
#70 /var/www/html/vendor/laravel/framework/src/Illuminate/Pipeline/Pipeline.php(219): Illuminate\\Foundation\\Http\\Middleware\\InvokeDeferredCallbacks->handle()
#71 /var/www/html/vendor/laravel/framework/src/Illuminate/Http/Middleware/ValidatePathEncoding.php(28): Illuminate\\Pipeline\\Pipeline->{closure:{closure:Illuminate\\Pipeline\\Pipeline::carry():194}:195}()
#72 /var/www/html/vendor/laravel/framework/src/Illuminate/Pipeline/Pipeline.php(219): Illuminate\\Http\\Middleware\\ValidatePathEncoding->handle()
#73 /var/www/html/vendor/laravel/framework/src/Illuminate/Pipeline/Pipeline.php(137): Illuminate\\Pipeline\\Pipeline->{closure:{closure:Illuminate\\Pipeline\\Pipeline::carry():194}:195}()
#74 /var/www/html/vendor/laravel/framework/src/Illuminate/Foundation/Http/Kernel.php(175): Illuminate\\Pipeline\\Pipeline->then()
#75 /var/www/html/vendor/laravel/framework/src/Illuminate/Foundation/Http/Kernel.php(144): Illuminate\\Foundation\\Http\\Kernel->sendRequestThroughRouter()
#76 /var/www/html/vendor/laravel/framework/src/Illuminate/Foundation/Application.php(1220): Illuminate\\Foundation\\Http\\Kernel->handle()
#77 /var/www/html/public/index.php(20): Illuminate\\Foundation\\Application->handleRequest()
#78 /var/www/html/vendor/laravel/framework/src/Illuminate/Foundation/resources/server.php(23): require_once('...')
#79 {main}
"} 
[2026-08-08 07:39:11] local.ERROR: Undefined array key "avatar" {"userId":1,"exception":"[object] (ErrorException(code: 0): Undefined array key \"avatar\" at /var/www/html/app/Models/User.php:34)
[stacktrace]
#0 /var/www/html/vendor/laravel/framework/src/Illuminate/Foundation/Bootstrap/HandleExceptions.php(258): Illuminate\\Foundation\\Bootstrap\\HandleExceptions->handleError()
#1 /var/www/html/app/Models/User.php(34): Illuminate\\Foundation\\Bootstrap\\HandleExceptions->{closure:Illuminate\\Foundation\\Bootstrap\\HandleExceptions::forwardsTo():257}()
#2 /var/www/html/vendor/laravel/framework/src/Illuminate/Database/Eloquent/Concerns/HasAttributes.php(733): App\\Models\\User->getAvatarUrlAttribute()
#3 /var/www/html/vendor/laravel/framework/src/Illuminate/Database/Eloquent/Concerns/HasAttributes.php(785): Illuminate\\Database\\Eloquent\\Model->mutateAttribute()
#4 /var/www/html/vendor/laravel/framework/src/Illuminate/Database/Eloquent/Concerns/HasAttributes.php(251): Illuminate\\Database\\Eloquent\\Model->mutateAttributeForArray()
#5 /var/www/html/vendor/laravel/framework/src/Illuminate/Database/Eloquent/Model.php(1925): Illuminate\\Database\\Eloquent\\Model->attributesToArray()
#6 [internal function]: Illuminate\\Database\\Eloquent\\Model->{closure:Illuminate\\Database\\Eloquent\\Model::toArray():1925}()
#7 /var/www/html/vendor/laravel/framework/src/Illuminate/Database/Eloquent/Concerns/PreventsCircularRecursion.php(46): call_user_func()
#8 /var/www/html/vendor/laravel/framework/src/Illuminate/Database/Eloquent/Model.php(1924): Illuminate\\Database\\Eloquent\\Model->withoutRecursion()
#9 /var/www/html/vendor/laravel/framework/src/Illuminate/Collections/Traits/EnumeratesValues.php(978): Illuminate\\Database\\Eloquent\\Model->toArray()
#10 [internal function]: Illuminate\\Support\\Collection->{closure:Illuminate\\Support\\Traits\\EnumeratesValues::toArray():978}()
#11 /var/www/html/vendor/laravel/framework/src/Illuminate/Collections/Arr.php(841): array_map()
#12 /var/www/html/vendor/laravel/framework/src/Illuminate/Collections/Collection.php(815): Illuminate\\Support\\Arr::map()
#13 /var/www/html/vendor/laravel/framework/src/Illuminate/Database/Eloquent/Collection.php(421): Illuminate\\Support\\Collection->map()
#14 /var/www/html/vendor/laravel/framework/src/Illuminate/Collections/Traits/EnumeratesValues.php(978): Illuminate\\Database\\Eloquent\\Collection->map()
#15 /var/www/html/vendor/inertiajs/inertia-laravel/src/PropsResolver.php(429): Illuminate\\Support\\Collection->toArray()
#16 /var/www/html/vendor/inertiajs/inertia-laravel/src/PropsResolver.php(262): Inertia\\PropsResolver->resolveValue()
#17 /var/www/html/vendor/inertiajs/inertia-laravel/src/PropsResolver.php(158): Inertia\\PropsResolver->resolveProps()
#18 /var/www/html/vendor/inertiajs/inertia-laravel/src/Response.php(189): Inertia\\PropsResolver->resolve()
#19 /var/www/html/vendor/laravel/framework/src/Illuminate/Routing/Router.php(921): Inertia\\Response->toResponse()
#20 /var/www/html/vendor/laravel/framework/src/Illuminate/Routing/Router.php(906): Illuminate\\Routing\\Router::toResponse()
#21 /var/www/html/vendor/laravel/framework/src/Illuminate/Routing/Router.php(821): Illuminate\\Routing\\Router->prepareResponse()
#22 /var/www/html/vendor/laravel/framework/src/Illuminate/Pipeline/Pipeline.php(180): Illuminate\\Routing\\Router->{closure:Illuminate\\Routing\\Router::runRouteWithinStack():821}()
#23 /var/www/html/vendor/spatie/laravel-permission/src/Middleware/PermissionMiddleware.php(41): Illuminate\\Pipeline\\Pipeline->{closure:Illuminate\\Pipeline\\Pipeline::prepareDestination():178}()
#24 /var/www/html/vendor/laravel/framework/src/Illuminate/Pipeline/Pipeline.php(219): Spatie\\Permission\\Middleware\\PermissionMiddleware->handle()
#25 /var/www/html/vendor/laravel/framework/src/Illuminate/Auth/Middleware/EnsureEmailIsVerified.php(41): Illuminate\\Pipeline\\Pipeline->{closure:{closure:Illuminate\\Pipeline\\Pipeline::carry():194}:195}()
#26 /var/www/html/vendor/laravel/framework/src/Illuminate/Pipeline/Pipeline.php(219): Illuminate\\Auth\\Middleware\\EnsureEmailIsVerified->handle()
#27 /var/www/html/vendor/laravel/framework/src/Illuminate/Http/Middleware/AddLinkHeadersForPreloadedAssets.php(32): Illuminate\\Pipeline\\Pipeline->{closure:{closure:Illuminate\\Pipeline\\Pipeline::carry():194}:195}()
#28 /var/www/html/vendor/laravel/framework/src/Illuminate/Pipeline/Pipeline.php(219): Illuminate\\Http\\Middleware\\AddLinkHeadersForPreloadedAssets->handle()
#29 /var/www/html/vendor/inertiajs/inertia-laravel/src/Middleware.php(138): Illuminate\\Pipeline\\Pipeline->{closure:{closure:Illuminate\\Pipeline\\Pipeline::carry():194}:195}()
#30 /var/www/html/vendor/laravel/framework/src/Illuminate/Pipeline/Pipeline.php(219): Inertia\\Middleware->handle()
#31 /var/www/html/app/Http/Middleware/HandleAppearance.php(21): Illuminate\\Pipeline\\Pipeline->{closure:{closure:Illuminate\\Pipeline\\Pipeline::carry():194}:195}()
#32 /var/www/html/vendor/laravel/framework/src/Illuminate/Pipeline/Pipeline.php(219): App\\Http\\Middleware\\HandleAppearance->handle()
#33 /var/www/html/vendor/laravel/framework/src/Illuminate/Routing/Middleware/SubstituteBindings.php(52): Illuminate\\Pipeline\\Pipeline->{closure:{closure:Illuminate\\Pipeline\\Pipeline::carry():194}:195}()
#34 /var/www/html/vendor/laravel/framework/src/Illuminate/Pipeline/Pipeline.php(219): Illuminate\\Routing\\Middleware\\SubstituteBindings->handle()
#35 /var/www/html/vendor/laravel/framework/src/Illuminate/Auth/Middleware/Authenticate.php(63): Illuminate\\Pipeline\\Pipeline->{closure:{closure:Illuminate\\Pipeline\\Pipeline::carry():194}:195}()
#36 /var/www/html/vendor/laravel/framework/src/Illuminate/Pipeline/Pipeline.php(219): Illuminate\\Auth\\Middleware\\Authenticate->handle()
#37 /var/www/html/vendor/laravel/framework/src/Illuminate/Foundation/Http/Middleware/PreventRequestForgery.php(104): Illuminate\\Pipeline\\Pipeline->{closure:{closure:Illuminate\\Pipeline\\Pipeline::carry():194}:195}()
#38 /var/www/html/vendor/laravel/framework/src/Illuminate/Pipeline/Pipeline.php(219): Illuminate\\Foundation\\Http\\Middleware\\PreventRequestForgery->handle()
#39 /var/www/html/vendor/laravel/framework/src/Illuminate/View/Middleware/ShareErrorsFromSession.php(48): Illuminate\\Pipeline\\Pipeline->{closure:{closure:Illuminate\\Pipeline\\Pipeline::carry():194}:195}()
#40 /var/www/html/vendor/laravel/framework/src/Illuminate/Pipeline/Pipeline.php(219): Illuminate\\View\\Middleware\\ShareErrorsFromSession->handle()
#41 /var/www/html/vendor/laravel/framework/src/Illuminate/Session/Middleware/StartSession.php(120): Illuminate\\Pipeline\\Pipeline->{closure:{closure:Illuminate\\Pipeline\\Pipeline::carry():194}:195}()
#42 /var/www/html/vendor/laravel/framework/src/Illuminate/Session/Middleware/StartSession.php(63): Illuminate\\Session\\Middleware\\StartSession->handleStatefulRequest()
#43 /var/www/html/vendor/laravel/framework/src/Illuminate/Pipeline/Pipeline.php(219): Illuminate\\Session\\Middleware\\StartSession->handle()
#44 /var/www/html/vendor/laravel/framework/src/Illuminate/Cookie/Middleware/AddQueuedCookiesToResponse.php(36): Illuminate\\Pipeline\\Pipeline->{closure:{closure:Illuminate\\Pipeline\\Pipeline::carry():194}:195}()
#45 /var/www/html/vendor/laravel/framework/src/Illuminate/Pipeline/Pipeline.php(219): Illuminate\\Cookie\\Middleware\\AddQueuedCookiesToResponse->handle()
#46 /var/www/html/vendor/laravel/framework/src/Illuminate/Cookie/Middleware/EncryptCookies.php(74): Illuminate\\Pipeline\\Pipeline->{closure:{closure:Illuminate\\Pipeline\\Pipeline::carry():194}:195}()
#47 /var/www/html/vendor/laravel/framework/src/Illuminate/Pipeline/Pipeline.php(219): Illuminate\\Cookie\\Middleware\\EncryptCookies->handle()
#48 /var/www/html/vendor/laravel/framework/src/Illuminate/Pipeline/Pipeline.php(137): Illuminate\\Pipeline\\Pipeline->{closure:{closure:Illuminate\\Pipeline\\Pipeline::carry():194}:195}()
#49 /var/www/html/vendor/laravel/framework/src/Illuminate/Routing/Router.php(821): Illuminate\\Pipeline\\Pipeline->then()
#50 /var/www/html/vendor/laravel/framework/src/Illuminate/Routing/Router.php(800): Illuminate\\Routing\\Router->runRouteWithinStack()
#51 /var/www/html/vendor/laravel/framework/src/Illuminate/Routing/Router.php(764): Illuminate\\Routing\\Router->runRoute()
#52 /var/www/html/vendor/laravel/framework/src/Illuminate/Routing/Router.php(753): Illuminate\\Routing\\Router->dispatchToRoute()
#53 /var/www/html/vendor/laravel/framework/src/Illuminate/Foundation/Http/Kernel.php(200): Illuminate\\Routing\\Router->dispatch()
#54 /var/www/html/vendor/laravel/framework/src/Illuminate/Pipeline/Pipeline.php(180): Illuminate\\Foundation\\Http\\Kernel->{closure:Illuminate\\Foundation\\Http\\Kernel::dispatchToRouter():197}()
#55 /var/www/html/vendor/laravel/framework/src/Illuminate/Foundation/Http/Middleware/TransformsRequest.php(21): Illuminate\\Pipeline\\Pipeline->{closure:Illuminate\\Pipeline\\Pipeline::prepareDestination():178}()
#56 /var/www/html/vendor/laravel/framework/src/Illuminate/Foundation/Http/Middleware/ConvertEmptyStringsToNull.php(31): Illuminate\\Foundation\\Http\\Middleware\\TransformsRequest->handle()
#57 /var/www/html/vendor/laravel/framework/src/Illuminate/Pipeline/Pipeline.php(219): Illuminate\\Foundation\\Http\\Middleware\\ConvertEmptyStringsToNull->handle()
#58 /var/www/html/vendor/laravel/framework/src/Illuminate/Foundation/Http/Middleware/TransformsRequest.php(21): Illuminate\\Pipeline\\Pipeline->{closure:{closure:Illuminate\\Pipeline\\Pipeline::carry():194}:195}()
#59 /var/www/html/vendor/laravel/framework/src/Illuminate/Foundation/Http/Middleware/TrimStrings.php(51): Illuminate\\Foundation\\Http\\Middleware\\TransformsRequest->handle()
#60 /var/www/html/vendor/laravel/framework/src/Illuminate/Pipeline/Pipeline.php(219): Illuminate\\Foundation\\Http\\Middleware\\TrimStrings->handle()
#61 /var/www/html/vendor/laravel/framework/src/Illuminate/Http/Middleware/ValidatePostSize.php(27): Illuminate\\Pipeline\\Pipeline->{closure:{closure:Illuminate\\Pipeline\\Pipeline::carry():194}:195}()
#62 /var/www/html/vendor/laravel/framework/src/Illuminate/Pipeline/Pipeline.php(219): Illuminate\\Http\\Middleware\\ValidatePostSize->handle()
#63 /var/www/html/vendor/laravel/framework/src/Illuminate/Foundation/Http/Middleware/PreventRequestsDuringMaintenance.php(109): Illuminate\\Pipeline\\Pipeline->{closure:{closure:Illuminate\\Pipeline\\Pipeline::carry():194}:195}()
#64 /var/www/html/vendor/laravel/framework/src/Illuminate/Pipeline/Pipeline.php(219): Illuminate\\Foundation\\Http\\Middleware\\PreventRequestsDuringMaintenance->handle()
#65 /var/www/html/vendor/laravel/framework/src/Illuminate/Http/Middleware/HandleCors.php(61): Illuminate\\Pipeline\\Pipeline->{closure:{closure:Illuminate\\Pipeline\\Pipeline::carry():194}:195}()
#66 /var/www/html/vendor/laravel/framework/src/Illuminate/Pipeline/Pipeline.php(219): Illuminate\\Http\\Middleware\\HandleCors->handle()
#67 /var/www/html/vendor/laravel/framework/src/Illuminate/Http/Middleware/TrustProxies.php(58): Illuminate\\Pipeline\\Pipeline->{closure:{closure:Illuminate\\Pipeline\\Pipeline::carry():194}:195}()
#68 /var/www/html/vendor/laravel/framework/src/Illuminate/Pipeline/Pipeline.php(219): Illuminate\\Http\\Middleware\\TrustProxies->handle()
#69 /var/www/html/vendor/laravel/framework/src/Illuminate/Foundation/Http/Middleware/InvokeDeferredCallbacks.php(22): Illuminate\\Pipeline\\Pipeline->{closure:{closure:Illuminate\\Pipeline\\Pipeline::carry():194}:195}()
#70 /var/www/html/vendor/laravel/framework/src/Illuminate/Pipeline/Pipeline.php(219): Illuminate\\Foundation\\Http\\Middleware\\InvokeDeferredCallbacks->handle()
#71 /var/www/html/vendor/laravel/framework/src/Illuminate/Http/Middleware/ValidatePathEncoding.php(28): Illuminate\\Pipeline\\Pipeline->{closure:{closure:Illuminate\\Pipeline\\Pipeline::carry():194}:195}()
#72 /var/www/html/vendor/laravel/framework/src/Illuminate/Pipeline/Pipeline.php(219): Illuminate\\Http\\Middleware\\ValidatePathEncoding->handle()
#73 /var/www/html/vendor/laravel/framework/src/Illuminate/Pipeline/Pipeline.php(137): Illuminate\\Pipeline\\Pipeline->{closure:{closure:Illuminate\\Pipeline\\Pipeline::carry():194}:195}()
#74 /var/www/html/vendor/laravel/framework/src/Illuminate/Foundation/Http/Kernel.php(175): Illuminate\\Pipeline\\Pipeline->then()
#75 /var/www/html/vendor/laravel/framework/src/Illuminate/Foundation/Http/Kernel.php(144): Illuminate\\Foundation\\Http\\Kernel->sendRequestThroughRouter()
#76 /var/www/html/vendor/laravel/framework/src/Illuminate/Foundation/Application.php(1220): Illuminate\\Foundation\\Http\\Kernel->handle()
#77 /var/www/html/public/index.php(20): Illuminate\\Foundation\\Application->handleRequest()
#78 /var/www/html/vendor/laravel/framework/src/Illuminate/Foundation/resources/server.php(23): require_once('...')
#79 {main}
"} 
[2026-08-08 07:39:12] local.ERROR: Undefined array key "avatar" {"userId":1,"exception":"[object] (ErrorException(code: 0): Undefined array key \"avatar\" at /var/www/html/app/Models/User.php:34)
[stacktrace]
#0 /var/www/html/vendor/laravel/framework/src/Illuminate/Foundation/Bootstrap/HandleExceptions.php(258): Illuminate\\Foundation\\Bootstrap\\HandleExceptions->handleError()
#1 /var/www/html/app/Models/User.php(34): Illuminate\\Foundation\\Bootstrap\\HandleExceptions->{closure:Illuminate\\Foundation\\Bootstrap\\HandleExceptions::forwardsTo():257}()
#2 /var/www/html/vendor/laravel/framework/src/Illuminate/Database/Eloquent/Concerns/HasAttributes.php(733): App\\Models\\User->getAvatarUrlAttribute()
#3 /var/www/html/vendor/laravel/framework/src/Illuminate/Database/Eloquent/Concerns/HasAttributes.php(785): Illuminate\\Database\\Eloquent\\Model->mutateAttribute()
#4 /var/www/html/vendor/laravel/framework/src/Illuminate/Database/Eloquent/Concerns/HasAttributes.php(251): Illuminate\\Database\\Eloquent\\Model->mutateAttributeForArray()
#5 /var/www/html/vendor/laravel/framework/src/Illuminate/Database/Eloquent/Model.php(1925): Illuminate\\Database\\Eloquent\\Model->attributesToArray()
#6 [internal function]: Illuminate\\Database\\Eloquent\\Model->{closure:Illuminate\\Database\\Eloquent\\Model::toArray():1925}()
#7 /var/www/html/vendor/laravel/framework/src/Illuminate/Database/Eloquent/Concerns/PreventsCircularRecursion.php(46): call_user_func()
#8 /var/www/html/vendor/laravel/framework/src/Illuminate/Database/Eloquent/Model.php(1924): Illuminate\\Database\\Eloquent\\Model->withoutRecursion()
#9 /var/www/html/vendor/laravel/framework/src/Illuminate/Collections/Traits/EnumeratesValues.php(978): Illuminate\\Database\\Eloquent\\Model->toArray()
#10 [internal function]: Illuminate\\Support\\Collection->{closure:Illuminate\\Support\\Traits\\EnumeratesValues::toArray():978}()
#11 /var/www/html/vendor/laravel/framework/src/Illuminate/Collections/Arr.php(841): array_map()
#12 /var/www/html/vendor/laravel/framework/src/Illuminate/Collections/Collection.php(815): Illuminate\\Support\\Arr::map()
#13 /var/www/html/vendor/laravel/framework/src/Illuminate/Database/Eloquent/Collection.php(421): Illuminate\\Support\\Collection->map()
#14 /var/www/html/vendor/laravel/framework/src/Illuminate/Collections/Traits/EnumeratesValues.php(978): Illuminate\\Database\\Eloquent\\Collection->map()
#15 /var/www/html/vendor/inertiajs/inertia-laravel/src/PropsResolver.php(429): Illuminate\\Support\\Collection->toArray()
#16 /var/www/html/vendor/inertiajs/inertia-laravel/src/PropsResolver.php(262): Inertia\\PropsResolver->resolveValue()
#17 /var/www/html/vendor/inertiajs/inertia-laravel/src/PropsResolver.php(158): Inertia\\PropsResolver->resolveProps()
#18 /var/www/html/vendor/inertiajs/inertia-laravel/src/Response.php(189): Inertia\\PropsResolver->resolve()
#19 /var/www/html/vendor/laravel/framework/src/Illuminate/Routing/Router.php(921): Inertia\\Response->toResponse()
#20 /var/www/html/vendor/laravel/framework/src/Illuminate/Routing/Router.php(906): Illuminate\\Routing\\Router::toResponse()
#21 /var/www/html/vendor/laravel/framework/src/Illuminate/Routing/Router.php(821): Illuminate\\Routing\\Router->prepareResponse()
#22 /var/www/html/vendor/laravel/framework/src/Illuminate/Pipeline/Pipeline.php(180): Illuminate\\Routing\\Router->{closure:Illuminate\\Routing\\Router::runRouteWithinStack():821}()
#23 /var/www/html/vendor/spatie/laravel-permission/src/Middleware/PermissionMiddleware.php(41): Illuminate\\Pipeline\\Pipeline->{closure:Illuminate\\Pipeline\\Pipeline::prepareDestination():178}()
#24 /var/www/html/vendor/laravel/framework/src/Illuminate/Pipeline/Pipeline.php(219): Spatie\\Permission\\Middleware\\PermissionMiddleware->handle()
#25 /var/www/html/vendor/laravel/framework/src/Illuminate/Auth/Middleware/EnsureEmailIsVerified.php(41): Illuminate\\Pipeline\\Pipeline->{closure:{closure:Illuminate\\Pipeline\\Pipeline::carry():194}:195}()
#26 /var/www/html/vendor/laravel/framework/src/Illuminate/Pipeline/Pipeline.php(219): Illuminate\\Auth\\Middleware\\EnsureEmailIsVerified->handle()
#27 /var/www/html/vendor/laravel/framework/src/Illuminate/Http/Middleware/AddLinkHeadersForPreloadedAssets.php(32): Illuminate\\Pipeline\\Pipeline->{closure:{closure:Illuminate\\Pipeline\\Pipeline::carry():194}:195}()
#28 /var/www/html/vendor/laravel/framework/src/Illuminate/Pipeline/Pipeline.php(219): Illuminate\\Http\\Middleware\\AddLinkHeadersForPreloadedAssets->handle()
#29 /var/www/html/vendor/inertiajs/inertia-laravel/src/Middleware.php(138): Illuminate\\Pipeline\\Pipeline->{closure:{closure:Illuminate\\Pipeline\\Pipeline::carry():194}:195}()
#30 /var/www/html/vendor/laravel/framework/src/Illuminate/Pipeline/Pipeline.php(219): Inertia\\Middleware->handle()
#31 /var/www/html/app/Http/Middleware/HandleAppearance.php(21): Illuminate\\Pipeline\\Pipeline->{closure:{closure:Illuminate\\Pipeline\\Pipeline::carry():194}:195}()
#32 /var/www/html/vendor/laravel/framework/src/Illuminate/Pipeline/Pipeline.php(219): App\\Http\\Middleware\\HandleAppearance->handle()
#33 /var/www/html/vendor/laravel/framework/src/Illuminate/Routing/Middleware/SubstituteBindings.php(52): Illuminate\\Pipeline\\Pipeline->{closure:{closure:Illuminate\\Pipeline\\Pipeline::carry():194}:195}()
#34 /var/www/html/vendor/laravel/framework/src/Illuminate/Pipeline/Pipeline.php(219): Illuminate\\Routing\\Middleware\\SubstituteBindings->handle()
#35 /var/www/html/vendor/laravel/framework/src/Illuminate/Auth/Middleware/Authenticate.php(63): Illuminate\\Pipeline\\Pipeline->{closure:{closure:Illuminate\\Pipeline\\Pipeline::carry():194}:195}()
#36 /var/www/html/vendor/laravel/framework/src/Illuminate/Pipeline/Pipeline.php(219): Illuminate\\Auth\\Middleware\\Authenticate->handle()
#37 /var/www/html/vendor/laravel/framework/src/Illuminate/Foundation/Http/Middleware/PreventRequestForgery.php(104): Illuminate\\Pipeline\\Pipeline->{closure:{closure:Illuminate\\Pipeline\\Pipeline::carry():194}:195}()
#38 /var/www/html/vendor/laravel/framework/src/Illuminate/Pipeline/Pipeline.php(219): Illuminate\\Foundation\\Http\\Middleware\\PreventRequestForgery->handle()
#39 /var/www/html/vendor/laravel/framework/src/Illuminate/View/Middleware/ShareErrorsFromSession.php(48): Illuminate\\Pipeline\\Pipeline->{closure:{closure:Illuminate\\Pipeline\\Pipeline::carry():194}:195}()
#40 /var/www/html/vendor/laravel/framework/src/Illuminate/Pipeline/Pipeline.php(219): Illuminate\\View\\Middleware\\ShareErrorsFromSession->handle()
#41 /var/www/html/vendor/laravel/framework/src/Illuminate/Session/Middleware/StartSession.php(120): Illuminate\\Pipeline\\Pipeline->{closure:{closure:Illuminate\\Pipeline\\Pipeline::carry():194}:195}()
#42 /var/www/html/vendor/laravel/framework/src/Illuminate/Session/Middleware/StartSession.php(63): Illuminate\\Session\\Middleware\\StartSession->handleStatefulRequest()
#43 /var/www/html/vendor/laravel/framework/src/Illuminate/Pipeline/Pipeline.php(219): Illuminate\\Session\\Middleware\\StartSession->handle()
#44 /var/www/html/vendor/laravel/framework/src/Illuminate/Cookie/Middleware/AddQueuedCookiesToResponse.php(36): Illuminate\\Pipeline\\Pipeline->{closure:{closure:Illuminate\\Pipeline\\Pipeline::carry():194}:195}()
#45 /var/www/html/vendor/laravel/framework/src/Illuminate/Pipeline/Pipeline.php(219): Illuminate\\Cookie\\Middleware\\AddQueuedCookiesToResponse->handle()
#46 /var/www/html/vendor/laravel/framework/src/Illuminate/Cookie/Middleware/EncryptCookies.php(74): Illuminate\\Pipeline\\Pipeline->{closure:{closure:Illuminate\\Pipeline\\Pipeline::carry():194}:195}()
#47 /var/www/html/vendor/laravel/framework/src/Illuminate/Pipeline/Pipeline.php(219): Illuminate\\Cookie\\Middleware\\EncryptCookies->handle()
#48 /var/www/html/vendor/laravel/framework/src/Illuminate/Pipeline/Pipeline.php(137): Illuminate\\Pipeline\\Pipeline->{closure:{closure:Illuminate\\Pipeline\\Pipeline::carry():194}:195}()
#49 /var/www/html/vendor/laravel/framework/src/Illuminate/Routing/Router.php(821): Illuminate\\Pipeline\\Pipeline->then()
#50 /var/www/html/vendor/laravel/framework/src/Illuminate/Routing/Router.php(800): Illuminate\\Routing\\Router->runRouteWithinStack()
#51 /var/www/html/vendor/laravel/framework/src/Illuminate/Routing/Router.php(764): Illuminate\\Routing\\Router->runRoute()
#52 /var/www/html/vendor/laravel/framework/src/Illuminate/Routing/Router.php(753): Illuminate\\Routing\\Router->dispatchToRoute()
#53 /var/www/html/vendor/laravel/framework/src/Illuminate/Foundation/Http/Kernel.php(200): Illuminate\\Routing\\Router->dispatch()
#54 /var/www/html/vendor/laravel/framework/src/Illuminate/Pipeline/Pipeline.php(180): Illuminate\\Foundation\\Http\\Kernel->{closure:Illuminate\\Foundation\\Http\\Kernel::dispatchToRouter():197}()
#55 /var/www/html/vendor/laravel/framework/src/Illuminate/Foundation/Http/Middleware/TransformsRequest.php(21): Illuminate\\Pipeline\\Pipeline->{closure:Illuminate\\Pipeline\\Pipeline::prepareDestination():178}()
#56 /var/www/html/vendor/laravel/framework/src/Illuminate/Foundation/Http/Middleware/ConvertEmptyStringsToNull.php(31): Illuminate\\Foundation\\Http\\Middleware\\TransformsRequest->handle()
#57 /var/www/html/vendor/laravel/framework/src/Illuminate/Pipeline/Pipeline.php(219): Illuminate\\Foundation\\Http\\Middleware\\ConvertEmptyStringsToNull->handle()
#58 /var/www/html/vendor/laravel/framework/src/Illuminate/Foundation/Http/Middleware/TransformsRequest.php(21): Illuminate\\Pipeline\\Pipeline->{closure:{closure:Illuminate\\Pipeline\\Pipeline::carry():194}:195}()
#59 /var/www/html/vendor/laravel/framework/src/Illuminate/Foundation/Http/Middleware/TrimStrings.php(51): Illuminate\\Foundation\\Http\\Middleware\\TransformsRequest->handle()
#60 /var/www/html/vendor/laravel/framework/src/Illuminate/Pipeline/Pipeline.php(219): Illuminate\\Foundation\\Http\\Middleware\\TrimStrings->handle()
#61 /var/www/html/vendor/laravel/framework/src/Illuminate/Http/Middleware/ValidatePostSize.php(27): Illuminate\\Pipeline\\Pipeline->{closure:{closure:Illuminate\\Pipeline\\Pipeline::carry():194}:195}()
#62 /var/www/html/vendor/laravel/framework/src/Illuminate/Pipeline/Pipeline.php(219): Illuminate\\Http\\Middleware\\ValidatePostSize->handle()
#63 /var/www/html/vendor/laravel/framework/src/Illuminate/Foundation/Http/Middleware/PreventRequestsDuringMaintenance.php(109): Illuminate\\Pipeline\\Pipeline->{closure:{closure:Illuminate\\Pipeline\\Pipeline::carry():194}:195}()
#64 /var/www/html/vendor/laravel/framework/src/Illuminate/Pipeline/Pipeline.php(219): Illuminate\\Foundation\\Http\\Middleware\\PreventRequestsDuringMaintenance->handle()
#65 /var/www/html/vendor/laravel/framework/src/Illuminate/Http/Middleware/HandleCors.php(61): Illuminate\\Pipeline\\Pipeline->{closure:{closure:Illuminate\\Pipeline\\Pipeline::carry():194}:195}()
#66 /var/www/html/vendor/laravel/framework/src/Illuminate/Pipeline/Pipeline.php(219): Illuminate\\Http\\Middleware\\HandleCors->handle()
#67 /var/www/html/vendor/laravel/framework/src/Illuminate/Http/Middleware/TrustProxies.php(58): Illuminate\\Pipeline\\Pipeline->{closure:{closure:Illuminate\\Pipeline\\Pipeline::carry():194}:195}()
#68 /var/www/html/vendor/laravel/framework/src/Illuminate/Pipeline/Pipeline.php(219): Illuminate\\Http\\Middleware\\TrustProxies->handle()
#69 /var/www/html/vendor/laravel/framework/src/Illuminate/Foundation/Http/Middleware/InvokeDeferredCallbacks.php(22): Illuminate\\Pipeline\\Pipeline->{closure:{closure:Illuminate\\Pipeline\\Pipeline::carry():194}:195}()
#70 /var/www/html/vendor/laravel/framework/src/Illuminate/Pipeline/Pipeline.php(219): Illuminate\\Foundation\\Http\\Middleware\\InvokeDeferredCallbacks->handle()
#71 /var/www/html/vendor/laravel/framework/src/Illuminate/Http/Middleware/ValidatePathEncoding.php(28): Illuminate\\Pipeline\\Pipeline->{closure:{closure:Illuminate\\Pipeline\\Pipeline::carry():194}:195}()
#72 /var/www/html/vendor/laravel/framework/src/Illuminate/Pipeline/Pipeline.php(219): Illuminate\\Http\\Middleware\\ValidatePathEncoding->handle()
#73 /var/www/html/vendor/laravel/framework/src/Illuminate/Pipeline/Pipeline.php(137): Illuminate\\Pipeline\\Pipeline->{closure:{closure:Illuminate\\Pipeline\\Pipeline::carry():194}:195}()
#74 /var/www/html/vendor/laravel/framework/src/Illuminate/Foundation/Http/Kernel.php(175): Illuminate\\Pipeline\\Pipeline->then()
#75 /var/www/html/vendor/laravel/framework/src/Illuminate/Foundation/Http/Kernel.php(144): Illuminate\\Foundation\\Http\\Kernel->sendRequestThroughRouter()
#76 /var/www/html/vendor/laravel/framework/src/Illuminate/Foundation/Application.php(1220): Illuminate\\Foundation\\Http\\Kernel->handle()
#77 /var/www/html/public/index.php(20): Illuminate\\Foundation\\Application->handleRequest()
#78 /var/www/html/vendor/laravel/framework/src/Illuminate/Foundation/resources/server.php(23): require_once('...')
#79 {main}
"} 
[2026-08-08 08:16:27] local.ERROR: Undefined array key "avatar" {"userId":1,"exception":"[object] (ErrorException(code: 0): Undefined array key \"avatar\" at /var/www/html/app/Models/User.php:34)
[stacktrace]
#0 /var/www/html/vendor/laravel/framework/src/Illuminate/Foundation/Bootstrap/HandleExceptions.php(258): Illuminate\\Foundation\\Bootstrap\\HandleExceptions->handleError()
#1 /var/www/html/app/Models/User.php(34): Illuminate\\Foundation\\Bootstrap\\HandleExceptions->{closure:Illuminate\\Foundation\\Bootstrap\\HandleExceptions::forwardsTo():257}()
#2 /var/www/html/vendor/laravel/framework/src/Illuminate/Database/Eloquent/Concerns/HasAttributes.php(733): App\\Models\\User->getAvatarUrlAttribute()
#3 /var/www/html/vendor/laravel/framework/src/Illuminate/Database/Eloquent/Concerns/HasAttributes.php(785): Illuminate\\Database\\Eloquent\\Model->mutateAttribute()
#4 /var/www/html/vendor/laravel/framework/src/Illuminate/Database/Eloquent/Concerns/HasAttributes.php(251): Illuminate\\Database\\Eloquent\\Model->mutateAttributeForArray()
#5 /var/www/html/vendor/laravel/framework/src/Illuminate/Database/Eloquent/Model.php(1925): Illuminate\\Database\\Eloquent\\Model->attributesToArray()
#6 [internal function]: Illuminate\\Database\\Eloquent\\Model->{closure:Illuminate\\Database\\Eloquent\\Model::toArray():1925}()
#7 /var/www/html/vendor/laravel/framework/src/Illuminate/Database/Eloquent/Concerns/PreventsCircularRecursion.php(46): call_user_func()
#8 /var/www/html/vendor/laravel/framework/src/Illuminate/Database/Eloquent/Model.php(1924): Illuminate\\Database\\Eloquent\\Model->withoutRecursion()
#9 /var/www/html/vendor/laravel/framework/src/Illuminate/Collections/Traits/EnumeratesValues.php(978): Illuminate\\Database\\Eloquent\\Model->toArray()
#10 [internal function]: Illuminate\\Support\\Collection->{closure:Illuminate\\Support\\Traits\\EnumeratesValues::toArray():978}()
#11 /var/www/html/vendor/laravel/framework/src/Illuminate/Collections/Arr.php(841): array_map()
#12 /var/www/html/vendor/laravel/framework/src/Illuminate/Collections/Collection.php(815): Illuminate\\Support\\Arr::map()
#13 /var/www/html/vendor/laravel/framework/src/Illuminate/Database/Eloquent/Collection.php(421): Illuminate\\Support\\Collection->map()
#14 /var/www/html/vendor/laravel/framework/src/Illuminate/Collections/Traits/EnumeratesValues.php(978): Illuminate\\Database\\Eloquent\\Collection->map()
#15 /var/www/html/vendor/inertiajs/inertia-laravel/src/PropsResolver.php(429): Illuminate\\Support\\Collection->toArray()
#16 /var/www/html/vendor/inertiajs/inertia-laravel/src/PropsResolver.php(262): Inertia\\PropsResolver->resolveValue()
#17 /var/www/html/vendor/inertiajs/inertia-laravel/src/PropsResolver.php(158): Inertia\\PropsResolver->resolveProps()
#18 /var/www/html/vendor/inertiajs/inertia-laravel/src/Response.php(189): Inertia\\PropsResolver->resolve()
#19 /var/www/html/vendor/laravel/framework/src/Illuminate/Routing/Router.php(921): Inertia\\Response->toResponse()
#20 /var/www/html/vendor/laravel/framework/src/Illuminate/Routing/Router.php(906): Illuminate\\Routing\\Router::toResponse()
#21 /var/www/html/vendor/laravel/framework/src/Illuminate/Routing/Router.php(821): Illuminate\\Routing\\Router->prepareResponse()
#22 /var/www/html/vendor/laravel/framework/src/Illuminate/Pipeline/Pipeline.php(180): Illuminate\\Routing\\Router->{closure:Illuminate\\Routing\\Router::runRouteWithinStack():821}()
#23 /var/www/html/vendor/spatie/laravel-permission/src/Middleware/PermissionMiddleware.php(41): Illuminate\\Pipeline\\Pipeline->{closure:Illuminate\\Pipeline\\Pipeline::prepareDestination():178}()
#24 /var/www/html/vendor/laravel/framework/src/Illuminate/Pipeline/Pipeline.php(219): Spatie\\Permission\\Middleware\\PermissionMiddleware->handle()
#25 /var/www/html/vendor/laravel/framework/src/Illuminate/Auth/Middleware/EnsureEmailIsVerified.php(41): Illuminate\\Pipeline\\Pipeline->{closure:{closure:Illuminate\\Pipeline\\Pipeline::carry():194}:195}()
#26 /var/www/html/vendor/laravel/framework/src/Illuminate/Pipeline/Pipeline.php(219): Illuminate\\Auth\\Middleware\\EnsureEmailIsVerified->handle()
#27 /var/www/html/vendor/laravel/framework/src/Illuminate/Http/Middleware/AddLinkHeadersForPreloadedAssets.php(32): Illuminate\\Pipeline\\Pipeline->{closure:{closure:Illuminate\\Pipeline\\Pipeline::carry():194}:195}()
#28 /var/www/html/vendor/laravel/framework/src/Illuminate/Pipeline/Pipeline.php(219): Illuminate\\Http\\Middleware\\AddLinkHeadersForPreloadedAssets->handle()
#29 /var/www/html/vendor/inertiajs/inertia-laravel/src/Middleware.php(138): Illuminate\\Pipeline\\Pipeline->{closure:{closure:Illuminate\\Pipeline\\Pipeline::carry():194}:195}()
#30 /var/www/html/vendor/laravel/framework/src/Illuminate/Pipeline/Pipeline.php(219): Inertia\\Middleware->handle()
#31 /var/www/html/app/Http/Middleware/HandleAppearance.php(21): Illuminate\\Pipeline\\Pipeline->{closure:{closure:Illuminate\\Pipeline\\Pipeline::carry():194}:195}()
#32 /var/www/html/vendor/laravel/framework/src/Illuminate/Pipeline/Pipeline.php(219): App\\Http\\Middleware\\HandleAppearance->handle()
#33 /var/www/html/vendor/laravel/framework/src/Illuminate/Routing/Middleware/SubstituteBindings.php(52): Illuminate\\Pipeline\\Pipeline->{closure:{closure:Illuminate\\Pipeline\\Pipeline::carry():194}:195}()
#34 /var/www/html/vendor/laravel/framework/src/Illuminate/Pipeline/Pipeline.php(219): Illuminate\\Routing\\Middleware\\SubstituteBindings->handle()
#35 /var/www/html/vendor/laravel/framework/src/Illuminate/Auth/Middleware/Authenticate.php(63): Illuminate\\Pipeline\\Pipeline->{closure:{closure:Illuminate\\Pipeline\\Pipeline::carry():194}:195}()
#36 /var/www/html/vendor/laravel/framework/src/Illuminate/Pipeline/Pipeline.php(219): Illuminate\\Auth\\Middleware\\Authenticate->handle()
#37 /var/www/html/vendor/laravel/framework/src/Illuminate/Foundation/Http/Middleware/PreventRequestForgery.php(104): Illuminate\\Pipeline\\Pipeline->{closure:{closure:Illuminate\\Pipeline\\Pipeline::carry():194}:195}()
#38 /var/www/html/vendor/laravel/framework/src/Illuminate/Pipeline/Pipeline.php(219): Illuminate\\Foundation\\Http\\Middleware\\PreventRequestForgery->handle()
#39 /var/www/html/vendor/laravel/framework/src/Illuminate/View/Middleware/ShareErrorsFromSession.php(48): Illuminate\\Pipeline\\Pipeline->{closure:{closure:Illuminate\\Pipeline\\Pipeline::carry():194}:195}()
#40 /var/www/html/vendor/laravel/framework/src/Illuminate/Pipeline/Pipeline.php(219): Illuminate\\View\\Middleware\\ShareErrorsFromSession->handle()
#41 /var/www/html/vendor/laravel/framework/src/Illuminate/Session/Middleware/StartSession.php(120): Illuminate\\Pipeline\\Pipeline->{closure:{closure:Illuminate\\Pipeline\\Pipeline::carry():194}:195}()
#42 /var/www/html/vendor/laravel/framework/src/Illuminate/Session/Middleware/StartSession.php(63): Illuminate\\Session\\Middleware\\StartSession->handleStatefulRequest()
#43 /var/www/html/vendor/laravel/framework/src/Illuminate/Pipeline/Pipeline.php(219): Illuminate\\Session\\Middleware\\StartSession->handle()
#44 /var/www/html/vendor/laravel/framework/src/Illuminate/Cookie/Middleware/AddQueuedCookiesToResponse.php(36): Illuminate\\Pipeline\\Pipeline->{closure:{closure:Illuminate\\Pipeline\\Pipeline::carry():194}:195}()
#45 /var/www/html/vendor/laravel/framework/src/Illuminate/Pipeline/Pipeline.php(219): Illuminate\\Cookie\\Middleware\\AddQueuedCookiesToResponse->handle()
#46 /var/www/html/vendor/laravel/framework/src/Illuminate/Cookie/Middleware/EncryptCookies.php(74): Illuminate\\Pipeline\\Pipeline->{closure:{closure:Illuminate\\Pipeline\\Pipeline::carry():194}:195}()
#47 /var/www/html/vendor/laravel/framework/src/Illuminate/Pipeline/Pipeline.php(219): Illuminate\\Cookie\\Middleware\\EncryptCookies->handle()
#48 /var/www/html/vendor/laravel/framework/src/Illuminate/Pipeline/Pipeline.php(137): Illuminate\\Pipeline\\Pipeline->{closure:{closure:Illuminate\\Pipeline\\Pipeline::carry():194}:195}()
#49 /var/www/html/vendor/laravel/framework/src/Illuminate/Routing/Router.php(821): Illuminate\\Pipeline\\Pipeline->then()
#50 /var/www/html/vendor/laravel/framework/src/Illuminate/Routing/Router.php(800): Illuminate\\Routing\\Router->runRouteWithinStack()
#51 /var/www/html/vendor/laravel/framework/src/Illuminate/Routing/Router.php(764): Illuminate\\Routing\\Router->runRoute()
#52 /var/www/html/vendor/laravel/framework/src/Illuminate/Routing/Router.php(753): Illuminate\\Routing\\Router->dispatchToRoute()
#53 /var/www/html/vendor/laravel/framework/src/Illuminate/Foundation/Http/Kernel.php(200): Illuminate\\Routing\\Router->dispatch()
#54 /var/www/html/vendor/laravel/framework/src/Illuminate/Pipeline/Pipeline.php(180): Illuminate\\Foundation\\Http\\Kernel->{closure:Illuminate\\Foundation\\Http\\Kernel::dispatchToRouter():197}()
#55 /var/www/html/vendor/laravel/framework/src/Illuminate/Foundation/Http/Middleware/TransformsRequest.php(21): Illuminate\\Pipeline\\Pipeline->{closure:Illuminate\\Pipeline\\Pipeline::prepareDestination():178}()
#56 /var/www/html/vendor/laravel/framework/src/Illuminate/Foundation/Http/Middleware/ConvertEmptyStringsToNull.php(31): Illuminate\\Foundation\\Http\\Middleware\\TransformsRequest->handle()
#57 /var/www/html/vendor/laravel/framework/src/Illuminate/Pipeline/Pipeline.php(219): Illuminate\\Foundation\\Http\\Middleware\\ConvertEmptyStringsToNull->handle()
#58 /var/www/html/vendor/laravel/framework/src/Illuminate/Foundation/Http/Middleware/TransformsRequest.php(21): Illuminate\\Pipeline\\Pipeline->{closure:{closure:Illuminate\\Pipeline\\Pipeline::carry():194}:195}()
#59 /var/www/html/vendor/laravel/framework/src/Illuminate/Foundation/Http/Middleware/TrimStrings.php(51): Illuminate\\Foundation\\Http\\Middleware\\TransformsRequest->handle()
#60 /var/www/html/vendor/laravel/framework/src/Illuminate/Pipeline/Pipeline.php(219): Illuminate\\Foundation\\Http\\Middleware\\TrimStrings->handle()
#61 /var/www/html/vendor/laravel/framework/src/Illuminate/Http/Middleware/ValidatePostSize.php(27): Illuminate\\Pipeline\\Pipeline->{closure:{closure:Illuminate\\Pipeline\\Pipeline::carry():194}:195}()
#62 /var/www/html/vendor/laravel/framework/src/Illuminate/Pipeline/Pipeline.php(219): Illuminate\\Http\\Middleware\\ValidatePostSize->handle()
#63 /var/www/html/vendor/laravel/framework/src/Illuminate/Foundation/Http/Middleware/PreventRequestsDuringMaintenance.php(109): Illuminate\\Pipeline\\Pipeline->{closure:{closure:Illuminate\\Pipeline\\Pipeline::carry():194}:195}()
#64 /var/www/html/vendor/laravel/framework/src/Illuminate/Pipeline/Pipeline.php(219): Illuminate\\Foundation\\Http\\Middleware\\PreventRequestsDuringMaintenance->handle()
#65 /var/www/html/vendor/laravel/framework/src/Illuminate/Http/Middleware/HandleCors.php(61): Illuminate\\Pipeline\\Pipeline->{closure:{closure:Illuminate\\Pipeline\\Pipeline::carry():194}:195}()
#66 /var/www/html/vendor/laravel/framework/src/Illuminate/Pipeline/Pipeline.php(219): Illuminate\\Http\\Middleware\\HandleCors->handle()
#67 /var/www/html/vendor/laravel/framework/src/Illuminate/Http/Middleware/TrustProxies.php(58): Illuminate\\Pipeline\\Pipeline->{closure:{closure:Illuminate\\Pipeline\\Pipeline::carry():194}:195}()
#68 /var/www/html/vendor/laravel/framework/src/Illuminate/Pipeline/Pipeline.php(219): Illuminate\\Http\\Middleware\\TrustProxies->handle()
#69 /var/www/html/vendor/laravel/framework/src/Illuminate/Foundation/Http/Middleware/InvokeDeferredCallbacks.php(22): Illuminate\\Pipeline\\Pipeline->{closure:{closure:Illuminate\\Pipeline\\Pipeline::carry():194}:195}()
#70 /var/www/html/vendor/laravel/framework/src/Illuminate/Pipeline/Pipeline.php(219): Illuminate\\Foundation\\Http\\Middleware\\InvokeDeferredCallbacks->handle()
#71 /var/www/html/vendor/laravel/framework/src/Illuminate/Http/Middleware/ValidatePathEncoding.php(28): Illuminate\\Pipeline\\Pipeline->{closure:{closure:Illuminate\\Pipeline\\Pipeline::carry():194}:195}()
#72 /var/www/html/vendor/laravel/framework/src/Illuminate/Pipeline/Pipeline.php(219): Illuminate\\Http\\Middleware\\ValidatePathEncoding->handle()
#73 /var/www/html/vendor/laravel/framework/src/Illuminate/Pipeline/Pipeline.php(137): Illuminate\\Pipeline\\Pipeline->{closure:{closure:Illuminate\\Pipeline\\Pipeline::carry():194}:195}()
#74 /var/www/html/vendor/laravel/framework/src/Illuminate/Foundation/Http/Kernel.php(175): Illuminate\\Pipeline\\Pipeline->then()
#75 /var/www/html/vendor/laravel/framework/src/Illuminate/Foundation/Http/Kernel.php(144): Illuminate\\Foundation\\Http\\Kernel->sendRequestThroughRouter()
#76 /var/www/html/vendor/laravel/framework/src/Illuminate/Foundation/Application.php(1220): Illuminate\\Foundation\\Http\\Kernel->handle()
#77 /var/www/html/public/index.php(20): Illuminate\\Foundation\\Application->handleRequest()
#78 /var/www/html/vendor/laravel/framework/src/Illuminate/Foundation/resources/server.php(23): require_once('...')
#79 {main}
"} 
[2026-08-08 08:16:29] local.ERROR: Undefined array key "avatar" {"userId":1,"exception":"[object] (ErrorException(code: 0): Undefined array key \"avatar\" at /var/www/html/app/Models/User.php:34)
[stacktrace]
#0 /var/www/html/vendor/laravel/framework/src/Illuminate/Foundation/Bootstrap/HandleExceptions.php(258): Illuminate\\Foundation\\Bootstrap\\HandleExceptions->handleError()
#1 /var/www/html/app/Models/User.php(34): Illuminate\\Foundation\\Bootstrap\\HandleExceptions->{closure:Illuminate\\Foundation\\Bootstrap\\HandleExceptions::forwardsTo():257}()
#2 /var/www/html/vendor/laravel/framework/src/Illuminate/Database/Eloquent/Concerns/HasAttributes.php(733): App\\Models\\User->getAvatarUrlAttribute()
#3 /var/www/html/vendor/laravel/framework/src/Illuminate/Database/Eloquent/Concerns/HasAttributes.php(785): Illuminate\\Database\\Eloquent\\Model->mutateAttribute()
#4 /var/www/html/vendor/laravel/framework/src/Illuminate/Database/Eloquent/Concerns/HasAttributes.php(251): Illuminate\\Database\\Eloquent\\Model->mutateAttributeForArray()
#5 /var/www/html/vendor/laravel/framework/src/Illuminate/Database/Eloquent/Model.php(1925): Illuminate\\Database\\Eloquent\\Model->attributesToArray()
#6 [internal function]: Illuminate\\Database\\Eloquent\\Model->{closure:Illuminate\\Database\\Eloquent\\Model::toArray():1925}()
#7 /var/www/html/vendor/laravel/framework/src/Illuminate/Database/Eloquent/Concerns/PreventsCircularRecursion.php(46): call_user_func()
#8 /var/www/html/vendor/laravel/framework/src/Illuminate/Database/Eloquent/Model.php(1924): Illuminate\\Database\\Eloquent\\Model->withoutRecursion()
#9 /var/www/html/vendor/laravel/framework/src/Illuminate/Collections/Traits/EnumeratesValues.php(978): Illuminate\\Database\\Eloquent\\Model->toArray()
#10 [internal function]: Illuminate\\Support\\Collection->{closure:Illuminate\\Support\\Traits\\EnumeratesValues::toArray():978}()
#11 /var/www/html/vendor/laravel/framework/src/Illuminate/Collections/Arr.php(841): array_map()
#12 /var/www/html/vendor/laravel/framework/src/Illuminate/Collections/Collection.php(815): Illuminate\\Support\\Arr::map()
#13 /var/www/html/vendor/laravel/framework/src/Illuminate/Database/Eloquent/Collection.php(421): Illuminate\\Support\\Collection->map()
#14 /var/www/html/vendor/laravel/framework/src/Illuminate/Collections/Traits/EnumeratesValues.php(978): Illuminate\\Database\\Eloquent\\Collection->map()
#15 /var/www/html/vendor/inertiajs/inertia-laravel/src/PropsResolver.php(429): Illuminate\\Support\\Collection->toArray()
#16 /var/www/html/vendor/inertiajs/inertia-laravel/src/PropsResolver.php(262): Inertia\\PropsResolver->resolveValue()
#17 /var/www/html/vendor/inertiajs/inertia-laravel/src/PropsResolver.php(158): Inertia\\PropsResolver->resolveProps()
#18 /var/www/html/vendor/inertiajs/inertia-laravel/src/Response.php(189): Inertia\\PropsResolver->resolve()
#19 /var/www/html/vendor/laravel/framework/src/Illuminate/Routing/Router.php(921): Inertia\\Response->toResponse()
#20 /var/www/html/vendor/laravel/framework/src/Illuminate/Routing/Router.php(906): Illuminate\\Routing\\Router::toResponse()
#21 /var/www/html/vendor/laravel/framework/src/Illuminate/Routing/Router.php(821): Illuminate\\Routing\\Router->prepareResponse()
#22 /var/www/html/vendor/laravel/framework/src/Illuminate/Pipeline/Pipeline.php(180): Illuminate\\Routing\\Router->{closure:Illuminate\\Routing\\Router::runRouteWithinStack():821}()
#23 /var/www/html/vendor/spatie/laravel-permission/src/Middleware/PermissionMiddleware.php(41): Illuminate\\Pipeline\\Pipeline->{closure:Illuminate\\Pipeline\\Pipeline::prepareDestination():178}()
#24 /var/www/html/vendor/laravel/framework/src/Illuminate/Pipeline/Pipeline.php(219): Spatie\\Permission\\Middleware\\PermissionMiddleware->handle()
#25 /var/www/html/vendor/laravel/framework/src/Illuminate/Auth/Middleware/EnsureEmailIsVerified.php(41): Illuminate\\Pipeline\\Pipeline->{closure:{closure:Illuminate\\Pipeline\\Pipeline::carry():194}:195}()
#26 /var/www/html/vendor/laravel/framework/src/Illuminate/Pipeline/Pipeline.php(219): Illuminate\\Auth\\Middleware\\EnsureEmailIsVerified->handle()
#27 /var/www/html/vendor/laravel/framework/src/Illuminate/Http/Middleware/AddLinkHeadersForPreloadedAssets.php(32): Illuminate\\Pipeline\\Pipeline->{closure:{closure:Illuminate\\Pipeline\\Pipeline::carry():194}:195}()
#28 /var/www/html/vendor/laravel/framework/src/Illuminate/Pipeline/Pipeline.php(219): Illuminate\\Http\\Middleware\\AddLinkHeadersForPreloadedAssets->handle()
#29 /var/www/html/vendor/inertiajs/inertia-laravel/src/Middleware.php(138): Illuminate\\Pipeline\\Pipeline->{closure:{closure:Illuminate\\Pipeline\\Pipeline::carry():194}:195}()
#30 /var/www/html/vendor/laravel/framework/src/Illuminate/Pipeline/Pipeline.php(219): Inertia\\Middleware->handle()
#31 /var/www/html/app/Http/Middleware/HandleAppearance.php(21): Illuminate\\Pipeline\\Pipeline->{closure:{closure:Illuminate\\Pipeline\\Pipeline::carry():194}:195}()
#32 /var/www/html/vendor/laravel/framework/src/Illuminate/Pipeline/Pipeline.php(219): App\\Http\\Middleware\\HandleAppearance->handle()
#33 /var/www/html/vendor/laravel/framework/src/Illuminate/Routing/Middleware/SubstituteBindings.php(52): Illuminate\\Pipeline\\Pipeline->{closure:{closure:Illuminate\\Pipeline\\Pipeline::carry():194}:195}()
#34 /var/www/html/vendor/laravel/framework/src/Illuminate/Pipeline/Pipeline.php(219): Illuminate\\Routing\\Middleware\\SubstituteBindings->handle()
#35 /var/www/html/vendor/laravel/framework/src/Illuminate/Auth/Middleware/Authenticate.php(63): Illuminate\\Pipeline\\Pipeline->{closure:{closure:Illuminate\\Pipeline\\Pipeline::carry():194}:195}()
#36 /var/www/html/vendor/laravel/framework/src/Illuminate/Pipeline/Pipeline.php(219): Illuminate\\Auth\\Middleware\\Authenticate->handle()
#37 /var/www/html/vendor/laravel/framework/src/Illuminate/Foundation/Http/Middleware/PreventRequestForgery.php(104): Illuminate\\Pipeline\\Pipeline->{closure:{closure:Illuminate\\Pipeline\\Pipeline::carry():194}:195}()
#38 /var/www/html/vendor/laravel/framework/src/Illuminate/Pipeline/Pipeline.php(219): Illuminate\\Foundation\\Http\\Middleware\\PreventRequestForgery->handle()
#39 /var/www/html/vendor/laravel/framework/src/Illuminate/View/Middleware/ShareErrorsFromSession.php(48): Illuminate\\Pipeline\\Pipeline->{closure:{closure:Illuminate\\Pipeline\\Pipeline::carry():194}:195}()
#40 /var/www/html/vendor/laravel/framework/src/Illuminate/Pipeline/Pipeline.php(219): Illuminate\\View\\Middleware\\ShareErrorsFromSession->handle()
#41 /var/www/html/vendor/laravel/framework/src/Illuminate/Session/Middleware/StartSession.php(120): Illuminate\\Pipeline\\Pipeline->{closure:{closure:Illuminate\\Pipeline\\Pipeline::carry():194}:195}()
#42 /var/www/html/vendor/laravel/framework/src/Illuminate/Session/Middleware/StartSession.php(63): Illuminate\\Session\\Middleware\\StartSession->handleStatefulRequest()
#43 /var/www/html/vendor/laravel/framework/src/Illuminate/Pipeline/Pipeline.php(219): Illuminate\\Session\\Middleware\\StartSession->handle()
#44 /var/www/html/vendor/laravel/framework/src/Illuminate/Cookie/Middleware/AddQueuedCookiesToResponse.php(36): Illuminate\\Pipeline\\Pipeline->{closure:{closure:Illuminate\\Pipeline\\Pipeline::carry():194}:195}()
#45 /var/www/html/vendor/laravel/framework/src/Illuminate/Pipeline/Pipeline.php(219): Illuminate\\Cookie\\Middleware\\AddQueuedCookiesToResponse->handle()
#46 /var/www/html/vendor/laravel/framework/src/Illuminate/Cookie/Middleware/EncryptCookies.php(74): Illuminate\\Pipeline\\Pipeline->{closure:{closure:Illuminate\\Pipeline\\Pipeline::carry():194}:195}()
#47 /var/www/html/vendor/laravel/framework/src/Illuminate/Pipeline/Pipeline.php(219): Illuminate\\Cookie\\Middleware\\EncryptCookies->handle()
#48 /var/www/html/vendor/laravel/framework/src/Illuminate/Pipeline/Pipeline.php(137): Illuminate\\Pipeline\\Pipeline->{closure:{closure:Illuminate\\Pipeline\\Pipeline::carry():194}:195}()
#49 /var/www/html/vendor/laravel/framework/src/Illuminate/Routing/Router.php(821): Illuminate\\Pipeline\\Pipeline->then()
#50 /var/www/html/vendor/laravel/framework/src/Illuminate/Routing/Router.php(800): Illuminate\\Routing\\Router->runRouteWithinStack()
#51 /var/www/html/vendor/laravel/framework/src/Illuminate/Routing/Router.php(764): Illuminate\\Routing\\Router->runRoute()
#52 /var/www/html/vendor/laravel/framework/src/Illuminate/Routing/Router.php(753): Illuminate\\Routing\\Router->dispatchToRoute()
#53 /var/www/html/vendor/laravel/framework/src/Illuminate/Foundation/Http/Kernel.php(200): Illuminate\\Routing\\Router->dispatch()
#54 /var/www/html/vendor/laravel/framework/src/Illuminate/Pipeline/Pipeline.php(180): Illuminate\\Foundation\\Http\\Kernel->{closure:Illuminate\\Foundation\\Http\\Kernel::dispatchToRouter():197}()
#55 /var/www/html/vendor/laravel/framework/src/Illuminate/Foundation/Http/Middleware/TransformsRequest.php(21): Illuminate\\Pipeline\\Pipeline->{closure:Illuminate\\Pipeline\\Pipeline::prepareDestination():178}()
#56 /var/www/html/vendor/laravel/framework/src/Illuminate/Foundation/Http/Middleware/ConvertEmptyStringsToNull.php(31): Illuminate\\Foundation\\Http\\Middleware\\TransformsRequest->handle()
#57 /var/www/html/vendor/laravel/framework/src/Illuminate/Pipeline/Pipeline.php(219): Illuminate\\Foundation\\Http\\Middleware\\ConvertEmptyStringsToNull->handle()
#58 /var/www/html/vendor/laravel/framework/src/Illuminate/Foundation/Http/Middleware/TransformsRequest.php(21): Illuminate\\Pipeline\\Pipeline->{closure:{closure:Illuminate\\Pipeline\\Pipeline::carry():194}:195}()
#59 /var/www/html/vendor/laravel/framework/src/Illuminate/Foundation/Http/Middleware/TrimStrings.php(51): Illuminate\\Foundation\\Http\\Middleware\\TransformsRequest->handle()
#60 /var/www/html/vendor/laravel/framework/src/Illuminate/Pipeline/Pipeline.php(219): Illuminate\\Foundation\\Http\\Middleware\\TrimStrings->handle()
#61 /var/www/html/vendor/laravel/framework/src/Illuminate/Http/Middleware/ValidatePostSize.php(27): Illuminate\\Pipeline\\Pipeline->{closure:{closure:Illuminate\\Pipeline\\Pipeline::carry():194}:195}()
#62 /var/www/html/vendor/laravel/framework/src/Illuminate/Pipeline/Pipeline.php(219): Illuminate\\Http\\Middleware\\ValidatePostSize->handle()
#63 /var/www/html/vendor/laravel/framework/src/Illuminate/Foundation/Http/Middleware/PreventRequestsDuringMaintenance.php(109): Illuminate\\Pipeline\\Pipeline->{closure:{closure:Illuminate\\Pipeline\\Pipeline::carry():194}:195}()
#64 /var/www/html/vendor/laravel/framework/src/Illuminate/Pipeline/Pipeline.php(219): Illuminate\\Foundation\\Http\\Middleware\\PreventRequestsDuringMaintenance->handle()
#65 /var/www/html/vendor/laravel/framework/src/Illuminate/Http/Middleware/HandleCors.php(61): Illuminate\\Pipeline\\Pipeline->{closure:{closure:Illuminate\\Pipeline\\Pipeline::carry():194}:195}()
#66 /var/www/html/vendor/laravel/framework/src/Illuminate/Pipeline/Pipeline.php(219): Illuminate\\Http\\Middleware\\HandleCors->handle()
#67 /var/www/html/vendor/laravel/framework/src/Illuminate/Http/Middleware/TrustProxies.php(58): Illuminate\\Pipeline\\Pipeline->{closure:{closure:Illuminate\\Pipeline\\Pipeline::carry():194}:195}()
#68 /var/www/html/vendor/laravel/framework/src/Illuminate/Pipeline/Pipeline.php(219): Illuminate\\Http\\Middleware\\TrustProxies->handle()
#69 /var/www/html/vendor/laravel/framework/src/Illuminate/Foundation/Http/Middleware/InvokeDeferredCallbacks.php(22): Illuminate\\Pipeline\\Pipeline->{closure:{closure:Illuminate\\Pipeline\\Pipeline::carry():194}:195}()
#70 /var/www/html/vendor/laravel/framework/src/Illuminate/Pipeline/Pipeline.php(219): Illuminate\\Foundation\\Http\\Middleware\\InvokeDeferredCallbacks->handle()
#71 /var/www/html/vendor/laravel/framework/src/Illuminate/Http/Middleware/ValidatePathEncoding.php(28): Illuminate\\Pipeline\\Pipeline->{closure:{closure:Illuminate\\Pipeline\\Pipeline::carry():194}:195}()
#72 /var/www/html/vendor/laravel/framework/src/Illuminate/Pipeline/Pipeline.php(219): Illuminate\\Http\\Middleware\\ValidatePathEncoding->handle()
#73 /var/www/html/vendor/laravel/framework/src/Illuminate/Pipeline/Pipeline.php(137): Illuminate\\Pipeline\\Pipeline->{closure:{closure:Illuminate\\Pipeline\\Pipeline::carry():194}:195}()
#74 /var/www/html/vendor/laravel/framework/src/Illuminate/Foundation/Http/Kernel.php(175): Illuminate\\Pipeline\\Pipeline->then()
#75 /var/www/html/vendor/laravel/framework/src/Illuminate/Foundation/Http/Kernel.php(144): Illuminate\\Foundation\\Http\\Kernel->sendRequestThroughRouter()
#76 /var/www/html/vendor/laravel/framework/src/Illuminate/Foundation/Application.php(1220): Illuminate\\Foundation\\Http\\Kernel->handle()
#77 /var/www/html/public/index.php(20): Illuminate\\Foundation\\Application->handleRequest()
#78 /var/www/html/vendor/laravel/framework/src/Illuminate/Foundation/resources/server.php(23): require_once('...')
#79 {main}
"} 
[2026-08-08 08:16:31] local.ERROR: Undefined array key "avatar" {"userId":1,"exception":"[object] (ErrorException(code: 0): Undefined array key \"avatar\" at /var/www/html/app/Models/User.php:34)
[stacktrace]
#0 /var/www/html/vendor/laravel/framework/src/Illuminate/Foundation/Bootstrap/HandleExceptions.php(258): Illuminate\\Foundation\\Bootstrap\\HandleExceptions->handleError()
#1 /var/www/html/app/Models/User.php(34): Illuminate\\Foundation\\Bootstrap\\HandleExceptions->{closure:Illuminate\\Foundation\\Bootstrap\\HandleExceptions::forwardsTo():257}()
#2 /var/www/html/vendor/laravel/framework/src/Illuminate/Database/Eloquent/Concerns/HasAttributes.php(733): App\\Models\\User->getAvatarUrlAttribute()
#3 /var/www/html/vendor/laravel/framework/src/Illuminate/Database/Eloquent/Concerns/HasAttributes.php(785): Illuminate\\Database\\Eloquent\\Model->mutateAttribute()
#4 /var/www/html/vendor/laravel/framework/src/Illuminate/Database/Eloquent/Concerns/HasAttributes.php(251): Illuminate\\Database\\Eloquent\\Model->mutateAttributeForArray()
#5 /var/www/html/vendor/laravel/framework/src/Illuminate/Database/Eloquent/Model.php(1925): Illuminate\\Database\\Eloquent\\Model->attributesToArray()
#6 [internal function]: Illuminate\\Database\\Eloquent\\Model->{closure:Illuminate\\Database\\Eloquent\\Model::toArray():1925}()
#7 /var/www/html/vendor/laravel/framework/src/Illuminate/Database/Eloquent/Concerns/PreventsCircularRecursion.php(46): call_user_func()
#8 /var/www/html/vendor/laravel/framework/src/Illuminate/Database/Eloquent/Model.php(1924): Illuminate\\Database\\Eloquent\\Model->withoutRecursion()
#9 /var/www/html/vendor/laravel/framework/src/Illuminate/Collections/Traits/EnumeratesValues.php(978): Illuminate\\Database\\Eloquent\\Model->toArray()
#10 [internal function]: Illuminate\\Support\\Collection->{closure:Illuminate\\Support\\Traits\\EnumeratesValues::toArray():978}()
#11 /var/www/html/vendor/laravel/framework/src/Illuminate/Collections/Arr.php(841): array_map()
#12 /var/www/html/vendor/laravel/framework/src/Illuminate/Collections/Collection.php(815): Illuminate\\Support\\Arr::map()
#13 /var/www/html/vendor/laravel/framework/src/Illuminate/Database/Eloquent/Collection.php(421): Illuminate\\Support\\Collection->map()
#14 /var/www/html/vendor/laravel/framework/src/Illuminate/Collections/Traits/EnumeratesValues.php(978): Illuminate\\Database\\Eloquent\\Collection->map()
#15 /var/www/html/vendor/inertiajs/inertia-laravel/src/PropsResolver.php(429): Illuminate\\Support\\Collection->toArray()
#16 /var/www/html/vendor/inertiajs/inertia-laravel/src/PropsResolver.php(262): Inertia\\PropsResolver->resolveValue()
#17 /var/www/html/vendor/inertiajs/inertia-laravel/src/PropsResolver.php(158): Inertia\\PropsResolver->resolveProps()
#18 /var/www/html/vendor/inertiajs/inertia-laravel/src/Response.php(189): Inertia\\PropsResolver->resolve()
#19 /var/www/html/vendor/laravel/framework/src/Illuminate/Routing/Router.php(921): Inertia\\Response->toResponse()
#20 /var/www/html/vendor/laravel/framework/src/Illuminate/Routing/Router.php(906): Illuminate\\Routing\\Router::toResponse()
#21 /var/www/html/vendor/laravel/framework/src/Illuminate/Routing/Router.php(821): Illuminate\\Routing\\Router->prepareResponse()
#22 /var/www/html/vendor/laravel/framework/src/Illuminate/Pipeline/Pipeline.php(180): Illuminate\\Routing\\Router->{closure:Illuminate\\Routing\\Router::runRouteWithinStack():821}()
#23 /var/www/html/vendor/spatie/laravel-permission/src/Middleware/PermissionMiddleware.php(41): Illuminate\\Pipeline\\Pipeline->{closure:Illuminate\\Pipeline\\Pipeline::prepareDestination():178}()
#24 /var/www/html/vendor/laravel/framework/src/Illuminate/Pipeline/Pipeline.php(219): Spatie\\Permission\\Middleware\\PermissionMiddleware->handle()
#25 /var/www/html/vendor/laravel/framework/src/Illuminate/Auth/Middleware/EnsureEmailIsVerified.php(41): Illuminate\\Pipeline\\Pipeline->{closure:{closure:Illuminate\\Pipeline\\Pipeline::carry():194}:195}()
#26 /var/www/html/vendor/laravel/framework/src/Illuminate/Pipeline/Pipeline.php(219): Illuminate\\Auth\\Middleware\\EnsureEmailIsVerified->handle()
#27 /var/www/html/vendor/laravel/framework/src/Illuminate/Http/Middleware/AddLinkHeadersForPreloadedAssets.php(32): Illuminate\\Pipeline\\Pipeline->{closure:{closure:Illuminate\\Pipeline\\Pipeline::carry():194}:195}()
#28 /var/www/html/vendor/laravel/framework/src/Illuminate/Pipeline/Pipeline.php(219): Illuminate\\Http\\Middleware\\AddLinkHeadersForPreloadedAssets->handle()
#29 /var/www/html/vendor/inertiajs/inertia-laravel/src/Middleware.php(138): Illuminate\\Pipeline\\Pipeline->{closure:{closure:Illuminate\\Pipeline\\Pipeline::carry():194}:195}()
#30 /var/www/html/vendor/laravel/framework/src/Illuminate/Pipeline/Pipeline.php(219): Inertia\\Middleware->handle()
#31 /var/www/html/app/Http/Middleware/HandleAppearance.php(21): Illuminate\\Pipeline\\Pipeline->{closure:{closure:Illuminate\\Pipeline\\Pipeline::carry():194}:195}()
#32 /var/www/html/vendor/laravel/framework/src/Illuminate/Pipeline/Pipeline.php(219): App\\Http\\Middleware\\HandleAppearance->handle()
#33 /var/www/html/vendor/laravel/framework/src/Illuminate/Routing/Middleware/SubstituteBindings.php(52): Illuminate\\Pipeline\\Pipeline->{closure:{closure:Illuminate\\Pipeline\\Pipeline::carry():194}:195}()
#34 /var/www/html/vendor/laravel/framework/src/Illuminate/Pipeline/Pipeline.php(219): Illuminate\\Routing\\Middleware\\SubstituteBindings->handle()
#35 /var/www/html/vendor/laravel/framework/src/Illuminate/Auth/Middleware/Authenticate.php(63): Illuminate\\Pipeline\\Pipeline->{closure:{closure:Illuminate\\Pipeline\\Pipeline::carry():194}:195}()
#36 /var/www/html/vendor/laravel/framework/src/Illuminate/Pipeline/Pipeline.php(219): Illuminate\\Auth\\Middleware\\Authenticate->handle()
#37 /var/www/html/vendor/laravel/framework/src/Illuminate/Foundation/Http/Middleware/PreventRequestForgery.php(104): Illuminate\\Pipeline\\Pipeline->{closure:{closure:Illuminate\\Pipeline\\Pipeline::carry():194}:195}()
#38 /var/www/html/vendor/laravel/framework/src/Illuminate/Pipeline/Pipeline.php(219): Illuminate\\Foundation\\Http\\Middleware\\PreventRequestForgery->handle()
#39 /var/www/html/vendor/laravel/framework/src/Illuminate/View/Middleware/ShareErrorsFromSession.php(48): Illuminate\\Pipeline\\Pipeline->{closure:{closure:Illuminate\\Pipeline\\Pipeline::carry():194}:195}()
#40 /var/www/html/vendor/laravel/framework/src/Illuminate/Pipeline/Pipeline.php(219): Illuminate\\View\\Middleware\\ShareErrorsFromSession->handle()
#41 /var/www/html/vendor/laravel/framework/src/Illuminate/Session/Middleware/StartSession.php(120): Illuminate\\Pipeline\\Pipeline->{closure:{closure:Illuminate\\Pipeline\\Pipeline::carry():194}:195}()
#42 /var/www/html/vendor/laravel/framework/src/Illuminate/Session/Middleware/StartSession.php(63): Illuminate\\Session\\Middleware\\StartSession->handleStatefulRequest()
#43 /var/www/html/vendor/laravel/framework/src/Illuminate/Pipeline/Pipeline.php(219): Illuminate\\Session\\Middleware\\StartSession->handle()
#44 /var/www/html/vendor/laravel/framework/src/Illuminate/Cookie/Middleware/AddQueuedCookiesToResponse.php(36): Illuminate\\Pipeline\\Pipeline->{closure:{closure:Illuminate\\Pipeline\\Pipeline::carry():194}:195}()
#45 /var/www/html/vendor/laravel/framework/src/Illuminate/Pipeline/Pipeline.php(219): Illuminate\\Cookie\\Middleware\\AddQueuedCookiesToResponse->handle()
#46 /var/www/html/vendor/laravel/framework/src/Illuminate/Cookie/Middleware/EncryptCookies.php(74): Illuminate\\Pipeline\\Pipeline->{closure:{closure:Illuminate\\Pipeline\\Pipeline::carry():194}:195}()
#47 /var/www/html/vendor/laravel/framework/src/Illuminate/Pipeline/Pipeline.php(219): Illuminate\\Cookie\\Middleware\\EncryptCookies->handle()
#48 /var/www/html/vendor/laravel/framework/src/Illuminate/Pipeline/Pipeline.php(137): Illuminate\\Pipeline\\Pipeline->{closure:{closure:Illuminate\\Pipeline\\Pipeline::carry():194}:195}()
#49 /var/www/html/vendor/laravel/framework/src/Illuminate/Routing/Router.php(821): Illuminate\\Pipeline\\Pipeline->then()
#50 /var/www/html/vendor/laravel/framework/src/Illuminate/Routing/Router.php(800): Illuminate\\Routing\\Router->runRouteWithinStack()
#51 /var/www/html/vendor/laravel/framework/src/Illuminate/Routing/Router.php(764): Illuminate\\Routing\\Router->runRoute()
#52 /var/www/html/vendor/laravel/framework/src/Illuminate/Routing/Router.php(753): Illuminate\\Routing\\Router->dispatchToRoute()
#53 /var/www/html/vendor/laravel/framework/src/Illuminate/Foundation/Http/Kernel.php(200): Illuminate\\Routing\\Router->dispatch()
#54 /var/www/html/vendor/laravel/framework/src/Illuminate/Pipeline/Pipeline.php(180): Illuminate\\Foundation\\Http\\Kernel->{closure:Illuminate\\Foundation\\Http\\Kernel::dispatchToRouter():197}()
#55 /var/www/html/vendor/laravel/framework/src/Illuminate/Foundation/Http/Middleware/TransformsRequest.php(21): Illuminate\\Pipeline\\Pipeline->{closure:Illuminate\\Pipeline\\Pipeline::prepareDestination():178}()
#56 /var/www/html/vendor/laravel/framework/src/Illuminate/Foundation/Http/Middleware/ConvertEmptyStringsToNull.php(31): Illuminate\\Foundation\\Http\\Middleware\\TransformsRequest->handle()
#57 /var/www/html/vendor/laravel/framework/src/Illuminate/Pipeline/Pipeline.php(219): Illuminate\\Foundation\\Http\\Middleware\\ConvertEmptyStringsToNull->handle()
#58 /var/www/html/vendor/laravel/framework/src/Illuminate/Foundation/Http/Middleware/TransformsRequest.php(21): Illuminate\\Pipeline\\Pipeline->{closure:{closure:Illuminate\\Pipeline\\Pipeline::carry():194}:195}()
#59 /var/www/html/vendor/laravel/framework/src/Illuminate/Foundation/Http/Middleware/TrimStrings.php(51): Illuminate\\Foundation\\Http\\Middleware\\TransformsRequest->handle()
#60 /var/www/html/vendor/laravel/framework/src/Illuminate/Pipeline/Pipeline.php(219): Illuminate\\Foundation\\Http\\Middleware\\TrimStrings->handle()
#61 /var/www/html/vendor/laravel/framework/src/Illuminate/Http/Middleware/ValidatePostSize.php(27): Illuminate\\Pipeline\\Pipeline->{closure:{closure:Illuminate\\Pipeline\\Pipeline::carry():194}:195}()
#62 /var/www/html/vendor/laravel/framework/src/Illuminate/Pipeline/Pipeline.php(219): Illuminate\\Http\\Middleware\\ValidatePostSize->handle()
#63 /var/www/html/vendor/laravel/framework/src/Illuminate/Foundation/Http/Middleware/PreventRequestsDuringMaintenance.php(109): Illuminate\\Pipeline\\Pipeline->{closure:{closure:Illuminate\\Pipeline\\Pipeline::carry():194}:195}()
#64 /var/www/html/vendor/laravel/framework/src/Illuminate/Pipeline/Pipeline.php(219): Illuminate\\Foundation\\Http\\Middleware\\PreventRequestsDuringMaintenance->handle()
#65 /var/www/html/vendor/laravel/framework/src/Illuminate/Http/Middleware/HandleCors.php(61): Illuminate\\Pipeline\\Pipeline->{closure:{closure:Illuminate\\Pipeline\\Pipeline::carry():194}:195}()
#66 /var/www/html/vendor/laravel/framework/src/Illuminate/Pipeline/Pipeline.php(219): Illuminate\\Http\\Middleware\\HandleCors->handle()
#67 /var/www/html/vendor/laravel/framework/src/Illuminate/Http/Middleware/TrustProxies.php(58): Illuminate\\Pipeline\\Pipeline->{closure:{closure:Illuminate\\Pipeline\\Pipeline::carry():194}:195}()
#68 /var/www/html/vendor/laravel/framework/src/Illuminate/Pipeline/Pipeline.php(219): Illuminate\\Http\\Middleware\\TrustProxies->handle()
#69 /var/www/html/vendor/laravel/framework/src/Illuminate/Foundation/Http/Middleware/InvokeDeferredCallbacks.php(22): Illuminate\\Pipeline\\Pipeline->{closure:{closure:Illuminate\\Pipeline\\Pipeline::carry():194}:195}()
#70 /var/www/html/vendor/laravel/framework/src/Illuminate/Pipeline/Pipeline.php(219): Illuminate\\Foundation\\Http\\Middleware\\InvokeDeferredCallbacks->handle()
#71 /var/www/html/vendor/laravel/framework/src/Illuminate/Http/Middleware/ValidatePathEncoding.php(28): Illuminate\\Pipeline\\Pipeline->{closure:{closure:Illuminate\\Pipeline\\Pipeline::carry():194}:195}()
#72 /var/www/html/vendor/laravel/framework/src/Illuminate/Pipeline/Pipeline.php(219): Illuminate\\Http\\Middleware\\ValidatePathEncoding->handle()
#73 /var/www/html/vendor/laravel/framework/src/Illuminate/Pipeline/Pipeline.php(137): Illuminate\\Pipeline\\Pipeline->{closure:{closure:Illuminate\\Pipeline\\Pipeline::carry():194}:195}()
#74 /var/www/html/vendor/laravel/framework/src/Illuminate/Foundation/Http/Kernel.php(175): Illuminate\\Pipeline\\Pipeline->then()
#75 /var/www/html/vendor/laravel/framework/src/Illuminate/Foundation/Http/Kernel.php(144): Illuminate\\Foundation\\Http\\Kernel->sendRequestThroughRouter()
#76 /var/www/html/vendor/laravel/framework/src/Illuminate/Foundation/Application.php(1220): Illuminate\\Foundation\\Http\\Kernel->handle()
#77 /var/www/html/public/index.php(20): Illuminate\\Foundation\\Application->handleRequest()
#78 /var/www/html/vendor/laravel/framework/src/Illuminate/Foundation/resources/server.php(23): require_once('...')
#79 {main}
"} 
[2026-08-08 08:17:33] local.ERROR: Undefined array key "avatar" {"userId":1,"exception":"[object] (ErrorException(code: 0): Undefined array key \"avatar\" at /var/www/html/app/Models/User.php:34)
[stacktrace]
#0 /var/www/html/vendor/laravel/framework/src/Illuminate/Foundation/Bootstrap/HandleExceptions.php(258): Illuminate\\Foundation\\Bootstrap\\HandleExceptions->handleError()
#1 /var/www/html/app/Models/User.php(34): Illuminate\\Foundation\\Bootstrap\\HandleExceptions->{closure:Illuminate\\Foundation\\Bootstrap\\HandleExceptions::forwardsTo():257}()
#2 /var/www/html/vendor/laravel/framework/src/Illuminate/Database/Eloquent/Concerns/HasAttributes.php(733): App\\Models\\User->getAvatarUrlAttribute()
#3 /var/www/html/vendor/laravel/framework/src/Illuminate/Database/Eloquent/Concerns/HasAttributes.php(785): Illuminate\\Database\\Eloquent\\Model->mutateAttribute()
#4 /var/www/html/vendor/laravel/framework/src/Illuminate/Database/Eloquent/Concerns/HasAttributes.php(251): Illuminate\\Database\\Eloquent\\Model->mutateAttributeForArray()
#5 /var/www/html/vendor/laravel/framework/src/Illuminate/Database/Eloquent/Model.php(1925): Illuminate\\Database\\Eloquent\\Model->attributesToArray()
#6 [internal function]: Illuminate\\Database\\Eloquent\\Model->{closure:Illuminate\\Database\\Eloquent\\Model::toArray():1925}()
#7 /var/www/html/vendor/laravel/framework/src/Illuminate/Database/Eloquent/Concerns/PreventsCircularRecursion.php(46): call_user_func()
#8 /var/www/html/vendor/laravel/framework/src/Illuminate/Database/Eloquent/Model.php(1924): Illuminate\\Database\\Eloquent\\Model->withoutRecursion()
#9 /var/www/html/vendor/laravel/framework/src/Illuminate/Collections/Traits/EnumeratesValues.php(978): Illuminate\\Database\\Eloquent\\Model->toArray()
#10 [internal function]: Illuminate\\Support\\Collection->{closure:Illuminate\\Support\\Traits\\EnumeratesValues::toArray():978}()
#11 /var/www/html/vendor/laravel/framework/src/Illuminate/Collections/Arr.php(841): array_map()
#12 /var/www/html/vendor/laravel/framework/src/Illuminate/Collections/Collection.php(815): Illuminate\\Support\\Arr::map()
#13 /var/www/html/vendor/laravel/framework/src/Illuminate/Database/Eloquent/Collection.php(421): Illuminate\\Support\\Collection->map()
#14 /var/www/html/vendor/laravel/framework/src/Illuminate/Collections/Traits/EnumeratesValues.php(978): Illuminate\\Database\\Eloquent\\Collection->map()
#15 /var/www/html/vendor/inertiajs/inertia-laravel/src/PropsResolver.php(429): Illuminate\\Support\\Collection->toArray()
#16 /var/www/html/vendor/inertiajs/inertia-laravel/src/PropsResolver.php(262): Inertia\\PropsResolver->resolveValue()
#17 /var/www/html/vendor/inertiajs/inertia-laravel/src/PropsResolver.php(158): Inertia\\PropsResolver->resolveProps()
#18 /var/www/html/vendor/inertiajs/inertia-laravel/src/Response.php(189): Inertia\\PropsResolver->resolve()
#19 /var/www/html/vendor/laravel/framework/src/Illuminate/Routing/Router.php(921): Inertia\\Response->toResponse()
#20 /var/www/html/vendor/laravel/framework/src/Illuminate/Routing/Router.php(906): Illuminate\\Routing\\Router::toResponse()
#21 /var/www/html/vendor/laravel/framework/src/Illuminate/Routing/Router.php(821): Illuminate\\Routing\\Router->prepareResponse()
#22 /var/www/html/vendor/laravel/framework/src/Illuminate/Pipeline/Pipeline.php(180): Illuminate\\Routing\\Router->{closure:Illuminate\\Routing\\Router::runRouteWithinStack():821}()
#23 /var/www/html/vendor/spatie/laravel-permission/src/Middleware/PermissionMiddleware.php(41): Illuminate\\Pipeline\\Pipeline->{closure:Illuminate\\Pipeline\\Pipeline::prepareDestination():178}()
#24 /var/www/html/vendor/laravel/framework/src/Illuminate/Pipeline/Pipeline.php(219): Spatie\\Permission\\Middleware\\PermissionMiddleware->handle()
#25 /var/www/html/vendor/laravel/framework/src/Illuminate/Auth/Middleware/EnsureEmailIsVerified.php(41): Illuminate\\Pipeline\\Pipeline->{closure:{closure:Illuminate\\Pipeline\\Pipeline::carry():194}:195}()
#26 /var/www/html/vendor/laravel/framework/src/Illuminate/Pipeline/Pipeline.php(219): Illuminate\\Auth\\Middleware\\EnsureEmailIsVerified->handle()
#27 /var/www/html/vendor/laravel/framework/src/Illuminate/Http/Middleware/AddLinkHeadersForPreloadedAssets.php(32): Illuminate\\Pipeline\\Pipeline->{closure:{closure:Illuminate\\Pipeline\\Pipeline::carry():194}:195}()
#28 /var/www/html/vendor/laravel/framework/src/Illuminate/Pipeline/Pipeline.php(219): Illuminate\\Http\\Middleware\\AddLinkHeadersForPreloadedAssets->handle()
#29 /var/www/html/vendor/inertiajs/inertia-laravel/src/Middleware.php(138): Illuminate\\Pipeline\\Pipeline->{closure:{closure:Illuminate\\Pipeline\\Pipeline::carry():194}:195}()
#30 /var/www/html/vendor/laravel/framework/src/Illuminate/Pipeline/Pipeline.php(219): Inertia\\Middleware->handle()
#31 /var/www/html/app/Http/Middleware/HandleAppearance.php(21): Illuminate\\Pipeline\\Pipeline->{closure:{closure:Illuminate\\Pipeline\\Pipeline::carry():194}:195}()
#32 /var/www/html/vendor/laravel/framework/src/Illuminate/Pipeline/Pipeline.php(219): App\\Http\\Middleware\\HandleAppearance->handle()
#33 /var/www/html/vendor/laravel/framework/src/Illuminate/Routing/Middleware/SubstituteBindings.php(52): Illuminate\\Pipeline\\Pipeline->{closure:{closure:Illuminate\\Pipeline\\Pipeline::carry():194}:195}()
#34 /var/www/html/vendor/laravel/framework/src/Illuminate/Pipeline/Pipeline.php(219): Illuminate\\Routing\\Middleware\\SubstituteBindings->handle()
#35 /var/www/html/vendor/laravel/framework/src/Illuminate/Auth/Middleware/Authenticate.php(63): Illuminate\\Pipeline\\Pipeline->{closure:{closure:Illuminate\\Pipeline\\Pipeline::carry():194}:195}()
#36 /var/www/html/vendor/laravel/framework/src/Illuminate/Pipeline/Pipeline.php(219): Illuminate\\Auth\\Middleware\\Authenticate->handle()
#37 /var/www/html/vendor/laravel/framework/src/Illuminate/Foundation/Http/Middleware/PreventRequestForgery.php(104): Illuminate\\Pipeline\\Pipeline->{closure:{closure:Illuminate\\Pipeline\\Pipeline::carry():194}:195}()
#38 /var/www/html/vendor/laravel/framework/src/Illuminate/Pipeline/Pipeline.php(219): Illuminate\\Foundation\\Http\\Middleware\\PreventRequestForgery->handle()
#39 /var/www/html/vendor/laravel/framework/src/Illuminate/View/Middleware/ShareErrorsFromSession.php(48): Illuminate\\Pipeline\\Pipeline->{closure:{closure:Illuminate\\Pipeline\\Pipeline::carry():194}:195}()
#40 /var/www/html/vendor/laravel/framework/src/Illuminate/Pipeline/Pipeline.php(219): Illuminate\\View\\Middleware\\ShareErrorsFromSession->handle()
#41 /var/www/html/vendor/laravel/framework/src/Illuminate/Session/Middleware/StartSession.php(120): Illuminate\\Pipeline\\Pipeline->{closure:{closure:Illuminate\\Pipeline\\Pipeline::carry():194}:195}()
#42 /var/www/html/vendor/laravel/framework/src/Illuminate/Session/Middleware/StartSession.php(63): Illuminate\\Session\\Middleware\\StartSession->handleStatefulRequest()
#43 /var/www/html/vendor/laravel/framework/src/Illuminate/Pipeline/Pipeline.php(219): Illuminate\\Session\\Middleware\\StartSession->handle()
#44 /var/www/html/vendor/laravel/framework/src/Illuminate/Cookie/Middleware/AddQueuedCookiesToResponse.php(36): Illuminate\\Pipeline\\Pipeline->{closure:{closure:Illuminate\\Pipeline\\Pipeline::carry():194}:195}()
#45 /var/www/html/vendor/laravel/framework/src/Illuminate/Pipeline/Pipeline.php(219): Illuminate\\Cookie\\Middleware\\AddQueuedCookiesToResponse->handle()
#46 /var/www/html/vendor/laravel/framework/src/Illuminate/Cookie/Middleware/EncryptCookies.php(74): Illuminate\\Pipeline\\Pipeline->{closure:{closure:Illuminate\\Pipeline\\Pipeline::carry():194}:195}()
#47 /var/www/html/vendor/laravel/framework/src/Illuminate/Pipeline/Pipeline.php(219): Illuminate\\Cookie\\Middleware\\EncryptCookies->handle()
#48 /var/www/html/vendor/laravel/framework/src/Illuminate/Pipeline/Pipeline.php(137): Illuminate\\Pipeline\\Pipeline->{closure:{closure:Illuminate\\Pipeline\\Pipeline::carry():194}:195}()
#49 /var/www/html/vendor/laravel/framework/src/Illuminate/Routing/Router.php(821): Illuminate\\Pipeline\\Pipeline->then()
#50 /var/www/html/vendor/laravel/framework/src/Illuminate/Routing/Router.php(800): Illuminate\\Routing\\Router->runRouteWithinStack()
#51 /var/www/html/vendor/laravel/framework/src/Illuminate/Routing/Router.php(764): Illuminate\\Routing\\Router->runRoute()
#52 /var/www/html/vendor/laravel/framework/src/Illuminate/Routing/Router.php(753): Illuminate\\Routing\\Router->dispatchToRoute()
#53 /var/www/html/vendor/laravel/framework/src/Illuminate/Foundation/Http/Kernel.php(200): Illuminate\\Routing\\Router->dispatch()
#54 /var/www/html/vendor/laravel/framework/src/Illuminate/Pipeline/Pipeline.php(180): Illuminate\\Foundation\\Http\\Kernel->{closure:Illuminate\\Foundation\\Http\\Kernel::dispatchToRouter():197}()
#55 /var/www/html/vendor/laravel/framework/src/Illuminate/Foundation/Http/Middleware/TransformsRequest.php(21): Illuminate\\Pipeline\\Pipeline->{closure:Illuminate\\Pipeline\\Pipeline::prepareDestination():178}()
#56 /var/www/html/vendor/laravel/framework/src/Illuminate/Foundation/Http/Middleware/ConvertEmptyStringsToNull.php(31): Illuminate\\Foundation\\Http\\Middleware\\TransformsRequest->handle()
#57 /var/www/html/vendor/laravel/framework/src/Illuminate/Pipeline/Pipeline.php(219): Illuminate\\Foundation\\Http\\Middleware\\ConvertEmptyStringsToNull->handle()
#58 /var/www/html/vendor/laravel/framework/src/Illuminate/Foundation/Http/Middleware/TransformsRequest.php(21): Illuminate\\Pipeline\\Pipeline->{closure:{closure:Illuminate\\Pipeline\\Pipeline::carry():194}:195}()
#59 /var/www/html/vendor/laravel/framework/src/Illuminate/Foundation/Http/Middleware/TrimStrings.php(51): Illuminate\\Foundation\\Http\\Middleware\\TransformsRequest->handle()
#60 /var/www/html/vendor/laravel/framework/src/Illuminate/Pipeline/Pipeline.php(219): Illuminate\\Foundation\\Http\\Middleware\\TrimStrings->handle()
#61 /var/www/html/vendor/laravel/framework/src/Illuminate/Http/Middleware/ValidatePostSize.php(27): Illuminate\\Pipeline\\Pipeline->{closure:{closure:Illuminate\\Pipeline\\Pipeline::carry():194}:195}()
#62 /var/www/html/vendor/laravel/framework/src/Illuminate/Pipeline/Pipeline.php(219): Illuminate\\Http\\Middleware\\ValidatePostSize->handle()
#63 /var/www/html/vendor/laravel/framework/src/Illuminate/Foundation/Http/Middleware/PreventRequestsDuringMaintenance.php(109): Illuminate\\Pipeline\\Pipeline->{closure:{closure:Illuminate\\Pipeline\\Pipeline::carry():194}:195}()
#64 /var/www/html/vendor/laravel/framework/src/Illuminate/Pipeline/Pipeline.php(219): Illuminate\\Foundation\\Http\\Middleware\\PreventRequestsDuringMaintenance->handle()
#65 /var/www/html/vendor/laravel/framework/src/Illuminate/Http/Middleware/HandleCors.php(61): Illuminate\\Pipeline\\Pipeline->{closure:{closure:Illuminate\\Pipeline\\Pipeline::carry():194}:195}()
#66 /var/www/html/vendor/laravel/framework/src/Illuminate/Pipeline/Pipeline.php(219): Illuminate\\Http\\Middleware\\HandleCors->handle()
#67 /var/www/html/vendor/laravel/framework/src/Illuminate/Http/Middleware/TrustProxies.php(58): Illuminate\\Pipeline\\Pipeline->{closure:{closure:Illuminate\\Pipeline\\Pipeline::carry():194}:195}()
#68 /var/www/html/vendor/laravel/framework/src/Illuminate/Pipeline/Pipeline.php(219): Illuminate\\Http\\Middleware\\TrustProxies->handle()
#69 /var/www/html/vendor/laravel/framework/src/Illuminate/Foundation/Http/Middleware/InvokeDeferredCallbacks.php(22): Illuminate\\Pipeline\\Pipeline->{closure:{closure:Illuminate\\Pipeline\\Pipeline::carry():194}:195}()
#70 /var/www/html/vendor/laravel/framework/src/Illuminate/Pipeline/Pipeline.php(219): Illuminate\\Foundation\\Http\\Middleware\\InvokeDeferredCallbacks->handle()
#71 /var/www/html/vendor/laravel/framework/src/Illuminate/Http/Middleware/ValidatePathEncoding.php(28): Illuminate\\Pipeline\\Pipeline->{closure:{closure:Illuminate\\Pipeline\\Pipeline::carry():194}:195}()
#72 /var/www/html/vendor/laravel/framework/src/Illuminate/Pipeline/Pipeline.php(219): Illuminate\\Http\\Middleware\\ValidatePathEncoding->handle()
#73 /var/www/html/vendor/laravel/framework/src/Illuminate/Pipeline/Pipeline.php(137): Illuminate\\Pipeline\\Pipeline->{closure:{closure:Illuminate\\Pipeline\\Pipeline::carry():194}:195}()
#74 /var/www/html/vendor/laravel/framework/src/Illuminate/Foundation/Http/Kernel.php(175): Illuminate\\Pipeline\\Pipeline->then()
#75 /var/www/html/vendor/laravel/framework/src/Illuminate/Foundation/Http/Kernel.php(144): Illuminate\\Foundation\\Http\\Kernel->sendRequestThroughRouter()
#76 /var/www/html/vendor/laravel/framework/src/Illuminate/Foundation/Application.php(1220): Illuminate\\Foundation\\Http\\Kernel->handle()
#77 /var/www/html/public/index.php(20): Illuminate\\Foundation\\Application->handleRequest()
#78 /var/www/html/vendor/laravel/framework/src/Illuminate/Foundation/resources/server.php(23): require_once('...')
#79 {main}
"} 
[2026-08-08 08:18:11] local.ERROR: Undefined array key "avatar" {"userId":1,"exception":"[object] (ErrorException(code: 0): Undefined array key \"avatar\" at /var/www/html/app/Models/User.php:34)
[stacktrace]
#0 /var/www/html/vendor/laravel/framework/src/Illuminate/Foundation/Bootstrap/HandleExceptions.php(258): Illuminate\\Foundation\\Bootstrap\\HandleExceptions->handleError()
#1 /var/www/html/app/Models/User.php(34): Illuminate\\Foundation\\Bootstrap\\HandleExceptions->{closure:Illuminate\\Foundation\\Bootstrap\\HandleExceptions::forwardsTo():257}()
#2 /var/www/html/vendor/laravel/framework/src/Illuminate/Database/Eloquent/Concerns/HasAttributes.php(733): App\\Models\\User->getAvatarUrlAttribute()
#3 /var/www/html/vendor/laravel/framework/src/Illuminate/Database/Eloquent/Concerns/HasAttributes.php(785): Illuminate\\Database\\Eloquent\\Model->mutateAttribute()
#4 /var/www/html/vendor/laravel/framework/src/Illuminate/Database/Eloquent/Concerns/HasAttributes.php(251): Illuminate\\Database\\Eloquent\\Model->mutateAttributeForArray()
#5 /var/www/html/vendor/laravel/framework/src/Illuminate/Database/Eloquent/Model.php(1925): Illuminate\\Database\\Eloquent\\Model->attributesToArray()
#6 [internal function]: Illuminate\\Database\\Eloquent\\Model->{closure:Illuminate\\Database\\Eloquent\\Model::toArray():1925}()
#7 /var/www/html/vendor/laravel/framework/src/Illuminate/Database/Eloquent/Concerns/PreventsCircularRecursion.php(46): call_user_func()
#8 /var/www/html/vendor/laravel/framework/src/Illuminate/Database/Eloquent/Model.php(1924): Illuminate\\Database\\Eloquent\\Model->withoutRecursion()
#9 /var/www/html/vendor/laravel/framework/src/Illuminate/Collections/Traits/EnumeratesValues.php(978): Illuminate\\Database\\Eloquent\\Model->toArray()
#10 [internal function]: Illuminate\\Support\\Collection->{closure:Illuminate\\Support\\Traits\\EnumeratesValues::toArray():978}()
#11 /var/www/html/vendor/laravel/framework/src/Illuminate/Collections/Arr.php(841): array_map()
#12 /var/www/html/vendor/laravel/framework/src/Illuminate/Collections/Collection.php(815): Illuminate\\Support\\Arr::map()
#13 /var/www/html/vendor/laravel/framework/src/Illuminate/Database/Eloquent/Collection.php(421): Illuminate\\Support\\Collection->map()
#14 /var/www/html/vendor/laravel/framework/src/Illuminate/Collections/Traits/EnumeratesValues.php(978): Illuminate\\Database\\Eloquent\\Collection->map()
#15 /var/www/html/vendor/inertiajs/inertia-laravel/src/PropsResolver.php(429): Illuminate\\Support\\Collection->toArray()
#16 /var/www/html/vendor/inertiajs/inertia-laravel/src/PropsResolver.php(262): Inertia\\PropsResolver->resolveValue()
#17 /var/www/html/vendor/inertiajs/inertia-laravel/src/PropsResolver.php(158): Inertia\\PropsResolver->resolveProps()
#18 /var/www/html/vendor/inertiajs/inertia-laravel/src/Response.php(189): Inertia\\PropsResolver->resolve()
#19 /var/www/html/vendor/laravel/framework/src/Illuminate/Routing/Router.php(921): Inertia\\Response->toResponse()
#20 /var/www/html/vendor/laravel/framework/src/Illuminate/Routing/Router.php(906): Illuminate\\Routing\\Router::toResponse()
#21 /var/www/html/vendor/laravel/framework/src/Illuminate/Routing/Router.php(821): Illuminate\\Routing\\Router->prepareResponse()
#22 /var/www/html/vendor/laravel/framework/src/Illuminate/Pipeline/Pipeline.php(180): Illuminate\\Routing\\Router->{closure:Illuminate\\Routing\\Router::runRouteWithinStack():821}()
#23 /var/www/html/vendor/spatie/laravel-permission/src/Middleware/PermissionMiddleware.php(41): Illuminate\\Pipeline\\Pipeline->{closure:Illuminate\\Pipeline\\Pipeline::prepareDestination():178}()
#24 /var/www/html/vendor/laravel/framework/src/Illuminate/Pipeline/Pipeline.php(219): Spatie\\Permission\\Middleware\\PermissionMiddleware->handle()
#25 /var/www/html/vendor/laravel/framework/src/Illuminate/Auth/Middleware/EnsureEmailIsVerified.php(41): Illuminate\\Pipeline\\Pipeline->{closure:{closure:Illuminate\\Pipeline\\Pipeline::carry():194}:195}()
#26 /var/www/html/vendor/laravel/framework/src/Illuminate/Pipeline/Pipeline.php(219): Illuminate\\Auth\\Middleware\\EnsureEmailIsVerified->handle()
#27 /var/www/html/vendor/laravel/framework/src/Illuminate/Http/Middleware/AddLinkHeadersForPreloadedAssets.php(32): Illuminate\\Pipeline\\Pipeline->{closure:{closure:Illuminate\\Pipeline\\Pipeline::carry():194}:195}()
#28 /var/www/html/vendor/laravel/framework/src/Illuminate/Pipeline/Pipeline.php(219): Illuminate\\Http\\Middleware\\AddLinkHeadersForPreloadedAssets->handle()
#29 /var/www/html/vendor/inertiajs/inertia-laravel/src/Middleware.php(138): Illuminate\\Pipeline\\Pipeline->{closure:{closure:Illuminate\\Pipeline\\Pipeline::carry():194}:195}()
#30 /var/www/html/vendor/laravel/framework/src/Illuminate/Pipeline/Pipeline.php(219): Inertia\\Middleware->handle()
#31 /var/www/html/app/Http/Middleware/HandleAppearance.php(21): Illuminate\\Pipeline\\Pipeline->{closure:{closure:Illuminate\\Pipeline\\Pipeline::carry():194}:195}()
#32 /var/www/html/vendor/laravel/framework/src/Illuminate/Pipeline/Pipeline.php(219): App\\Http\\Middleware\\HandleAppearance->handle()
#33 /var/www/html/vendor/laravel/framework/src/Illuminate/Routing/Middleware/SubstituteBindings.php(52): Illuminate\\Pipeline\\Pipeline->{closure:{closure:Illuminate\\Pipeline\\Pipeline::carry():194}:195}()
#34 /var/www/html/vendor/laravel/framework/src/Illuminate/Pipeline/Pipeline.php(219): Illuminate\\Routing\\Middleware\\SubstituteBindings->handle()
#35 /var/www/html/vendor/laravel/framework/src/Illuminate/Auth/Middleware/Authenticate.php(63): Illuminate\\Pipeline\\Pipeline->{closure:{closure:Illuminate\\Pipeline\\Pipeline::carry():194}:195}()
#36 /var/www/html/vendor/laravel/framework/src/Illuminate/Pipeline/Pipeline.php(219): Illuminate\\Auth\\Middleware\\Authenticate->handle()
#37 /var/www/html/vendor/laravel/framework/src/Illuminate/Foundation/Http/Middleware/PreventRequestForgery.php(104): Illuminate\\Pipeline\\Pipeline->{closure:{closure:Illuminate\\Pipeline\\Pipeline::carry():194}:195}()
#38 /var/www/html/vendor/laravel/framework/src/Illuminate/Pipeline/Pipeline.php(219): Illuminate\\Foundation\\Http\\Middleware\\PreventRequestForgery->handle()
#39 /var/www/html/vendor/laravel/framework/src/Illuminate/View/Middleware/ShareErrorsFromSession.php(48): Illuminate\\Pipeline\\Pipeline->{closure:{closure:Illuminate\\Pipeline\\Pipeline::carry():194}:195}()
#40 /var/www/html/vendor/laravel/framework/src/Illuminate/Pipeline/Pipeline.php(219): Illuminate\\View\\Middleware\\ShareErrorsFromSession->handle()
#41 /var/www/html/vendor/laravel/framework/src/Illuminate/Session/Middleware/StartSession.php(120): Illuminate\\Pipeline\\Pipeline->{closure:{closure:Illuminate\\Pipeline\\Pipeline::carry():194}:195}()
#42 /var/www/html/vendor/laravel/framework/src/Illuminate/Session/Middleware/StartSession.php(63): Illuminate\\Session\\Middleware\\StartSession->handleStatefulRequest()
#43 /var/www/html/vendor/laravel/framework/src/Illuminate/Pipeline/Pipeline.php(219): Illuminate\\Session\\Middleware\\StartSession->handle()
#44 /var/www/html/vendor/laravel/framework/src/Illuminate/Cookie/Middleware/AddQueuedCookiesToResponse.php(36): Illuminate\\Pipeline\\Pipeline->{closure:{closure:Illuminate\\Pipeline\\Pipeline::carry():194}:195}()
#45 /var/www/html/vendor/laravel/framework/src/Illuminate/Pipeline/Pipeline.php(219): Illuminate\\Cookie\\Middleware\\AddQueuedCookiesToResponse->handle()
#46 /var/www/html/vendor/laravel/framework/src/Illuminate/Cookie/Middleware/EncryptCookies.php(74): Illuminate\\Pipeline\\Pipeline->{closure:{closure:Illuminate\\Pipeline\\Pipeline::carry():194}:195}()
#47 /var/www/html/vendor/laravel/framework/src/Illuminate/Pipeline/Pipeline.php(219): Illuminate\\Cookie\\Middleware\\EncryptCookies->handle()
#48 /var/www/html/vendor/laravel/framework/src/Illuminate/Pipeline/Pipeline.php(137): Illuminate\\Pipeline\\Pipeline->{closure:{closure:Illuminate\\Pipeline\\Pipeline::carry():194}:195}()
#49 /var/www/html/vendor/laravel/framework/src/Illuminate/Routing/Router.php(821): Illuminate\\Pipeline\\Pipeline->then()
#50 /var/www/html/vendor/laravel/framework/src/Illuminate/Routing/Router.php(800): Illuminate\\Routing\\Router->runRouteWithinStack()
#51 /var/www/html/vendor/laravel/framework/src/Illuminate/Routing/Router.php(764): Illuminate\\Routing\\Router->runRoute()
#52 /var/www/html/vendor/laravel/framework/src/Illuminate/Routing/Router.php(753): Illuminate\\Routing\\Router->dispatchToRoute()
#53 /var/www/html/vendor/laravel/framework/src/Illuminate/Foundation/Http/Kernel.php(200): Illuminate\\Routing\\Router->dispatch()
#54 /var/www/html/vendor/laravel/framework/src/Illuminate/Pipeline/Pipeline.php(180): Illuminate\\Foundation\\Http\\Kernel->{closure:Illuminate\\Foundation\\Http\\Kernel::dispatchToRouter():197}()
#55 /var/www/html/vendor/laravel/framework/src/Illuminate/Foundation/Http/Middleware/TransformsRequest.php(21): Illuminate\\Pipeline\\Pipeline->{closure:Illuminate\\Pipeline\\Pipeline::prepareDestination():178}()
#56 /var/www/html/vendor/laravel/framework/src/Illuminate/Foundation/Http/Middleware/ConvertEmptyStringsToNull.php(31): Illuminate\\Foundation\\Http\\Middleware\\TransformsRequest->handle()
#57 /var/www/html/vendor/laravel/framework/src/Illuminate/Pipeline/Pipeline.php(219): Illuminate\\Foundation\\Http\\Middleware\\ConvertEmptyStringsToNull->handle()
#58 /var/www/html/vendor/laravel/framework/src/Illuminate/Foundation/Http/Middleware/TransformsRequest.php(21): Illuminate\\Pipeline\\Pipeline->{closure:{closure:Illuminate\\Pipeline\\Pipeline::carry():194}:195}()
#59 /var/www/html/vendor/laravel/framework/src/Illuminate/Foundation/Http/Middleware/TrimStrings.php(51): Illuminate\\Foundation\\Http\\Middleware\\TransformsRequest->handle()
#60 /var/www/html/vendor/laravel/framework/src/Illuminate/Pipeline/Pipeline.php(219): Illuminate\\Foundation\\Http\\Middleware\\TrimStrings->handle()
#61 /var/www/html/vendor/laravel/framework/src/Illuminate/Http/Middleware/ValidatePostSize.php(27): Illuminate\\Pipeline\\Pipeline->{closure:{closure:Illuminate\\Pipeline\\Pipeline::carry():194}:195}()
#62 /var/www/html/vendor/laravel/framework/src/Illuminate/Pipeline/Pipeline.php(219): Illuminate\\Http\\Middleware\\ValidatePostSize->handle()
#63 /var/www/html/vendor/laravel/framework/src/Illuminate/Foundation/Http/Middleware/PreventRequestsDuringMaintenance.php(109): Illuminate\\Pipeline\\Pipeline->{closure:{closure:Illuminate\\Pipeline\\Pipeline::carry():194}:195}()
#64 /var/www/html/vendor/laravel/framework/src/Illuminate/Pipeline/Pipeline.php(219): Illuminate\\Foundation\\Http\\Middleware\\PreventRequestsDuringMaintenance->handle()
#65 /var/www/html/vendor/laravel/framework/src/Illuminate/Http/Middleware/HandleCors.php(61): Illuminate\\Pipeline\\Pipeline->{closure:{closure:Illuminate\\Pipeline\\Pipeline::carry():194}:195}()
#66 /var/www/html/vendor/laravel/framework/src/Illuminate/Pipeline/Pipeline.php(219): Illuminate\\Http\\Middleware\\HandleCors->handle()
#67 /var/www/html/vendor/laravel/framework/src/Illuminate/Http/Middleware/TrustProxies.php(58): Illuminate\\Pipeline\\Pipeline->{closure:{closure:Illuminate\\Pipeline\\Pipeline::carry():194}:195}()
#68 /var/www/html/vendor/laravel/framework/src/Illuminate/Pipeline/Pipeline.php(219): Illuminate\\Http\\Middleware\\TrustProxies->handle()
#69 /var/www/html/vendor/laravel/framework/src/Illuminate/Foundation/Http/Middleware/InvokeDeferredCallbacks.php(22): Illuminate\\Pipeline\\Pipeline->{closure:{closure:Illuminate\\Pipeline\\Pipeline::carry():194}:195}()
#70 /var/www/html/vendor/laravel/framework/src/Illuminate/Pipeline/Pipeline.php(219): Illuminate\\Foundation\\Http\\Middleware\\InvokeDeferredCallbacks->handle()
#71 /var/www/html/vendor/laravel/framework/src/Illuminate/Http/Middleware/ValidatePathEncoding.php(28): Illuminate\\Pipeline\\Pipeline->{closure:{closure:Illuminate\\Pipeline\\Pipeline::carry():194}:195}()
#72 /var/www/html/vendor/laravel/framework/src/Illuminate/Pipeline/Pipeline.php(219): Illuminate\\Http\\Middleware\\ValidatePathEncoding->handle()
#73 /var/www/html/vendor/laravel/framework/src/Illuminate/Pipeline/Pipeline.php(137): Illuminate\\Pipeline\\Pipeline->{closure:{closure:Illuminate\\Pipeline\\Pipeline::carry():194}:195}()
#74 /var/www/html/vendor/laravel/framework/src/Illuminate/Foundation/Http/Kernel.php(175): Illuminate\\Pipeline\\Pipeline->then()
#75 /var/www/html/vendor/laravel/framework/src/Illuminate/Foundation/Http/Kernel.php(144): Illuminate\\Foundation\\Http\\Kernel->sendRequestThroughRouter()
#76 /var/www/html/vendor/laravel/framework/src/Illuminate/Foundation/Application.php(1220): Illuminate\\Foundation\\Http\\Kernel->handle()
#77 /var/www/html/public/index.php(20): Illuminate\\Foundation\\Application->handleRequest()
#78 /var/www/html/vendor/laravel/framework/src/Illuminate/Foundation/resources/server.php(23): require_once('...')
#79 {main}
"} 
[2026-08-08 08:20:03] local.ERROR: mkdir(): File exists {"exception":"[object] (ErrorException(code: 0): mkdir(): File exists at /var/www/html/vendor/laravel/framework/src/Illuminate/Filesystem/Filesystem.php:662)
[stacktrace]
#0 /var/www/html/vendor/laravel/framework/src/Illuminate/Foundation/Bootstrap/HandleExceptions.php(258): Illuminate\\Foundation\\Bootstrap\\HandleExceptions->handleError()
#1 [internal function]: Illuminate\\Foundation\\Bootstrap\\HandleExceptions->{closure:Illuminate\\Foundation\\Bootstrap\\HandleExceptions::forwardsTo():257}()
#2 /var/www/html/vendor/laravel/framework/src/Illuminate/Filesystem/Filesystem.php(662): mkdir()
#3 /var/www/html/vendor/laravel/framework/src/Illuminate/Filesystem/Filesystem.php(643): Illuminate\\Filesystem\\Filesystem->makeDirectory()
#4 /var/www/html/vendor/laravel/wayfinder/src/GenerateCommand.php(127): Illuminate\\Filesystem\\Filesystem->ensureDirectoryExists()
#5 /var/www/html/vendor/laravel/wayfinder/src/GenerateCommand.php(97): Laravel\\Wayfinder\\GenerateCommand->writeContent()
#6 /var/www/html/vendor/laravel/framework/src/Illuminate/Container/BoundMethod.php(36): Laravel\\Wayfinder\\GenerateCommand->handle()
#7 /var/www/html/vendor/laravel/framework/src/Illuminate/Container/Util.php(43): Illuminate\\Container\\BoundMethod::{closure:Illuminate\\Container\\BoundMethod::call():35}()
#8 /var/www/html/vendor/laravel/framework/src/Illuminate/Container/BoundMethod.php(96): Illuminate\\Container\\Util::unwrapIfClosure()
#9 /var/www/html/vendor/laravel/framework/src/Illuminate/Container/BoundMethod.php(35): Illuminate\\Container\\BoundMethod::callBoundMethod()
#10 /var/www/html/vendor/laravel/framework/src/Illuminate/Container/Container.php(799): Illuminate\\Container\\BoundMethod::call()
#11 /var/www/html/vendor/laravel/framework/src/Illuminate/Console/Command.php(280): Illuminate\\Container\\Container->call()
#12 /var/www/html/vendor/symfony/console/Command/Command.php(341): Illuminate\\Console\\Command->execute()
#13 /var/www/html/vendor/laravel/framework/src/Illuminate/Console/Command.php(249): Symfony\\Component\\Console\\Command\\Command->run()
#14 /var/www/html/vendor/symfony/console/Application.php(1117): Illuminate\\Console\\Command->run()
#15 /var/www/html/vendor/symfony/console/Application.php(356): Symfony\\Component\\Console\\Application->doRunCommand()
#16 /var/www/html/vendor/symfony/console/Application.php(195): Symfony\\Component\\Console\\Application->doRun()
#17 /var/www/html/vendor/laravel/framework/src/Illuminate/Foundation/Console/Kernel.php(198): Symfony\\Component\\Console\\Application->run()
#18 /var/www/html/vendor/laravel/framework/src/Illuminate/Foundation/Application.php(1235): Illuminate\\Foundation\\Console\\Kernel->handle()
#19 /var/www/html/artisan(16): Illuminate\\Foundation\\Application->handleCommand()
#20 {main}
"} 
